Year,Authors,Title,label_Mathematical_Methods,label_ODEs,label_PDEs,label_Agent_Based_Models,label_Hybrid_Multiscale,label_ML_AI,label_Data_Technologies,label_MR_CT,label_DTI,label_Biopsies_Histopathology,label_Liquid_Biopsies,label_Omics,label_PET,label_Multiphoton_Imaging,label_Photoacoustics,label_in_vitro_mouse,label_Hallmarks,label_group_proliferation,label_cell-cycle,label_growth_rate,label_proliferation,label_group_invasion,label_chemotaxis-haptotaxis,label_invasion,label_migration,label_group_vasomodulation,label_angiogenesis,label_vasculature,label_BBB,label_group_evolution,label_carcinogenesis,label_clonal_evolution,label_stem_cells,label_tumorigenesis,label_group_epigenetics,label_epigenomics_epigenetics,label_group_metabolism,label_glycolysis,label_metabolism,label_group_microenvironment,label_brain_microenvironment,label_tumor_microenvironment,label_group_phenotypic_plasticity,label_phenotypic_plasticity,label_group_immune,label_immune,label_group_biomechanics,label_biomechanical,label_mechanobiology,Type,URL_or_DOI
2000,"AR Kansal, S Torquato, EA Chiocca, TS Deisboeck",Emergence of a subpopulation in a computational model of tumor growth,1,0,0,1,0,0,0,0,0,0,0,0,0,0,0,0,1,1,0,1,1,0,0,0,0,0,0,0,0,1,0,1,0,0,1,1,0,0,0,0,0,0,0,0,0,0,0,0,0,ARTICLE,https://doi.org/10.1006/jtbi.2000.2186
2000,"AR Kansal, S Torquato, GR Harsh IV, EA Chiocca, TS Deisboeck",Simulated brain tumor growth dynamics using a three-dimensional cellular automaton,1,0,0,1,1,0,0,0,0,0,0,0,0,0,0,0,1,1,0,1,1,0,0,0,0,0,0,0,0,1,0,1,0,0,0,0,0,0,0,0,0,0,0,0,0,0,1,1,1,ARTICLE,https://doi.org/10.1006/jtbi.2000.2000
2000,"KR Swanson, EC Alvord Jr, JD Murray",A quantitative model for differential motility of gliomas in gray and white matter,1,0,1,0,0,0,1,1,0,0,0,0,0,0,0,0,1,1,0,1,1,1,0,1,1,0,0,0,0,0,0,0,0,0,0,0,0,0,0,1,1,0,0,0,0,0,0,0,0,ARTICLE,https://doi.org/10.1046/j.1365-2184.2000.00177.x
2001,"JA Sherratt, MAJ Chaplain",A new mathematical model for avascular tumour growth,1,0,1,0,0,0,0,0,0,0,0,0,0,0,0,0,1,1,0,1,1,1,0,1,0,0,0,0,0,0,0,0,0,0,0,0,0,0,0,1,0,1,0,0,0,0,0,0,0,ARTICLE,https://doi.org/10.1007/s002850100088
2002,"JE Schmitz, AR Kansal, S Torquato",A cellular automaton model of brain tumor treatment and resistance,1,0,0,1,0,0,1,1,0,0,0,0,0,0,0,0,1,1,1,1,1,1,0,1,0,1,1,0,0,0,0,0,0,0,0,0,1,0,1,0,0,0,0,0,0,0,0,0,0,ARTICLE,https://doi.org/10.1080/1027366031000086674
2002,"KR Swanson, EC Alvord Jr, JD Murray",Quantifying efficacy of chemotherapy of brain tumors (gliomas) with homogeneous and heterogeneous drug delivery,1,0,1,0,0,0,1,1,0,0,0,0,0,0,0,0,1,1,0,1,1,1,0,1,1,0,0,0,0,0,0,0,0,0,0,0,0,0,0,1,1,0,0,0,0,0,0,0,0,ARTICLE,https://doi.org/10.1023/a:1022644031905
2002,"KR Swanson, EC Alvord Jr, JD Murray",Virtual brain tumors (gliomas) enhance the reality of medical imaging and highlights inadequacies of current therapy,1,0,1,0,0,0,1,1,0,0,0,0,0,0,0,0,1,1,0,1,1,1,0,1,1,0,0,0,0,0,0,0,0,0,0,0,0,0,0,1,1,0,0,0,0,0,0,0,0,ARTICLE,https://doi.org/10.1038/sj.bjc.6600021
2002,"LM Sander, TS Deisboeck",Growth patterns of microscopic brain tumours,1,0,1,1,0,0,0,0,0,0,0,0,0,0,0,0,1,1,0,1,1,1,1,1,1,0,0,0,0,0,0,0,0,0,0,0,0,0,0,1,1,0,0,0,0,0,0,0,0,ARTICLE,https://doi.org/10.1103/PhysRevE.66.051901
2002,"S Dormann, A Deutsch",Modeling of self-organized avascular tumor growth with a hybrid cellular automaton,1,0,0,1,1,0,0,0,0,0,0,0,0,0,0,1,1,1,0,1,0,1,0,1,1,1,1,0,0,0,0,0,0,0,0,0,1,0,1,0,0,0,0,0,1,1,0,0,0,ARTICLE,https://doi.org/10.3233/ISB-00058
2002,"S Turner, JA Sherratt",Intercellular adhesion and cancer invasion: a discrete simulation using the extended Potts model,1,0,0,1,0,0,0,0,0,0,0,0,0,0,0,0,1,1,1,1,1,1,0,1,1,0,0,0,0,0,0,0,0,0,0,0,0,0,0,1,1,0,0,0,0,0,0,0,0,ARTICLE,https://doi.org/10.1006/jtbi.2001.2522
2002,"Y Mansury, M Kimura, J Lobo, TS Deisboeck",Emerging patterns in tumor systems: simulating the dynamics of multicellular clusters with an agent-based spatial agglomeration model,1,0,0,1,0,0,1,0,0,1,0,0,0,0,0,1,1,1,0,0,1,1,1,1,1,1,0,0,1,0,0,0,0,0,0,0,1,0,1,0,0,0,0,0,0,0,0,0,0,ARTICLE,https://doi.org/10.1006/jtbi.2002.3131
2003,"A Bru, S Albertos, JL Subiza, JL Garcia-Asenjo, I Bru",The universal dynamics of tumour growth,1,0,1,0,0,0,0,0,0,0,0,0,0,0,0,0,1,1,0,1,1,1,0,1,0,0,0,0,0,0,0,0,0,0,0,0,0,0,0,0,0,0,0,0,0,0,0,0,0,ARTICLE,https://doi.org/10.1016/s0006-3495(03)74715-8
2003,D Manoussaki,A mechanochemical model of vasculogenesis and angiogenesis,1,0,1,0,0,0,0,0,0,0,0,0,0,0,0,0,1,1,0,1,1,1,1,1,1,1,1,1,0,0,0,0,0,0,0,0,0,0,0,1,0,1,0,0,0,0,1,1,1,ARTICLE,https://doi.org/10.1051/m2an:2003046
2003,"KR Swanson, EC Alvord Jr, JD Murray",Virtual resection of gliomas: Effects of location and extent of resection on recurrence,1,0,1,0,0,0,1,1,0,0,0,0,0,0,0,0,1,1,0,1,1,1,0,1,0,0,0,0,0,0,0,0,0,0,0,0,0,0,0,1,1,0,0,0,0,0,0,0,0,ARTICLE,https://doi.org/10.1016/S0895-7177(03)00129-8
2003,"Y Mansury, TS Deisboeck",The impact of search precision in an agent-based tumor model,1,0,0,1,0,0,1,0,0,1,0,0,0,0,0,0,1,1,1,1,1,1,1,1,1,0,0,0,0,0,0,0,0,0,0,0,1,0,1,0,0,0,0,0,1,1,0,0,0,ARTICLE,https://doi.org/10.1016/s0022-5193(03)00169-3
2003,"C Gndz, B Yener, SH Gultekin",Learning the cell-graphs: macroscopic modeling of brain tumors,1,0,0,0,0,1,1,0,0,1,0,0,0,0,0,0,1,1,0,0,1,1,0,1,0,1,1,0,0,0,0,0,0,0,0,0,0,0,0,0,0,0,0,0,0,0,0,0,0,ARTICLE,https://www.cs.rpi.edu/research/pdf/03-12.pdf
2004,"DD Dionysiou, GS Stamatakos, NK Uzunoglu, KS Nikita, A Marioli","A four-dimensional simulation model of tumour response to radiotherapy in vivo: parametric validation considering radiosensitivity, genetic profile and fractionation",1,0,0,1,1,0,1,1,0,0,0,0,0,0,0,0,1,1,1,1,1,0,0,0,0,0,0,0,0,0,0,0,0,0,0,0,0,0,0,0,0,0,0,0,0,0,0,0,0,ARTICLE,https://doi.org/10.1016/j.jtbi.2004.03.024
2004,"JM Gallo, P Vicini, A Orlansky, S Li, F Zhou, J Ma",Pharmacokinetic model-predicted anticancer drug concentrations in human tumors,1,1,0,0,1,0,1,1,0,0,0,0,1,0,0,0,1,0,0,0,0,0,0,0,0,1,1,0,0,0,0,0,0,0,0,0,1,0,1,0,0,0,0,0,0,0,0,0,0,ARTICLE,https://doi.org/10.1158/1078-0432.CCR-04-0822
2004,"K R Swanson, E C Alvord Jr and J D Murray",Dynamics of a model for brain tumors reveals a small window for therapeutic intervention,1,0,1,0,0,0,1,1,0,0,0,0,0,0,0,0,1,1,0,1,1,1,0,1,0,0,0,0,0,0,0,0,0,0,0,0,0,0,0,1,1,0,0,0,0,0,0,0,0,ARTICLE,https://doi.org/10.3934/dcdsb.2004.4.289
2004,"Y Mansury, TS Deisboeck",Simulating the time series of a selected gene expression profile in an agent-based tumor model,1,0,0,1,0,0,1,0,0,1,0,0,0,0,0,0,1,1,0,0,1,1,0,1,1,1,1,0,0,1,0,0,0,1,0,0,1,0,1,0,0,0,0,0,0,0,0,0,0,ARTICLE,https://doi.org/10.1016/j.physd.2004.04.008
2004,"Y Sun, NO Schmidt, K Schmidt, S Doshi",Perfusion MRI of U87 brain tumors in a mouse model,1,0,0,0,0,1,1,1,0,0,0,0,0,0,0,1,1,0,0,0,0,0,0,0,0,1,1,1,0,0,0,0,0,0,0,0,0,0,0,0,0,0,0,0,0,0,0,0,0,ARTICLE,https://doi.org/10.1002/mrm.20029
2005,"M Wurzel, C Schaller, M Simon, A Deutsch",Cancer cell invasion of normal brain tissue: Guided by Prepattern?,1,0,0,1,0,0,0,0,0,0,0,0,0,0,0,0,1,1,0,1,1,1,1,1,1,0,0,0,0,0,0,0,0,0,0,0,0,0,0,1,1,0,1,1,0,0,0,0,0,ARTICLE,https://doi.org/10.1080/1027366042000334144
2006,"A Bru, MA Herrero",From the physical laws of tumor growth to modelling cancer processes,1,1,0,0,1,0,0,0,0,0,0,0,0,0,0,0,1,0,0,0,0,1,0,1,0,0,0,0,0,0,0,0,0,0,0,0,0,0,0,0,0,0,0,0,0,0,0,0,0,ARTICLE,https://hdl.handle.net/20.500.14352/49841
2006,"D Walker, S Wood, J Southgate, M Holcombe",An integrated agent-mathematical model of the effect of intercellular signalling via the epidermal growth factor receptor on cell proliferation,1,1,0,1,0,0,0,0,0,0,0,0,0,0,0,0,1,1,1,1,1,1,0,0,1,0,0,0,0,0,0,0,0,0,0,0,0,0,0,0,0,0,0,0,0,0,0,0,0,ARTICLE,https://doi.org/10.1016/j.jtbi.2006.04.020
2006,"HB Frieboes, X Zheng, C-H Sun, B Tromberg, R Gatenby, V Cristini",An integrated computational/experimental model of tumor invasion,1,0,1,0,1,0,0,0,0,0,0,0,0,0,0,1,1,1,0,1,1,1,1,1,1,0,0,0,0,0,0,0,0,0,0,0,0,0,0,1,0,1,0,0,0,0,1,1,1,ARTICLE,https://doi.org/10.1158/0008-5472.can-05-3166
2006,"JL Gevertz, S Torquato",Modeling the effects of vasculature evolution on early brain tumor growth,1,0,1,1,1,0,1,1,0,0,0,0,0,0,0,0,1,1,1,1,1,1,1,1,1,1,1,1,0,1,0,0,1,0,0,0,0,0,0,0,0,0,0,0,1,1,0,0,0,ARTICLE,https://doi.org/10.1016/j.jtbi.2006.07.002
2006,"K Mayawala, DG Vlachos, JS Edwards",Spatial modeling of dimerization reaction dynamics in the plasma membrane: Monte Carlo vs. continuum differential equations,1,1,1,0,0,0,0,0,0,0,0,0,0,0,0,0,1,0,0,0,0,1,0,0,1,0,0,0,0,0,0,0,0,0,0,0,0,0,0,0,0,0,0,0,0,0,0,0,0,ARTICLE,https://doi.org/10.1016/j.bpc.2006.01.008
2006,"LG de Pillis, W Gu, AE Radunskaya","Mixed immunotherapy and chemotherapy of tumors: modeling, applications and biological interpretations",1,1,0,0,0,0,1,1,0,0,0,0,0,0,0,0,1,1,1,1,1,0,0,0,0,0,0,0,0,0,0,0,0,0,0,0,0,0,0,0,0,0,0,0,1,1,0,0,0,ARTICLE,https://doi.org/10.1016/j.jtbi.2005.06.037
2006,"M Aubert, M Badoual, S Fereol, C Christov, B Grammaticos",A cellular automaton model for the migration of glioma cells,1,0,0,1,0,0,0,0,0,0,0,0,0,0,0,1,1,0,0,0,0,1,0,1,1,0,0,0,0,0,0,0,0,0,0,0,0,0,0,0,0,0,0,0,0,0,0,0,0,ARTICLE,https://doi.org/10.1088/1478-3975/3/2/001
2006,"Y Mansury, M Diggory, TS Deisboeck",Evolutionary game theory in an agent-based brain tumor model: exploring the 'genotypephenotype'link,1,0,0,1,0,0,1,0,0,1,0,0,0,0,0,0,1,1,0,0,1,1,0,1,1,1,1,0,0,1,1,0,0,1,0,0,0,0,0,0,0,0,0,0,0,0,0,0,0,ARTICLE,https://doi.org/10.1016/j.jtbi.2005.05.027
2006,"Y Mansury, TS Deisboeck",Modeling tumors as complex biosystems: an agent-based approach,1,0,0,1,1,0,1,0,0,1,0,0,1,0,0,0,1,1,1,0,1,1,1,1,1,1,1,0,0,1,0,0,0,1,0,0,1,0,1,0,0,0,0,0,1,1,0,0,0,ARTICLE,https://doi.org/10.1007/978-0-387-33532-2_25
2006,"M Morris, R Greiner, J Sander, A Murtha, M Schmidt",Learning a Classification-based Glioma Growth Model Using MRI Data.,1,0,0,0,0,1,1,1,1,0,0,0,0,0,0,0,1,1,0,1,1,1,0,1,0,0,0,0,0,0,0,0,0,0,0,0,0,0,0,0,0,0,0,0,0,0,0,0,0,ARTICLE,https://webdocs.cs.ualberta.ca/~marianne/paper/paper.pdf
2007,"AM Stein, T Demuth, D Mobley, M Berens, LM Sander",A mathematical model of glioblastoma tumor spheroid invasion in a three-dimensional in vitro experiment,1,0,1,0,0,0,1,0,0,1,0,0,0,0,0,1,1,1,0,1,1,1,1,1,1,0,0,0,0,0,0,0,0,0,0,0,0,0,0,0,0,0,0,0,0,0,0,0,0,ARTICLE,https://doi.org/10.1529/biophysj.106.093468
2007,"C Hogea, G Biros, F Abraham",A robust framework for soft tissue simulations with application to modeling brain tumor mass effect in 3D MR images,1,0,1,0,0,0,1,1,0,0,0,0,0,0,0,0,1,0,0,0,0,0,0,0,0,0,0,0,0,0,0,0,0,0,0,0,0,0,0,0,0,0,0,0,0,0,1,1,0,ARTICLE,https://doi.org/10.1088/0031-9155/52/23/008
2007,"G Powathil, M Kohandel",Mathematical modeling of brain tumors: effects of radiotherapy and chemotherapy,1,0,1,0,0,0,1,1,0,0,0,0,0,0,0,0,1,1,1,1,1,1,0,1,1,0,0,0,0,0,0,0,0,0,0,0,0,0,0,0,0,0,0,0,0,0,0,0,0,ARTICLE,https://doi.org/10.1088/0031-9155/52/11/023
2007,"H Coskun, Y Li, MA Mackey","Ameboid cell motility: A model and inverse problem, with an application to live cell imaging data",1,1,0,0,0,0,0,0,0,0,0,0,0,0,0,0,1,0,0,0,0,1,1,0,1,0,0,0,0,0,0,0,0,0,0,0,0,0,0,0,0,0,0,0,1,1,0,0,0,ARTICLE,https://doi.org/10.1016/j.jtbi.2006.07.025
2007,"HB Frieboes, J S Lowengrub, S Wise, X Zheng, P Macklin, EL Bearer, V Cristini",Computer simulation of glioma growth and morphology,1,0,1,0,1,0,1,0,0,1,0,0,0,0,0,0,1,1,0,1,1,1,1,1,1,1,1,1,0,0,0,0,0,0,0,0,0,0,0,1,0,1,0,0,0,0,1,1,1,ARTICLE,https://doi.org/10.1016/j.neuroimage.2007.03.008
2007,"IJ Stamper, HM Byrne, MR Owen, PK Maini",Modelling the role of angiogenesis and vasculogenesis in solid tumour growth,1,1,0,0,0,0,1,0,0,0,0,0,0,1,0,0,1,0,0,0,0,0,0,0,0,1,1,1,0,0,0,0,0,0,0,0,0,0,0,0,0,0,0,0,0,0,0,0,0,ARTICLE,https://doi.org/10.1007/s11538-007-9253-6
2007,"L Zhang, CA Athale, TS Deisboeck","Development of a three-dimensional multiscale agent-based tumor model: Simulating gene-protein interaction profiles, cell phenotypes and multicellular patterns in brain cancer",1,0,0,1,1,0,1,0,0,1,0,0,0,0,0,0,1,1,1,1,1,1,1,1,1,1,1,0,0,1,0,0,0,1,0,0,1,0,1,0,0,0,0,0,0,0,0,0,0,ARTICLE,https://doi.org/10.1016/j.jtbi.2006.06.034
2007,"L Zhang, CG Strouthos, Z Wang, TS Deisboeck","Simulating brain tumor heterogeneity with a multiscale agent-based model: linking cell signaling, motility bias and expansion rate",1,0,0,1,1,0,1,0,0,1,0,0,0,0,0,0,1,1,1,0,1,1,1,1,1,1,1,0,0,1,0,0,0,1,0,0,1,0,1,0,0,0,0,0,0,0,1,1,0,ARTICLE,https://doi.org/10.1016/j.mcm.2008.05.011
2007,"NF Kirkby, SJ Jefferies, R Jena, NG Burnet",A mathematical model of the treatment and survival of patients with high-grade brain tumours,1,1,0,0,1,0,1,1,0,0,0,0,0,0,0,0,1,1,1,1,0,1,0,1,1,1,1,0,0,0,0,0,0,0,0,0,0,0,0,0,0,0,0,0,0,0,0,0,0,ARTICLE,https://doi.org/10.1016/j.jtbi.2006.09.007
2007,"S Bandara, M Diehl, G Fricker",A mathematical model for the transport of paclitaxel (Taxol) across the blood-brain barrier,1,1,0,0,0,0,0,0,0,0,0,0,0,0,0,0,1,1,1,0,0,0,0,0,0,1,0,0,1,0,0,0,0,0,0,0,1,0,1,0,0,0,0,0,0,0,0,0,0,ARTICLE,https://doi.org/10.1205/cherd06238
2007,"Y Kim, MA Stolarska, HG Othmer",A hybrid model for tumor spheroid growth in vitro I: Theoretical development and early results,1,0,0,1,1,0,0,0,0,0,0,0,0,0,0,1,1,1,1,0,1,1,0,1,1,1,1,0,0,1,0,0,1,0,0,0,0,0,0,1,0,1,0,0,1,1,1,1,1,ARTICLE,https://doi.org/10.1142/S0218202507002479
2008,"BM Rubenstein, LJ Kaufman",The role of extracellular matrix in glioma invasion: a cellular Potts model approach,1,0,0,1,1,0,1,1,0,0,0,0,0,1,0,0,1,1,1,1,1,1,1,1,1,1,1,0,0,0,0,0,0,0,0,0,1,0,1,0,0,0,0,0,0,0,0,0,0,ARTICLE,https://doi.org/10.1529/biophysj.108.140624
2008,"C Hogea, C Davatzikos, G Biros",An image-driven parameter estimation problem for a reactiondiffusion glioma growth model with mass effects,1,0,1,0,1,0,1,1,1,1,0,0,0,0,0,0,1,1,0,1,1,1,0,1,0,0,0,0,0,0,0,0,0,0,0,0,0,0,0,0,0,0,0,0,0,0,1,1,0,ARTICLE,https://doi.org/10.1007/s00285-007-0139-x
2008,"D Basanta, M Simon, H Hatzikirou, A Deutsch",Evolutionary game theory elucidates the role of glycolysis in glioma progression and invasion,1,0,0,1,0,0,0,0,0,0,0,0,0,0,0,0,1,1,1,1,1,1,0,1,1,1,1,0,0,1,1,0,0,0,0,0,1,1,0,0,0,0,0,0,0,0,0,0,0,ARTICLE,https://doi.org/10.1111/j.1365-2184.2008.00563.x
2008,"KL Black, D Yin, JM Ong, J Hu, BM Konda, X Wang",PDE5 inhibitors enhance tumor permeability and efficacy of chemotherapy in a rat brain tumor model,1,1,0,0,0,0,1,1,0,0,0,0,0,0,0,1,1,0,0,0,0,0,0,0,0,1,1,0,1,0,0,0,0,0,0,0,1,0,1,0,0,0,0,0,0,0,0,0,0,ARTICLE,https://doi.org/10.1016/j.brainres.2008.06.122
2008,"M Aubert, M Badoual, B Grammaticos",A model for short-and long-range interactions of migrating tumour cell,1,0,1,1,1,0,0,0,0,0,0,0,0,0,0,0,1,1,1,1,1,1,1,1,1,0,0,0,0,0,0,0,0,0,0,0,0,0,0,0,0,0,0,0,0,0,0,0,0,ARTICLE,https://doi.org/10.1007/s10441-008-9061-x
2008,"M Aubert, M Badoual, C Christov, B Grammaticos",A model for glioma cell migration on collagen and astrocytes,1,0,0,1,1,0,0,0,0,0,0,0,0,0,0,1,1,0,0,0,0,1,0,1,1,0,0,0,0,0,0,0,0,0,0,0,0,0,0,1,1,0,0,0,0,0,0,0,0,ARTICLE,https://doi.org/10.1098/rsif.2007.1070
2008,"Swanson K.R., Rostomily R.C., Alvord E.C.",A mathematical modelling tool for predicting survival of individual patients following resection of glioblastoma: A proof of principle.,1,0,1,0,1,0,1,1,0,0,0,0,0,0,0,0,1,1,0,1,1,1,0,1,1,0,0,0,0,0,0,0,0,0,0,0,0,0,0,0,0,0,0,0,0,0,0,0,0,ARTICLE,https://doi.org/10.1038/sj.bjc.6604125
2009,"CH Wang, JK Rockhill, M Mrugala, DL Peacock et al.",Prognostic Significance of Growth Kinetics in Newly Diagnosed Glioblastomas Revealed by Combining Serial Imaging with a Novel Biomathematical Model,1,0,1,0,1,0,1,1,0,0,0,0,0,0,0,0,1,1,0,1,1,1,0,1,1,0,0,0,0,0,0,0,0,0,0,0,0,0,0,0,0,0,0,0,0,0,0,0,0,ARTICLE,https://doi.org/10.1158/0008-5472.can-08-3863
2009,"EL Bearer, JS Lowengrub, HB Frieboes, YL Chuang",Multiparameter computational modeling of tumor invasion,1,0,1,0,1,0,1,0,0,1,0,0,0,0,0,0,1,1,1,0,1,1,1,1,1,1,1,1,0,1,0,0,0,1,0,0,0,0,0,1,0,1,0,0,0,0,0,0,0,ARTICLE,https://doi.org/10.1158/0008-5472.can-08-3834
2009,GG Powathil,Modeling of Brain Tumors: Effects of Microenvironment and Associated Therapeutic Strategies,1,0,1,0,0,0,1,1,0,1,0,0,1,0,0,0,1,1,1,1,1,1,0,1,1,1,1,1,1,1,1,0,0,1,0,0,1,1,0,1,0,1,0,0,0,0,0,0,0,ARTICLE,http://hdl.handle.net/10012/4738
2009,"L Zhang, LL Chen, TS Deisboeck","Multi-scale, multi-resolution brain cancer modeling",1,0,0,1,1,0,1,0,0,0,0,1,0,0,0,0,1,1,1,0,1,1,0,1,1,1,1,0,0,0,0,0,0,0,0,0,0,0,0,0,0,0,0,0,0,0,0,0,0,ARTICLE,https://doi.org/10.1016/j.matcom.2008.09.007
2009,"L Zhang, CG Strouthos, Z Wang, TS Deisboeck","Simulating brain tumor heterogeneity with a multiscale agent-based model: linking molecular signatures, phenotypes and expansion rate",1,0,0,1,1,0,0,0,0,0,0,0,0,0,0,0,1,1,1,0,1,1,1,1,1,1,1,0,0,1,0,0,0,1,0,0,1,0,1,0,0,0,0,0,0,0,0,0,0,ARTICLE,https://doi.org/10.1016/j.mcm.2008.05.011
2009,"LL Chen, S Ulmer, TS Deisboeck",An agent-based model identifies MRI regions of probable tumor invasion in a patient with glioblastoma,1,0,0,1,0,0,1,1,1,0,0,0,1,0,0,0,1,1,0,0,1,1,1,1,1,0,0,0,0,0,0,0,0,0,0,0,0,0,0,0,0,0,0,0,0,0,1,1,0,ARTICLE,https://doi.org/10.1088/0031-9155/55/2/001
2009,"MJ Lazzara, DA Lauffenburger",Quantitative modeling perspectives on the ErbB system of cell regulatory processes,1,1,0,0,0,0,0,0,0,0,0,0,0,0,0,0,1,1,0,0,1,1,0,0,1,0,0,0,0,0,0,0,0,0,0,0,1,0,1,0,0,0,0,0,0,0,0,0,0,ARTICLE,https://doi.org/10.1016/j.yexcr.2008.10.033
2009,"ML Tanaka, W Debinski, IK Puri",Hybrid mathematical model of glioma progression,1,0,0,0,1,0,1,0,0,0,0,1,0,0,0,0,1,1,0,1,1,1,1,1,1,0,0,0,0,1,0,0,1,0,0,0,0,0,0,0,0,0,0,0,0,0,0,0,0,ARTICLE,https://doi.org/10.1111/j.1365-2184.2009.00631.x
2009,"R Rockne, EC Alvord, JK Rockhill",A mathematical model for brain tumor response to radiation therapy,1,0,1,0,0,0,1,1,0,1,0,0,0,0,0,0,1,1,1,1,1,1,0,1,1,1,0,0,0,0,0,0,0,0,0,0,0,0,0,0,0,0,0,0,0,0,0,0,0,ARTICLE,https://doi.org/10.1007/s00285-008-0219-6
2009,"R Wciso, W Dzwinel, DA Yuen, AZ Dudek",A 3-D model of tumor progression based on complex automata driven by particle dynamics,1,0,0,1,0,0,0,0,0,0,0,0,0,0,0,0,1,1,1,1,1,1,1,1,1,1,1,1,0,1,0,0,0,1,0,0,0,0,0,0,0,0,0,0,1,1,0,0,0,ARTICLE,https://doi.org/10.1007/s00894-009-0511-4
2009,"SP Chakrabarty, FB Hanson",Distributed parameters deterministic model for treatment of brain tumors using Galerkin finite element method,1,0,1,0,0,0,1,1,0,0,0,0,0,0,0,0,1,1,0,1,0,0,0,0,0,1,0,0,1,0,0,0,0,0,0,0,0,0,0,0,0,0,0,0,0,0,0,0,0,ARTICLE,https://doi.org/10.1016/j.mbs.2009.03.005
2009,"Y Kim, S Lawler, MO Nowicki, EA Chiocca",A mathematical model for pattern formation of glioma cells outside the tumor spheroid core,1,0,1,0,0,0,1,0,0,0,0,1,0,0,0,1,1,1,0,0,1,1,1,1,1,1,1,0,0,0,0,0,0,0,0,0,0,0,0,1,0,1,0,0,1,1,0,0,0,ARTICLE,https://doi.org/10.1016/j.jtbi.2009.06.025
2009,"Z Jackiewicz, Y Kuang, C Thalhauser",Numerical solution of a model for brain cancer progression after therapy,1,0,1,0,0,0,0,0,0,0,0,0,0,0,0,0,1,1,0,0,1,1,0,1,1,0,0,0,0,0,0,0,0,0,0,0,0,0,0,0,0,0,0,0,0,0,0,0,0,ARTICLE,https://doi.org/10.3846/1392-6292.2009.14.43-56
2010,"A Chauviere, L Preziosi, H Byrne",A model of cell migration within the extracellular matrix based on a phenotypic switching mechanism,1,0,1,0,0,0,0,0,0,0,0,0,0,0,0,0,1,1,0,0,1,1,0,1,1,0,0,0,0,0,0,0,0,0,0,0,0,0,0,1,0,1,1,1,0,0,0,0,0,ARTICLE,https://doi.org/10.1093/imammb/dqp021
2010,"E Milotti, R Chignola",Emergent properties of tumor microenvironment in a real-life model of multicell tumor spheroids,1,0,0,0,1,0,1,0,0,0,0,1,0,0,0,1,1,1,0,0,1,0,0,0,0,0,0,0,0,0,0,0,0,0,0,0,0,0,0,1,1,0,0,0,0,0,0,0,0,ARTICLE,https://doi.org/10.1371/journal.pone.0013942
2010,"H Hatzikirou, A Deutsch",Lattice-gas cellular automaton modeling of emergent behavior in interacting cell populations,1,0,0,1,0,0,1,0,1,0,0,0,0,0,0,0,1,1,0,1,1,1,1,1,1,0,0,0,0,0,0,0,0,0,0,0,1,1,0,0,0,0,0,0,1,1,0,0,0,ARTICLE,https://doi.org/10.1007/978-3-642-12203-3_13
2010,"H Narayanan, SN Verner, KL Mills",In silico estimates of the free energy rates in growing tumor spheroids,1,0,1,0,1,0,1,0,0,0,0,0,0,1,0,1,1,1,1,1,1,1,1,1,0,1,1,1,0,0,0,0,0,0,0,0,1,1,1,0,0,0,0,0,0,0,0,0,0,ARTICLE,https://doi.org/10.1088/0953-8984/22/19/194122
2010,"IJ Stamper, MR Owen, PK Maini",Oscillatory dynamics in a model of vascular tumour growth-implications for chemotherapy,1,0,1,0,0,0,0,0,0,0,0,0,0,0,0,0,1,1,0,1,0,1,0,1,0,1,1,1,0,1,1,0,0,0,0,0,1,0,1,0,0,0,0,0,1,1,0,0,0,ARTICLE,https://doi.org/10.1186/1745-6150-5-27
2010,"J Jeon, V Quaranta, PT Cummings",An off-lattice hybrid discrete-continuum model of tumor growth and invasion,1,0,0,0,1,0,0,0,0,0,0,0,0,0,0,0,1,1,1,1,1,1,1,1,1,1,1,0,0,0,0,0,0,0,0,0,0,0,0,1,0,1,0,0,0,0,0,0,0,ARTICLE,https://doi.org/10.1016/j.bpj.2009.10.002
2010,"L Rast, JG Harrison",Computational modeling of electromagnetically induced heating of magnetic nanoparticle materials for hyperthermic cancer treatment,1,0,1,0,0,0,0,0,0,0,0,0,0,0,0,0,1,1,1,0,1,0,0,0,0,1,0,0,1,0,0,0,0,0,0,0,0,0,0,0,0,0,0,0,0,0,0,0,0,ARTICLE,https://briefs.techconnect.org/wp-content/volumes/Nanotech2010v3/pdf/1433.pdf
2010,"R Zhou, RV Mazurchuk, JH Tamburlin",Differential pharmacodynamic effects of paclitaxel formulations in an intracranial rat brain tumor model,1,1,0,0,0,0,1,1,0,0,0,0,0,0,0,1,1,1,0,1,1,1,0,0,1,1,1,1,1,0,0,0,0,0,0,0,1,0,1,1,0,1,0,0,0,0,0,0,0,ARTICLE,https://doi.org/10.1124/jpet.109.160044
2010,"R Rockne, JK Rockhill, M Mrugala, AM Spence, I Kalet, et al.",Predicting the efficacy of radiotherapy in individual glioblastoma patients in vivo: a mathematical modeling approach,1,0,1,0,0,0,1,1,0,0,0,0,0,0,0,0,1,1,1,1,1,1,0,0,1,0,0,0,0,0,0,0,0,0,0,0,0,0,0,0,0,0,0,0,0,0,0,0,0,ARTICLE,https://doi.org/10.1088/0031-9155/55/12/001
2010,"S Becker, A Mang, A Toma, TM Buzug",In-silico oncology: an approximate model of brain tumor mass effect based on directly manipulated free form deformation,1,0,1,0,0,0,1,1,1,0,0,0,0,0,0,0,1,1,0,1,1,1,0,1,1,0,0,0,0,1,0,0,0,1,0,0,0,0,0,0,0,0,0,0,0,0,0,0,0,ARTICLE,https://doi.org/10.1007/s11548-010-0531-7
2010,"SY Wong, KH Chiam, CT Lim, P Matsudaira",Computational model of cell positioning: directed and collective migration in the intestinal crypt epithelium,1,0,0,1,0,0,0,0,0,0,0,0,0,0,0,0,1,1,1,1,1,1,1,1,1,0,0,0,0,1,1,0,1,1,0,0,0,0,0,0,0,0,0,0,0,0,1,0,1,ARTICLE,https://doi.org/10.1098/rsif.2010.0018.focus
2010,"A Gooya, G Biros, C Davatzikos",Deformable registration of glioma images using EM algorithm and diffusion reaction modeling,1,0,1,0,0,1,1,1,1,0,0,0,0,0,0,0,1,1,0,0,1,1,0,1,0,0,0,0,0,0,0,0,0,0,0,0,0,0,0,0,0,0,0,0,0,0,1,1,0,ARTICLE,https://doi.org/10.1109/tmi.2010.2078833
2010,"NF Marko, RA Prayson, GH Barnett, RJ Weil",Integrated molecular analysis suggests a three-class model for low-grade gliomas: a proof-of-concept study,1,0,0,0,0,1,1,1,0,1,0,0,0,0,0,0,1,1,0,0,1,0,0,0,0,1,1,0,0,0,0,0,0,0,0,0,0,0,0,0,0,0,0,0,1,1,0,0,0,ARTICLE,https://doi.org/10.1016/j.ygeno.2009.09.007
2011,"A Sottoriva, L Vermeulen, S Tavar",Modeling evolutionary dynamics of epigenetic mutations in hierarchically organized tumors,1,0,0,1,0,0,1,0,0,0,0,1,0,0,0,0,1,1,0,1,1,0,0,0,0,0,0,0,0,1,0,1,1,1,0,0,0,0,0,1,0,1,0,0,0,0,0,0,0,ARTICLE,https://doi.org/10.1371/journal.pcbi.1001132
2011,"D Vasiliu, JP Tian",Periodic solutions of a model for tumor virotherapy,1,1,0,0,0,0,0,0,0,0,0,0,0,0,0,0,1,1,0,0,1,0,0,0,0,0,0,0,0,0,0,0,0,0,0,0,0,0,0,0,0,0,0,0,1,1,0,0,0,ARTICLE,https://doi.org/10.3934/dcdss.2011.4.1587
2011,"FG VitalLopez, A Armaou, M Hutnik",Modeling the effect of chemotaxis on glioblastoma tumor progression,1,0,1,1,1,0,0,0,0,0,0,0,0,0,0,0,1,1,0,1,1,1,1,1,1,1,1,1,0,0,0,0,0,0,0,0,0,0,0,0,0,0,0,0,0,0,1,1,0,ARTICLE,https://doi.org/10.1002/aic.12296
2011,JL Gevertz,Computational modeling of tumor response to vascular-targeting therapiespart I: validation,1,0,1,1,1,0,0,0,0,0,0,0,0,0,0,0,1,1,0,1,0,1,0,1,0,1,1,1,0,1,0,0,1,0,0,0,1,0,1,0,0,0,0,0,1,1,0,0,0,ARTICLE,https://doi.org/10.1155/2011/830515
2011,"M Tektonidis, H Hatzikirou, A Chauvière, M Simon, K Schaller, A Deutsch",Identification of intrinsic in vitro cellular mechanisms for glioma invasion,1,0,0,1,0,0,0,0,0,0,0,0,0,0,0,1,1,1,1,1,1,1,1,1,1,0,0,0,0,0,0,0,0,1,0,0,0,0,0,0,0,0,1,1,0,0,0,0,0,ARTICLE,https://doi.org/10.1016/j.jtbi.2011.07.012
2011,"NC Atuegwu, DC Colvin, ME Loveless",Incorporation of diffusion-weighted magnetic resonance imaging data into a simple mathematical model of tumor growth,1,1,0,0,0,0,1,1,1,0,0,0,0,0,0,0,1,1,0,0,1,0,0,0,0,0,0,0,0,0,0,0,0,0,0,0,0,0,0,0,0,0,0,0,0,0,0,0,0,ARTICLE,https://doi.org/10.1088/0031-9155/57/1/225
2011,"R Guillevin, C Menuel, JN Valle, JP Franoise",Mathematical modeling of energy metabolism and hemodynamics of WHO grade II gliomas using in vivo MR data,1,1,0,0,0,0,1,1,0,1,0,0,0,0,0,0,1,0,0,0,0,0,0,0,0,0,0,0,0,0,0,0,0,0,0,0,1,1,1,0,0,0,0,0,0,0,0,0,0,ARTICLE,https://doi.org/10.1016/j.crvi.2010.11.002
2011,"R Jörnsten, T Abenius, T Kling, L Schmidt, E Johansson, et al.",Network modeling of the transcriptional effects of copy number aberrations in glioblastoma,1,1,0,0,0,0,1,0,0,0,0,1,0,0,0,0,1,1,1,1,1,0,0,0,0,0,0,0,0,0,0,0,0,0,0,0,0,0,0,0,0,0,0,0,0,0,0,0,0,ARTICLE,https://doi.org/10.1038/msb.2011.17
2011,"S Fedotov, A Iomin, L Ryashko",Non-Markovian models for migration-proliferation dichotomy of cancer cells: Anomalous switching and spreading rate,1,0,1,0,0,0,0,0,0,0,0,0,0,0,0,0,1,1,0,1,1,1,0,1,1,0,0,0,0,0,0,0,0,0,0,0,0,0,0,0,0,0,1,1,0,0,0,0,0,ARTICLE,https://doi.org/10.1103/physreve.84.061131
2011,"TJ Kinsella, E Gurkan-Cavusoglu, W Du",Integration of Principles of Systems Biology and Radiation Biology: Toward Development of in silico Models to Optimize IUdR-Mediated Radiosensitization of,1,0,0,0,1,0,1,1,0,0,0,0,0,0,0,0,1,1,1,0,1,0,0,0,0,0,0,0,0,0,0,0,0,0,0,0,1,0,1,1,0,1,0,0,0,0,0,0,0,ARTICLE,https://doi.org/10.3389/fonc.2011.00020
2011,"Y Jiao, H Berman, TR Kiehl, S Torquato",Spatial organization and correlations of cell nuclei in brain tumors,1,0,0,0,0,0,0,0,0,0,0,0,0,0,0,0,1,1,1,1,1,1,0,1,1,0,0,0,0,0,0,0,0,0,0,0,0,0,0,0,0,0,1,1,0,0,0,0,0,ARTICLE,https://doi.org/10.1371/journal.pone.0027323
2011,"Y Kim, S Roh, S Lawler, A Friedman",miR451 and AMPK mutual antagonism in glioma cell migration and proliferation: a mathematical model,1,1,1,0,0,0,1,0,0,0,0,1,0,0,0,0,1,1,1,1,1,1,1,1,1,0,0,0,0,0,0,0,0,0,0,0,1,1,0,1,0,1,1,1,0,0,0,0,0,ARTICLE,https://doi.org/10.1371/journal.pone.0028293
2011,"A Roniotis, GC Manikis, V Sakkalis",High-grade glioma diffusive modeling using statistical tissue information and diffusion tensors extracted from atlases,1,0,0,0,0,1,1,1,1,0,0,0,0,0,0,0,1,1,0,0,1,1,0,1,1,0,0,0,0,0,0,0,0,0,0,0,0,0,0,0,0,0,0,0,0,0,1,1,0,ARTICLE,https://doi.org/10.1109/titb.2011.2171190
2011,"BH Menze, E Stretton, E Konukoglu, N Ayache",Image-based modeling of tumor growth in patients with glioma.,1,0,1,0,0,1,1,1,1,0,0,0,1,0,0,0,1,1,0,1,1,1,0,1,1,1,0,0,1,0,0,0,0,0,0,0,0,0,0,0,0,0,0,0,0,0,1,1,0,ARTICLE,https://inria.hal.science/hal-00825866/document
2012,"A Mang, A Toma, TA Schuetz, S Becker",A generic framework for modeling brain deformation as a constrained parametric optimization problem to aid non-diffeomorphic image registration in brain tumor,1,0,1,0,0,0,1,1,0,0,0,0,0,0,0,0,1,1,0,0,1,1,0,0,1,0,0,0,0,0,0,0,0,0,0,0,0,0,0,0,0,0,0,0,0,0,0,0,0,ARTICLE,https://doi.org/10.3414/me11-02-0036
2012,"A Mang, A Toma, TA Schuetz, S Becker",Biophysical modeling of brain tumor progression: From unconditionally stable explicit time integration to an inverse problem with parabolic PDE constraints for model,1,0,1,0,0,0,1,0,1,0,0,0,0,0,0,0,1,1,0,1,1,1,0,1,1,1,1,0,0,0,0,0,0,0,0,0,1,0,1,0,0,0,0,0,0,0,0,0,0,ARTICLE,https://doi.org/10.1118/1.4722749
2012,"A Szabó, K Varga, T Garay, B Hegedus, A Czirók",Invasion from a cell aggregate--the roles of active cell motion and mechanical equilibrium,1,0,0,1,0,0,0,0,0,0,0,0,0,0,0,0,1,0,0,0,0,1,0,1,1,0,0,0,0,0,0,0,0,0,0,0,0,0,0,1,0,1,0,0,0,0,1,1,0,ARTICLE,https://doi.org/10.1088/1478-3975/9/1/016010
2012,"A Toma, A Rgnier-Vigouroux, A Mang",In-silico modelling of tumour-immune system interactions for glioblastomas,1,0,0,0,1,0,0,0,0,0,0,0,0,0,0,0,1,1,0,0,1,1,1,0,1,0,0,0,0,0,0,0,0,0,0,0,0,0,0,0,0,0,0,0,1,1,0,0,0,ARTICLE,https://doi.org/10.3182/20120215-3-AT-3016.00219
2012,"A Toma, K Holl-Ulrich, S Becker, A Mang",A mathematical model to simulate glioma growth and radiotherapy at the microscopic level,1,0,0,0,1,0,0,0,0,0,0,0,0,0,0,0,1,1,1,0,1,1,1,1,1,0,0,0,0,0,0,0,0,0,0,0,0,0,0,0,0,0,0,0,0,0,0,0,0,ARTICLE,https://doi.org/10.1515/bmt-2012-4081
2012,"A Martinez-Gonzalez, GF Calvo, LA Perez Romasanta, VM Perez-Garcia",Hypoxic cell waves around necrotic cores in glioblastoma: a biomathematical model and its therapeutic implications,1,0,1,0,0,0,0,0,0,0,0,0,0,0,0,0,1,1,0,0,1,1,0,1,1,1,1,1,0,0,0,0,0,0,0,0,0,0,0,1,0,1,0,0,0,0,0,0,0,ARTICLE,https://doi.org/10.1007/s11538-012-9786-1
2012,"AC Lesart, B van Der Sanden, L Hamard, F Estve",On the importance of the submicrovascular network in a computational model of tumour growth,1,0,0,1,1,0,1,0,0,0,0,0,0,1,0,0,1,1,0,1,1,1,1,0,0,1,0,1,0,0,0,0,0,0,0,0,1,0,1,0,0,0,0,0,0,0,0,0,0,ARTICLE,https://doi.org/10.1016/j.mvr.2012.06.001
2012,"B Ribba, G Kaloshi, M Peyre, D Ricard, V Calvez",A tumor growth inhibition model for low-grade glioma treated with chemotherapy or radiotherapy,1,1,0,0,0,0,1,1,0,0,0,0,0,0,0,0,1,1,1,1,1,1,0,1,0,0,0,0,0,0,0,0,0,0,0,0,0,0,0,0,0,0,0,0,1,1,0,0,0,ARTICLE,https://doi.org/10.1158/1078-0432.ccr-12-0084
2012,"C Gerin, J Pallud, B Grammaticos, E Mandonnet, C Deroulers, P Varlet, et al.",Improving the time-machine: estimating date of birth of grade II gliomas,1,0,1,0,0,0,1,1,0,0,0,0,0,0,0,0,1,1,0,1,1,1,0,1,1,0,0,0,0,1,0,0,0,1,0,0,0,0,0,0,0,0,0,0,0,0,0,0,0,ARTICLE,https://doi.org/10.1111/j.1365-2184.2011.00790.x
2012,"C Suarez, F Maglietti, M Colonna, K Breitburd",Mathematical modeling of human glioma growth based on brain topological structures: study of two clinical cases,1,0,1,0,0,0,1,1,0,1,0,0,1,0,0,0,1,1,0,0,1,1,0,1,1,1,1,0,0,1,0,0,1,1,0,0,0,0,0,0,0,0,0,0,0,0,0,0,0,ARTICLE,https://doi.org/10.1371/journal.pone.0039616
2012,"K Pham, A Chauviere, H Hatzikirou, X Li, HM Byrne, V Cristini, J Lowengrub",Density-dependent quiescence in glioma invasion: instability in a simple reaction--diffusion model for the migration/proliferation dichotomy,1,1,0,1,0,0,0,0,0,0,0,0,0,0,0,0,0,1,1,0,0,1,1,0,1,1,0,0,0,0,0,0,0,0,0,0,0,0,0,0,0,0,0,1,1,0,0,0,0,ARTICLE,https://doi.org/10.1080/17513758.2011.590610
2012,"E Beretta, V Capasso, N Morozova",Mathematical modelling of cancer stem cells population behavior,1,1,0,0,0,0,0,0,0,0,0,0,0,0,0,0,1,1,0,1,0,0,0,0,0,0,0,0,0,1,0,0,1,0,0,0,0,0,0,0,0,0,1,1,0,0,0,0,0,ARTICLE,https://doi.org/10.1051/mmnp/20127113
2012,"E Kim, S Stamatelos, J Cebulla, ZM Bhujwalla",Multiscale imaging and computational modeling of blood flow in the tumor vasculature,1,0,0,0,1,0,1,1,1,0,0,1,0,1,0,0,1,0,0,0,0,1,0,1,0,1,1,1,0,1,0,0,0,1,0,0,0,0,0,1,0,1,0,0,1,1,0,0,0,ARTICLE,https://doi.org/10.1007/s10439-012-0585-5
2012,"E Khain, M Katkowski, N Charteris, F Jiang, M Chopp",Migration of adhesive glioma cells: Front propagation and fingering,1,0,1,1,0,0,0,0,0,0,0,0,0,0,0,0,1,1,0,1,1,1,0,1,1,0,0,0,0,0,0,0,0,0,0,0,0,0,0,0,0,0,0,0,0,0,0,0,0,ARTICLE,https://doi.org/10.1103/PhysRevE.86.011904
2012,Gu et al.,Applying a patient-specific bio-mathematical model of glioma growth to develop virtual [18F]-FMISO-PET images,1,0,1,0,0,0,1,1,0,0,0,0,1,0,0,0,1,1,0,1,1,1,0,0,1,0,0,0,0,0,0,0,0,0,0,0,0,0,0,0,0,0,0,0,0,0,0,0,0,ARTICLE,https://doi.org/10.1093/imammb/dqr002
2012,"H Hatzikirou, D Basanta, M Simon, K Schaller, A Deutsch",Go or Grow': The key to the emergence of invasion in tumour progression?,1,1,0,1,0,0,1,0,0,1,0,0,0,0,0,0,1,1,0,1,1,1,0,1,1,0,0,0,0,0,0,0,0,0,0,0,0,0,0,0,0,0,0,0,0,0,0,0,0,ARTICLE,https://doi.org/10.1093/imammb/dqq011
2012,J Gevertz,Optimization of vascular-targeting drugs in a computational model of tumor growth,1,0,0,0,1,0,0,0,0,0,0,0,0,0,0,0,1,1,0,0,1,0,0,0,0,1,1,1,0,0,0,0,0,0,0,0,0,0,0,0,0,0,0,0,0,0,0,0,0,ARTICLE,https://doi.org/10.1103/physreve.85.041914
2012,"JCL Alfonso, G Buttazzo, B García-Archilla, MA Herrero, L Núñez",A class of optimization problems in radiotherapy dosimetry planning,1,1,0,0,0,0,1,1,0,0,0,0,0,0,0,0,1,1,0,1,1,1,0,1,1,0,0,0,0,0,0,0,0,0,0,0,0,0,0,0,0,0,1,1,0,0,0,0,0,ARTICLE,http://dx.doi.org/10.3934/dcdsb.2012.17.1651
2012,"K Böttger, H Hatzikirou, A Chauviere, A Deutsch",Investigation of the migration/proliferation dichotomy and its impact on avascular glioma invasion,1,0,0,1,0,0,0,0,0,0,0,0,0,0,0,0,1,1,0,1,1,1,0,1,1,0,0,0,0,0,0,0,0,0,0,0,0,0,0,0,0,0,1,1,0,0,0,0,0,ARTICLE,https://doi.org/10.1051/mmnp/20127106
2012,"KR Swanson, RC Rockne, J Claridge, MA Chaplain, EC Alvord Jr, AR Anderson",Quantifying the role of angiogenesis in malignant progression of gliomas: In silico modeling integrates imaging and histology,1,0,1,0,0,0,1,1,0,0,0,0,0,0,0,0,1,1,0,1,0,1,0,0,1,0,1,0,0,0,0,0,0,0,0,0,0,0,0,0,0,1,0,0,0,0,0,0,0,ARTICLE,https://doi.org/10.1158/0008-5472.CAN-11-1399
2012,"M Scianna, L Preziosi",A hybrid model describing different morphologies of tumor invasion fronts,1,0,1,1,1,0,0,0,0,0,0,0,0,0,0,0,1,1,0,0,1,1,1,1,0,0,0,0,0,1,1,0,0,0,0,0,1,0,1,1,0,1,0,0,0,0,0,0,0,ARTICLE,https://doi.org/10.1051/mmnp/20127105
2012,"M Scianna, L Preziosi, K Wolf",A Cellular Potts Model simulating cell migration on and in matrix environments,1,0,0,1,0,0,1,0,0,0,0,0,0,1,0,0,1,1,0,0,1,1,1,1,1,1,1,0,0,0,0,0,0,0,0,0,0,0,0,0,0,0,0,0,1,1,1,1,0,ARTICLE,https://doi.org/10.3934/mbe.2013.10.235
2012,"MJ Tindall, L Dyson, K Smallbone, PK Maini",Modelling acidosis and the cell cycle in multicellular tumour spheroids,1,0,1,0,0,0,0,0,0,0,0,0,0,0,0,1,1,1,0,0,1,0,0,0,0,0,0,0,0,0,0,0,0,0,0,0,0,0,0,0,0,0,0,0,0,0,0,0,0,ARTICLE,https://doi.org/10.1016/j.jtbi.2011.11.009
2012,"P Gerlee, S Nelander",The impact of phenotypic switching on glioblastoma growth and invasion,1,0,1,0,0,0,1,1,0,0,0,0,0,0,0,0,1,1,0,1,1,1,0,1,1,0,0,0,0,0,0,0,0,0,0,0,0,0,0,0,0,0,1,1,0,0,0,0,0,ARTICLE,https://doi.org/10.1371/journal.pcbi.1002556
2012,"S Benzekry, N Andr, A Benabdallah",Modeling the impact of anticancer agents on metastatic spreading,1,0,1,0,0,0,0,0,0,0,0,0,0,0,0,0,1,1,0,1,1,0,0,0,0,1,0,1,0,0,0,0,0,0,0,0,0,0,0,0,0,0,0,0,0,0,0,0,0,ARTICLE,https://doi.org/10.1051/mmnp/20127114
2012,"T Colin, A Iollo, D Lombardi, O Saut",System identification in tumor growth modeling using semi-empirical eigenfunctions,1,0,1,0,0,0,0,0,0,0,0,0,0,0,0,0,1,1,0,1,1,0,0,0,0,0,0,0,0,0,0,0,0,0,0,0,1,0,1,0,0,0,0,0,0,0,0,0,0,ARTICLE,https://hal.science/hal-04485448/file/Math.%20Mod.%20Meth.%20Appl.%20Sci.%202012%20COLIN.pdf
2012,"TA Schuetz, S Moeller, S Becker, A Mang",A Cross-scale Model of Tumor Growth: Do We Need to Model Molecular Interactions in Separate Artificial Compartments within a Cell?,1,0,1,1,1,0,1,1,0,0,0,0,0,0,0,0,1,1,0,0,1,1,1,0,1,0,0,0,0,0,0,0,0,0,0,0,0,0,0,0,0,0,0,0,0,0,0,0,0,ARTICLE,https://doi.org/10.3182/20120215-3-AT-3016.00230
2012,"V Andasari, RT Roper, MH Swat, MAJ Chaplain",Integrating intracellular dynamics using CompuCell3D and Bionetsolver: applications to multiscale modelling of cancer cell growth and invasion,1,1,0,0,1,0,1,0,0,0,0,1,0,0,0,0,1,1,0,1,0,1,0,1,0,0,0,0,0,0,0,0,0,0,0,0,0,0,0,0,0,0,1,1,0,0,0,0,0,ARTICLE,https://doi.org/10.1371/journal.pone.0033726
2012,"X Sun, L Zhang, H Tan, J Bao, C Strouthos, X Zhou",Multi-scale agent-based brain cancer modeling and prediction of TKI treatment response: incorporating EGFR signaling pathway and angiogenesis,1,1,1,1,1,0,0,0,0,0,0,0,0,0,0,0,1,1,1,0,1,1,1,1,1,1,1,1,0,0,0,0,0,0,0,0,1,0,1,1,0,1,0,0,0,0,0,0,0,ARTICLE,https://doi.org/10.1186/1471-2105-13-218
2012,"Y Wu, Y Lu, W Chen, J Fu, R Fan",In silico Experimentation of Glioma Microenvironment Development and Anti-tumor Therapy,1,1,0,0,1,0,1,0,0,0,0,0,0,0,0,0,1,1,1,1,1,0,0,0,0,0,0,0,0,1,0,0,1,1,0,0,0,0,0,1,0,1,0,0,1,1,0,0,0,ARTICLE,https://doi.org/10.1371/journal.pcbi.1002355
2013,"A Toma, LRC Castillo, TA Schuetz",A validated mathematical model of tumour-immune interactions for glioblastoma,1,0,1,1,1,0,0,0,0,0,0,0,0,0,0,1,1,1,1,1,1,1,1,1,1,0,0,0,0,0,0,0,0,0,0,0,0,0,0,0,0,0,0,0,1,1,0,0,0,ARTICLE,https://doi.org/10.2174/1573405611309020010
2013,"A Hawkins-Daarud, S Prudhomme, KG van der Zee, J Tinsley Oden","Bayesian calibration, validation, and uncertainty quantification of diffuse interface modes of tumor growth",1,1,1,0,0,0,0,0,0,0,0,0,0,0,0,0,1,1,0,1,1,0,0,0,0,0,0,0,0,0,0,0,0,0,0,0,0,0,0,0,0,0,0,0,0,0,1,1,0,ARTICLE,https://doi.org/10.1007/s00285-012-0595-9
2013,"C Engwer, T Hillen, MP Knappitsch, C Surulescu",A multiscale model for glioma growth: Formal diffusion limit and application to diffusion tensor imaging data,1,0,1,0,1,0,1,1,1,1,0,1,0,0,0,0,1,1,0,0,1,1,1,1,1,0,0,0,0,0,0,0,0,0,0,0,0,0,0,0,0,0,0,0,1,1,1,1,0,ARTICLE,https://doi.org/10.3934/mbe.2015011
2013,"D Yang, JP Tian, J Wang",A solvable hyperbolic free boundary problem modelling tumour regrowth,1,0,1,0,0,0,1,0,0,0,0,1,0,0,0,0,1,1,0,0,1,0,0,0,0,0,0,0,0,0,0,0,0,0,0,0,0,0,0,0,0,0,0,0,0,0,0,0,0,ARTICLE,https://doi.org/10.1080/00036811.2012.692366
2013,"G Meral, C Stinner, C Surulescu",On a multiscale model involving cell contractivity and its effects on tumor invasion,1,0,1,0,1,0,0,0,0,0,0,0,0,0,0,0,1,1,0,0,1,1,1,1,1,0,0,0,0,0,0,0,0,0,0,0,0,0,0,0,0,0,0,0,0,0,0,0,0,ARTICLE,https://doi.org/10.3934/dcdsb.2015.20.189
2013,"J Belmonte-Beitia, TE Woolley, JG Scott",Modelling biological invasions: Individual to population scales at interfaces,1,0,1,0,1,0,1,0,0,0,0,1,0,0,0,0,1,1,0,0,1,1,0,1,0,0,0,0,0,0,0,0,0,0,0,0,0,0,0,0,0,0,0,0,0,0,0,0,0,ARTICLE,https://doi.org/10.1016/j.jtbi.2013.05.033
2013,"J Yuan, L Liu, Q Hu",Mathematical modeling of brain glioma growth using modified reactiondiffusion equation on brain MR images,1,0,1,0,0,0,1,0,1,0,0,0,0,0,0,0,1,1,0,1,1,1,0,1,1,0,0,0,0,0,0,0,0,0,0,0,0,0,0,0,0,0,0,0,0,0,1,1,0,ARTICLE,https://doi.org/10.1016/j.compbiomed.2013.09.023
2013,"KJ Painter, T Hillen",Mathematical modelling of glioma growth: the use of diffusion tensor imaging (DTI) data to predict the anisotropic pathways of cancer invasion,1,0,1,0,1,0,1,1,1,0,0,0,0,0,0,0,1,1,0,0,1,1,0,1,1,1,0,1,0,0,0,0,0,0,0,0,0,0,0,0,0,0,0,0,1,1,1,1,0,ARTICLE,https://doi.org/10.1016/j.jtbi.2013.01.014
2013,"M Papadogiorgaki, P Koliou, X Kotsiakis, M.E Zervakis",Mathematical modelling of spatio-temporal glioma evolution,1,0,1,0,0,0,1,1,1,1,0,0,1,0,0,0,1,1,0,1,0,1,0,1,1,1,1,1,0,1,0,1,0,0,0,0,1,1,1,0,0,0,0,0,1,1,1,1,0,ARTICLE,https://doi.org/10.1186/1742-4682-10-47
2013,"M Welter, H Rieger",Interstitial fluid flow and drug delivery in vascularized tumors: a computational model,1,0,1,0,0,0,0,0,0,0,0,0,0,0,0,0,1,1,0,0,1,0,0,0,0,1,1,1,0,0,0,0,0,0,0,0,0,0,0,1,0,1,0,0,0,0,1,0,1,ARTICLE,https://doi.org/10.1371/journal.pone.0070395
2013,"M Lewis Neal, AD Trister, S Ahn, A Baldock, CA Bridge, L Guyman, et al.",Response classification based on a minimal model of glioblastoma growth is prognostic for clinical outcomes and distinguishes progression from pseudoprogression,1,0,1,0,0,0,1,1,0,0,0,0,0,0,0,0,1,1,1,1,1,0,0,0,0,0,0,0,0,0,0,0,0,0,0,0,0,0,0,0,0,0,0,0,0,0,0,0,0,ARTICLE,https://doi.org/10.1158/0008-5472.can-12-3588
2013,"M Lewis Neal, AD Trister, T Cloke, R Sodt, S Ahn, AL Baldock, et al.","Discriminating survival outcomes in patients with glioblastoma using a simulation-based, patient-specific response metric",1,0,1,0,0,0,1,1,0,0,0,0,0,0,0,0,1,1,0,0,1,1,0,1,0,0,0,0,0,0,0,0,0,0,0,0,0,0,0,0,0,0,0,0,0,0,0,0,0,ARTICLE,https://doi.org/10.1371/journal.pone.0051951
2013,"N Andre, D Barbolosi, F Billy, G Chapuisat",Mathematical model of cancer growth controled by metronomic chemotherapies,1,0,1,0,0,0,0,0,0,0,0,0,0,0,0,0,1,1,0,0,1,0,0,0,0,1,1,1,0,1,0,0,0,1,0,0,1,0,1,0,0,0,0,0,0,0,0,0,0,ARTICLE,https://hal.science/hal-00751645v1
2013,"TA Schuetz, S Becker, A Mang, A Toma",Modelling of glioblastoma growth by linking a molecular interaction network with an agent-based model,1,1,1,1,1,0,0,0,0,0,0,0,0,0,0,0,1,1,1,0,1,1,0,1,1,0,0,0,0,0,0,0,0,0,0,0,1,1,1,0,0,0,1,1,0,0,0,0,0,ARTICLE,https://doi.org/10.1080/13873954.2013.777748
2013,"X Gao, J Tyson McDonald, L Hlatky, H Enderling",Acute and fractionated irradiation differentially modulate glioma stem cell division kinetics,1,0,0,1,0,0,0,0,0,0,0,0,0,0,0,0,1,1,1,1,1,1,0,1,0,0,0,0,0,0,0,0,1,0,0,0,0,0,0,0,0,0,0,0,0,0,0,0,0,ARTICLE,https://doi.org/10.1158/0008-5472.CAN-12-3429
2013,"Y Kim, S Roh",A hybrid model for cell proliferation and migration in glioblastoma,1,1,0,0,1,0,1,0,0,1,0,0,0,0,0,0,1,1,1,1,1,1,1,1,1,0,0,0,0,1,0,0,1,1,0,0,1,1,1,1,0,1,0,0,1,1,1,1,1,ARTICLE,https://doi.org/10.3934/dcdsb.2013.18.969
2013,Y Kim,Regulation of cell proliferation and migration in glioblastoma: new therapeutic approach,1,1,1,0,1,0,0,0,0,0,0,0,0,0,0,0,1,1,0,1,1,1,0,1,1,0,0,0,0,0,0,0,0,0,0,0,0,0,0,0,0,0,0,0,0,0,0,0,0,ARTICLE,https://doi.org/10.3389/fonc.2013.00053
2013,"RP Aguiar, L Silveira Jr, ET Falcao, MT Tavares Pacheco, RA Zângaro, CA Pasqualucci",Discriminating Neoplastic and Normal Brain Tissues in Vitro Through Raman Spectroscopy: A Principal Components Analysis Classification Model,1,0,0,0,0,1,1,0,0,1,0,0,0,0,0,1,1,0,0,0,0,0,0,0,0,0,0,0,0,0,0,0,0,0,0,0,1,0,1,0,0,0,0,0,0,0,0,0,0,ARTICLE,https://doi.org/10.1089/pho.2012.3460
2014,"AG Johnpillai, FM Mahomed",Fundamental solution via invariant approach for a brain tumor model and its extensions,1,0,1,0,0,0,0,0,0,0,0,0,0,0,0,0,1,1,0,0,1,0,0,0,0,0,0,0,0,0,0,0,0,0,0,0,0,0,0,0,0,0,0,0,0,0,1,1,0,ARTICLE,https://doi.org/10.5560/zna.2014-0064
2014,"D Chen, AA Bobko, AC Gross, R Evans, CB Marsh, VV Khramtsov, TD Eubank, A Friedman","Involvement of tumor macrophage HIFs in chemotherapy effectiveness: mathematical modeling of oxygen, pH, and glutathione",1,1,1,0,1,0,0,0,0,0,0,0,0,0,0,0,1,1,1,0,1,1,0,1,1,1,1,1,0,1,1,0,0,0,0,0,1,1,1,1,0,1,0,0,1,1,0,0,0,ARTICLE,https://doi.org/10.1371/journal.pone.0107511
2014,"E Lima, JT Oden, RC Almeida",A hybrid ten-species phase-field model of tumor growth,1,0,1,0,1,0,0,0,0,0,0,0,0,0,0,0,1,1,0,0,1,1,1,0,0,1,1,1,0,1,1,0,0,0,0,0,1,0,1,0,0,0,0,0,0,0,0,0,0,ARTICLE,https://doi.org/10.1142/S0218202514500304
2014,"F Milde, G Tauriello, H Haberkern","SEM++: A particle model of cellular growth, signaling and migration",1,0,1,0,1,0,1,0,0,0,0,0,0,1,0,0,1,1,0,0,1,1,0,0,1,0,0,0,0,0,0,0,0,0,0,0,0,0,0,0,0,0,0,0,0,0,1,1,0,ARTICLE,https://doi.org/10.1007/s40571-014-0017-4
2014,"GJ Baker, V Nand Yadav, S Motsch, C Koschmann, A-A Calinescu, et al.","Mechanisms of glioma formation: iterative perivascular glioma growth and invasion leads to tumor progression, VEGF-independent vascularization, and resistance to antiangiogenic therapy",1,1,0,1,0,0,1,0,0,1,0,0,0,1,0,0,1,1,0,1,1,1,0,1,1,1,1,1,1,1,0,0,1,0,0,0,0,0,0,0,0,0,0,0,0,0,0,0,0,ARTICLE,https://doi.org/10.1016/j.neo.2014.06.003
2014,"H Enderling, M AJ Chaplain",Mathematical modeling of tumor growth and treatment,1,1,1,0,0,0,1,0,0,0,0,1,0,0,0,0,1,1,1,1,1,1,1,1,1,1,1,1,0,1,0,0,1,0,0,0,0,0,0,0,0,0,0,0,0,0,0,0,0,ARTICLE,https://doi.org/10.2174/1381612819666131125150434
2014,"JCL Alfonso, N Jagiella, L Núñez, MA Herrero, D Drasdo",Estimating dose painting effects in radiotherapy: a mathematical model,1,0,0,1,0,0,0,0,0,0,0,0,0,0,0,0,1,1,1,1,1,1,0,0,1,0,0,0,0,1,0,1,1,0,0,0,0,0,0,0,0,0,0,0,1,1,0,0,0,ARTICLE,https://doi.org/10.1371/journal.pone.0089380
2014,"K Leder, K Pitter, Q LaPlant, D Hambardzumyan, et al.",Mathematical modeling of PDGF-driven glioblastoma reveals optimized radiation dosing schedules,1,1,0,0,0,0,1,1,0,0,0,0,0,0,0,0,1,1,1,0,1,0,0,0,0,0,0,0,0,1,0,0,1,0,0,0,0,0,0,0,0,0,1,1,0,0,0,0,0,ARTICLE,https://doi.org/10.1016/j.cell.2013.12.029
2014,"M Badoual, C Gerin, C Deroulers, B Grammaticos, et al.",Oedema-based model for diffuse low-grade gliomas: application to clinical cases under radiotherapy,1,0,1,0,0,0,1,1,0,1,0,0,0,0,0,0,1,1,0,1,1,0,0,0,1,0,0,0,0,1,0,1,0,0,0,0,0,0,0,0,0,0,0,0,0,0,0,0,0,ARTICLE,https://doi.org/10.1111/cpr.12114
2014,"N Charteris, E Khain",Modeling chemotaxis of adhesive cells: stochastic lattice approach and continuum description,1,0,1,0,1,0,0,0,0,0,0,0,0,0,0,0,1,1,0,0,1,1,1,1,1,0,0,0,0,0,0,0,0,0,0,0,0,0,0,0,0,0,0,0,0,0,0,0,0,ARTICLE,https://doi.org/10.1088/1367-2630/16/2/025002
2014,Saut et al.,A Multilayer Grow-or-Go Model for GBM: Effects of Invasive Cells and Anti-Angiogenesis on Growth,1,0,1,0,0,0,1,1,0,0,0,0,1,0,0,0,1,1,0,1,1,0,0,1,0,1,1,0,0,0,0,0,0,0,0,0,0,0,0,0,0,0,0,0,0,0,0,0,0,ARTICLE,https://doi.org/10.1007/s11538-014-0007-y
2014,"TA Schuetz, A Mang, S Becker, A Toma, Thorsten M Buzug",Identification of crucial parameters in a mathematical multiscale model of glioblastoma growth,1,0,1,1,1,0,1,0,0,0,0,1,0,0,0,0,1,0,0,0,0,1,0,0,1,0,0,0,0,1,0,0,1,0,1,1,0,0,0,0,0,0,0,0,1,1,0,0,0,ARTICLE,https://doi.org/10.1155/2014/437094
2014,"Unkelbach J, Menze BH, Konukoglu E, Dittmann F, Ayache N, Shih HA",Radiotherapy planning for glioblastoma based on a tumour growth model: implications for spatial dose redistribution,1,0,1,0,0,0,1,1,0,0,0,0,0,0,0,0,1,1,1,0,0,0,0,0,0,0,0,0,0,0,0,0,0,0,0,0,0,0,0,1,1,0,0,0,0,0,0,0,0,ARTICLE,https://doi.org/10.1088/0031-9155/59/3/771
2014,JB Nikas,A mathematical model for short-term vs. long-term survival in patients with glioma,1,0,0,0,0,1,1,0,0,0,0,1,0,0,0,0,1,1,1,0,1,0,0,0,0,0,0,0,0,0,0,0,0,0,0,0,0,0,0,0,0,0,0,0,1,1,0,0,0,ARTICLE,https://pmc.ncbi.nlm.nih.gov/articles/PMC4266718/
2015,"A Caiazzo, I Ramis-Conde",Multiscale modelling of palisade formation in gliobastoma multiforme,1,0,1,0,1,0,1,0,0,0,0,0,0,1,0,0,1,1,0,0,1,1,0,1,0,0,0,0,0,0,0,0,0,0,0,0,0,0,0,1,1,0,0,0,0,0,1,1,0,ARTICLE,https://doi.org/10.1016/j.jtbi.2015.07.021
2015,"K Abernathy, J Burke",Modeling the Treatment of Glioblastoma Multiforme and Cancer Stem Cells with Ordinary Differential Equations,1,1,0,1,0,0,0,0,0,0,0,0,0,0,0,0,1,0,0,0,0,0,0,0,0,0,0,0,0,1,1,0,1,1,0,0,0,0,0,0,0,0,0,0,1,1,0,0,0,ARTICLE,https://doi.org/10.1155/2016/1239861
2015,"C Engwer, T Hillen, M Knappitsch, C Surulescu",Glioma follow white matter tracts: a multiscale DTI-based model,1,0,1,0,1,0,1,1,1,1,0,1,0,0,0,0,1,1,0,0,1,1,1,1,1,1,1,0,0,0,0,0,0,0,0,0,0,0,0,0,0,0,0,0,1,1,1,1,0,ARTICLE,https://doi.org/10.1007/s00285-014-0822-7
2015,E Özuğurlu,A note on the numerical approach for the reactiondiffusion problem to model the density of the tumor growth dynamics,1,0,1,0,0,0,0,0,0,0,0,0,0,0,0,0,1,1,0,1,1,1,0,1,1,0,0,0,0,0,0,0,0,0,0,0,1,0,1,0,0,0,0,0,1,1,0,0,0,ARTICLE,https://doi.org/10.1016/j.camwa.2015.04.018
2015,"H Hatzikirou, J C L Alfonso, S Mühle, C Stern, S Weiss, M Meyer-Hermann",Cancer therapeutic potential of combinatorial immuno-and vasomodulatory interventions,1,1,0,0,0,0,1,0,0,1,0,0,0,0,0,0,1,1,0,1,1,0,0,0,0,1,1,1,0,0,0,0,0,0,0,0,0,0,0,0,0,0,0,0,1,1,0,0,0,ARTICLE,https://doi.org/10.1098/rsif.2015.0439
2015,"K Böttger, H Hatzikirou, A Voss-Böhme, E Ada Cavalcanti-Adam, MA Herrero, A Deutsch",An emerging allee effect is critical for tumor initiation and persistence,1,0,1,0,0,0,0,0,0,0,0,0,0,0,0,0,1,1,1,1,1,1,0,1,1,1,0,0,0,0,0,0,0,0,0,0,0,0,0,1,0,1,1,1,0,0,0,0,0,ARTICLE,https://doi.org/10.1371/journal.pcbi.1004366
2015,"M Carletti, M Montani, V Meschini, M Bianchi",Stochastic modelling of PTEN regulation in brain tumors: A model for glioblastoma multiforme,1,1,0,1,0,0,1,1,0,0,0,0,0,0,0,0,1,0,0,0,0,0,0,0,0,0,0,0,0,1,0,0,0,1,0,0,0,0,0,0,0,0,0,0,0,0,0,0,0,ARTICLE,https://doi.org/10.3934/mbe.2015.12.965
2015,"M Sturrock, W Hao, J Schwartzbaum",A mathematical model of pre-diagnostic glioma growth,1,1,0,0,0,0,1,1,0,0,0,0,0,0,0,0,1,1,0,1,0,0,0,0,0,1,1,0,0,1,1,0,1,0,0,0,0,0,0,0,0,0,0,0,1,1,0,0,0,ARTICLE,https://doi.org/10.1016/j.jtbi.2015.06.003
2015,"MC Colombo, C Giverso, E Faggiano, C Boffano",Towards the personalized treatment of glioblastoma: integrating patient-specific clinical data in a continuous mechanical model,1,0,1,0,0,0,1,1,1,0,0,0,1,0,0,0,1,1,0,0,1,1,1,1,1,1,1,1,0,1,1,0,1,0,0,0,0,0,0,1,0,1,0,0,1,1,1,1,0,ARTICLE,https://doi.org/10.1371/journal.pone.0132887
2015,"ST Johnston, MJ Simpson, RE Baker",Modelling the movement of interacting cell populations: a moment dynamics approach,1,1,1,1,0,0,0,0,0,0,0,0,0,0,0,0,1,1,0,0,1,1,0,1,0,0,0,0,0,0,0,0,0,0,0,0,0,0,0,0,0,0,0,0,0,0,0,0,0,ARTICLE,https://doi.org/10.1016/j.jtbi.2015.01.025
2015,"T Buder, A Deutsch, B Klink, A Voss-Böhme",Model-based evaluation of spontaneous tumor regression in pilocytic astrocytoma,1,0,0,1,0,0,1,1,0,0,0,0,0,0,0,0,1,1,0,1,1,0,0,0,0,0,0,0,0,0,0,0,0,0,0,0,0,0,0,0,0,0,0,0,0,0,0,0,0,ARTICLE,https://doi.org/10.1371/journal.pcbi.1004662
2015,"T Galochkina, A Bratus, VM Prez-Garca",Optimal radiation fractionation for low-grade gliomas: Insights from a mathematical model,1,1,1,0,0,0,1,1,0,0,0,0,0,0,0,0,1,1,0,0,1,0,0,0,0,0,0,0,0,1,0,1,0,0,0,0,0,0,0,1,0,1,0,0,0,0,0,0,0,ARTICLE,https://doi.org/10.1016/j.mbs.2015.05.006
2015,"XL Li, WO Oduola, L Qian",Mathematical modeling reveals a critical role for cyclin D1 dynamics in phenotype switching during glioma differentiation,1,1,0,1,0,0,1,1,0,0,0,1,0,0,0,0,1,1,1,0,1,0,0,0,0,1,1,0,0,1,0,0,1,0,0,0,0,0,0,0,0,0,0,0,0,0,0,0,0,ARTICLE,https://doi.org/10.1016/j.febslet.2015.07.014
2015,"Y Kim, G Powathil, H Kang, D Trucu, H Kim, S Lawler",Strategies of eradicating glioma cells: A multi-scale mathematical model with miR-451-AMPK-mTOR control,1,1,1,0,1,0,1,1,0,1,0,0,0,0,0,0,1,1,1,1,1,1,1,1,1,1,0,1,1,1,0,0,0,1,0,0,1,1,1,1,0,1,0,0,0,0,1,1,1,ARTICLE,https://doi.org/10.1371/journal.pone.0114370
2015,"YY Victoria, D Nguyen, F Pajonk, P Kupelian",Incorporating cancer stem cells in radiation therapy treatment response modeling and the implication in glioblastoma multiforme treatment resistance,1,1,0,0,0,0,1,1,0,0,0,0,0,0,0,0,1,1,1,0,1,0,0,0,0,1,0,1,0,1,0,0,1,0,0,0,0,0,0,0,0,0,0,0,1,1,0,0,0,ARTICLE,https://doi.org/10.1016/j.ijrobp.2014.12.004
2015,"KE Emblem, MC Pinho, FG Zllner, P Due-Tonnessen",A generic support vector machine model for preoperative glioma survival associations,1,0,0,0,0,1,1,0,0,1,0,0,0,0,0,0,1,1,0,0,1,0,0,0,0,0,0,0,0,0,0,0,0,0,0,0,0,0,0,0,0,0,0,0,0,0,0,0,0,ARTICLE,https://doi.org/10.1148/radiol.14140770
2015,"VG Kanas, EI Zacharaki, C Davatzikos",A low cost approach for brain tumor segmentation based on intensity modeling and 3D Random Walker,1,0,0,0,0,1,1,0,0,1,0,0,0,0,0,0,1,0,0,0,0,0,0,0,0,1,0,0,1,0,0,0,0,0,0,0,0,0,0,0,0,0,0,0,1,1,0,0,0,ARTICLE,https://doi.org/10.1016/j.bspc.2015.06.004
2016,"A Gholami, A Mang, G Biros",An inverse problem formulation for parameter estimation of a reactiondiffusion model of low grade gliomas,1,0,1,0,0,0,1,0,1,0,0,0,0,0,0,0,1,1,0,0,1,1,1,1,1,1,1,0,0,0,0,0,0,0,0,0,0,0,0,0,0,0,0,0,0,0,1,1,0,ARTICLE,https://doi.org/10.1007/s00285-015-0888-x
2016,"A Hawkins-Daarud, K Swanson",Precision medicine in the clinic: Personalizing a model of glioblastoma through parameterization,1,0,1,0,0,0,1,0,0,1,0,0,0,0,0,0,1,1,0,0,1,1,0,1,0,0,0,0,0,0,0,0,0,0,0,0,0,0,0,0,0,0,0,0,0,0,0,0,0,ARTICLE,https://doi.org/10.1101/037424
2016,"A Zhigun, C Surulescu, A Hunt",Global existence for a degenerate haptotaxis model of tumor invasion under the go-or-grow dichotomy hypothesis,1,1,1,0,0,0,0,0,0,0,0,0,0,0,0,0,1,1,0,0,1,1,1,1,1,0,0,0,0,0,0,0,0,0,0,0,0,0,0,0,0,0,0,0,0,0,0,0,0,ARTICLE,https://doi.org/10.48550/arXiv.1605.09226
2016,"A I Reppas, J C L Alfonso, H Hatzikirou",In silico tumor control induced via alternating immunostimulating and immunosuppressive phases,1,1,0,0,0,0,1,0,0,1,0,0,0,0,0,0,1,1,0,1,1,0,0,0,0,1,0,1,0,0,0,0,0,0,0,0,0,0,0,0,0,0,0,0,1,1,0,0,0,ARTICLE,https://doi.org/10.1080/21505594.2015.1076614
2016,"D Mantzavinos, MG Papadomanolaki",Fokas transform method for a brain tumor invasion model with heterogeneous diffusion in 1+ 1 dimensions,1,0,1,0,0,0,0,0,0,0,0,0,0,0,0,0,1,1,0,1,1,1,0,1,1,0,0,0,0,0,0,0,0,0,0,0,0,0,0,0,0,0,0,0,0,0,0,0,0,ARTICLE,https://doi.org/10.1016/j.apnum.2014.09.006
2016,"F Ziebert, J Lber, IS Aranson",Macroscopic model of substrate-based cell motility,1,0,1,0,0,0,0,0,0,0,0,0,0,0,0,0,1,1,0,0,1,0,0,0,0,0,0,0,0,0,0,0,0,0,0,0,0,0,0,0,0,0,0,0,0,0,0,0,0,ARTICLE,https://doi.org/10.1007/978-3-319-24448-8_1
2016,"GG Powathil, AJ Munro, MAJ Chaplain",Bystander effects and their implications for clinical radiation therapy: Insights from multiscale in silico experiments,1,1,1,1,1,0,0,0,0,0,0,0,0,0,0,0,1,0,0,0,0,0,0,0,0,0,0,0,0,1,1,0,0,0,0,0,0,0,0,0,0,0,0,0,0,0,0,0,0,ARTICLE,https://doi.org/10.1016/j.jtbi.2016.04.010
2016,"Giovanni Borasi, Alan Nahum",Modelling the radiotherapy effect in the reaction-diffusion equation,1,0,1,0,0,0,0,0,0,0,0,0,0,0,0,0,0,0,0,0,0,0,0,0,0,0,0,0,0,0,0,0,0,0,0,0,0,0,0,0,0,0,0,0,0,0,0,0,0,ARTICLE,https://doi.org/10.1016/j.ejmp.2016.08.020
2016,"H Garcke, KF Lam, E Sitka, V Styles",A Cahn-Hilliard-Darcy model for tumour growth with chemotaxis and active transport,1,0,1,0,0,0,0,0,0,0,0,0,0,0,0,0,1,1,0,0,1,1,1,0,0,0,0,0,0,0,0,0,0,0,0,0,0,0,0,0,0,0,0,0,0,0,0,0,0,ARTICLE,https://doi.org/10.48550/arXiv.1508.00437
2016,"J Ortiz-Pla, E Fuster-Garcia, J Juan-Albarracin",GBM Modeling with Proliferation and Migration Phenotypes: A Proposal of Initialization for Real Cases,1,0,1,0,0,0,0,0,0,0,0,0,0,0,0,0,1,1,0,0,1,1,1,1,1,1,1,0,0,0,0,0,0,0,0,0,0,0,0,1,0,1,0,0,0,0,0,0,0,ARTICLE,https://doi.org/10.1007/978-3-319-46630-9_7
2016,"JG Scott, AG Fletcher, ARA Anderson",Spatial metrics of tumour vascular organisation predict radiation efficacy in a computational model,1,0,1,1,1,0,1,0,0,1,0,0,0,0,0,0,1,1,1,1,1,0,0,0,0,1,1,1,0,1,1,1,0,0,0,0,1,1,1,1,0,1,0,0,0,0,0,0,0,ARTICLE,https://doi.org/10.1371/journal.pcbi.1004712
2016,"M Elita, S Zeinali",Modeling and simulation of EGF-CSF-1 pathway to investigate glioma-macrophage interaction in brain tumors,1,0,1,0,0,0,1,1,0,0,0,1,0,0,0,0,1,1,0,0,1,1,1,1,1,1,1,0,1,1,0,0,1,0,0,0,0,0,0,1,0,1,0,0,1,1,0,0,0,ARTICLE,http://dx.doi.org/10.19070/2167-9118-SI05001
2016,"M L, H Delingette, J Kalpathy-Cramer",MRI based Bayesian personalization of a tumor growth model,1,0,1,0,0,0,1,0,1,0,0,0,0,0,0,0,1,1,0,0,1,1,0,1,0,1,1,0,0,0,0,0,0,0,0,0,0,0,0,0,0,0,0,0,0,0,1,1,0,ARTICLE,https://doi.org/10.1109/tmi.2016.2561098
2016,"P Mascheroni, et al.",Predicting the growth of glioblastoma multiforme spheroids using a multiphase porous media model,1,0,1,0,0,0,1,0,0,0,0,0,0,1,0,1,1,1,0,1,0,0,0,0,0,0,0,0,0,0,0,0,0,0,0,0,0,0,1,1,0,1,0,0,0,0,1,1,0,ARTICLE,https://doi.org/10.1007/s10237-015-0755-0
2016,"V Lopez de Rioja, N Isern, J Fort",A mathematical approach to virus therapy of glioblastomas,1,0,1,0,0,0,0,0,0,0,0,0,0,0,0,1,1,1,0,1,1,0,0,0,1,0,0,0,0,0,0,0,0,1,0,0,0,0,0,0,0,0,0,0,0,0,0,0,0,ARTICLE,https://doi.org/10.1186/s13062-015-0100-7
2016,"Y Cai, J Wu, Z Li, Q Long","Mathematical modelling of a brain tumour initiation and early development: a coupled model of glioblastoma growth, pre-existing vessel co-option",1,0,1,1,1,0,1,0,0,1,0,0,0,0,0,0,1,1,0,0,1,1,1,1,1,1,1,1,0,1,1,0,0,0,0,0,0,0,0,1,1,1,0,0,0,0,0,0,0,ARTICLE,https://doi.org/10.1371/journal.pone.0150296
2016,"Y Kim, H Jeon, H Othmer",The role of the tumor microenvironment in glioblastoma: A mathematical model,1,0,1,0,0,0,1,0,0,1,0,0,0,0,0,1,1,1,0,1,1,1,1,1,1,0,0,0,0,1,0,0,0,1,0,0,0,0,0,1,0,1,0,0,1,1,0,0,0,ARTICLE,https://doi.org/10.1109/tbme.2016.2637828
2016,"Y Watanabe, EL Dahlman, KZ Leder, SK Hui",A mathematical model of tumor growth and its response to single irradiation,1,1,0,0,0,0,1,1,0,1,0,1,0,0,0,0,1,1,1,1,1,0,0,0,0,1,1,1,1,1,0,0,1,0,0,0,0,0,0,0,0,0,0,0,0,0,0,0,0,ARTICLE,https://doi.org/10.1186/s12976-016-0032-7
2016,B Yener,Cell-graphs: image-driven modeling of structure-function relationship,1,0,0,0,0,1,1,0,0,1,0,0,0,0,0,0,1,1,0,0,1,0,0,0,0,0,0,0,0,0,0,0,0,0,0,0,0,0,0,0,0,0,0,0,0,0,0,0,0,ARTICLE,https://doi.org/10.1145/2960404
2017,"A Bratus, I Samokhin, I Yegorov, D Yurchenko",Maximization of viability time in a mathematical model of cancer therapy,1,0,1,0,0,0,0,0,0,0,0,0,0,0,0,0,1,1,1,1,0,1,0,0,0,0,0,0,0,0,0,0,0,0,0,0,0,0,0,0,0,0,0,0,1,1,0,0,0,ARTICLE,https://doi.org/10.1016/j.mbs.2017.10.011
2017,"A Elazab, H Bai, YM Abdulazeem, T Abdelhamid, et al.",Post-surgery glioma growth modeling from magnetic resonance images for patients with treatment,1,0,1,0,0,0,1,1,1,0,0,0,0,0,0,0,1,1,1,1,1,1,0,1,1,1,0,0,1,0,0,0,0,0,0,0,0,0,0,0,0,0,0,0,0,0,1,1,0,ARTICLE,https://doi.org/10.1038/s41598-017-01189-2
2017,"A Hunt, C Surulescu",A multiscale modeling approach to glioma invasion with therapy,1,0,1,0,0,0,1,1,1,1,0,1,1,0,0,0,1,1,1,1,1,1,1,1,1,1,1,0,0,1,0,0,1,0,0,0,0,0,0,1,0,1,0,0,0,0,0,0,0,ARTICLE,https://d-nb.info/1069938726/34
2017,"A Hussain, MS Muthuvalu, I Faye, et al.",Numerical simulation of brain tumor growth model using two-stage Gauss-Seidel method,1,0,1,0,0,0,0,0,0,0,0,0,0,0,0,0,1,1,0,1,1,0,0,0,0,0,0,0,0,0,0,0,0,0,0,0,0,0,0,0,0,0,0,0,0,0,0,0,0,ARTICLE,https://doi.org/10.1016/j.compbiomed.2022.106429
2017,"A Jalalimanesh, HS Haghighi, A Ahmadi",Simulation-based optimization of radiotherapy: Agent-based modeling and reinforcement learning,1,0,1,1,1,0,0,0,0,0,0,0,0,0,0,0,1,1,1,0,1,1,0,1,1,1,1,0,0,1,1,0,1,0,0,0,0,0,0,0,0,0,0,0,1,1,0,0,0,ARTICLE,https://doi.org/10.1016/j.matcom.2016.05.008
2017,"A Timalsina, JP Tian, J Wang",Mathematical and computational modeling for tumor virotherapy with mediated immunity,1,0,1,0,0,0,0,0,0,0,0,0,0,0,0,0,1,1,0,1,1,0,0,0,0,1,1,0,0,0,0,0,0,0,0,0,0,0,0,0,0,0,0,0,1,1,0,0,0,ARTICLE,https://doi.org/10.1007/s11538-017-0304-3
2017,"D Ambrosi, P Ciarletta, E Danesi, C Falco",A multiscale modeling approach to transport of nano-constructs in biological tissues,1,0,1,0,1,0,0,0,0,0,0,0,0,0,0,0,1,0,0,0,0,0,0,0,0,1,0,1,0,0,0,0,0,0,0,0,1,0,1,1,0,1,0,0,0,0,1,1,0,ARTICLE,https://doi.org/10.1007/978-3-319-73371-5_6
2017,"D Reher, B Klink, A Deutsch, A Voss-Bhme",Cell adhesion heterogeneity reinforces tumour cell dissemination: novel insights from a mathematical model,1,1,0,1,1,0,1,0,1,0,0,0,0,0,0,0,1,1,0,0,1,1,0,1,1,0,0,0,0,1,1,0,1,1,0,0,0,0,0,0,0,0,0,0,0,0,0,0,0,ARTICLE,https://doi.org/10.1186/s13062-017-0188-z
2017,"E Ollier, P Mazzocco, D Ricard",Analysis of temozolomide resistance in lowgrade gliomas using a mechanistic mathematical model,1,1,0,0,0,0,1,1,0,0,0,0,0,0,0,0,1,1,1,1,1,0,0,0,0,0,0,0,0,1,0,0,1,0,0,0,0,0,0,0,0,0,0,0,0,0,0,0,0,ARTICLE,https://doi.org/10.1111/fcp.12259
2017,"E Scribner, HM Fathallah-Shaykh",Single cell mathematical model successfully replicates key features of GBM: go-or-grow is not necessary,1,0,1,0,0,0,1,1,0,0,0,1,0,0,0,0,1,1,0,0,1,1,0,1,1,1,1,0,1,0,0,0,0,0,0,0,0,0,0,0,0,0,0,0,0,0,0,0,0,ARTICLE,https://doi.org/10.1371/journal.pone.0169434
2017,"EM Rutter, TL Stepien, BJ Anderies, JD Plasencia",Mathematical analysis of glioma growth in a murine model,1,0,1,0,0,0,1,1,1,0,0,0,1,0,0,1,1,1,1,1,1,1,0,1,1,1,1,1,1,1,1,0,0,0,0,0,0,0,0,0,0,0,0,0,1,1,1,1,0,ARTICLE,https://doi.org/10.1038/s41598-017-02462-0
2017,"F Ansarizadeh, M Singh, D Richards",Modelling of tumor cells regression in response to chemotherapeutic treatment,1,0,1,0,0,0,1,0,0,0,0,1,0,0,0,0,1,0,0,0,0,0,0,0,0,0,0,0,0,0,0,0,0,0,0,0,0,0,0,0,0,0,0,0,0,0,1,1,0,ARTICLE,https://doi.org/10.1016/j.apm.2017.03.045
2017,"F Pourhasanzade, SH Sabzpoushan",An agent-based model of avascular tumor growth: Immune response tendency to prevent cancer development,1,0,0,1,1,0,0,0,0,0,0,0,0,0,0,0,1,1,0,0,1,0,0,0,0,1,0,1,0,0,0,0,0,0,0,0,1,0,1,1,0,1,0,0,1,1,0,0,0,ARTICLE,https://doi.org/10.1177/0037549717699072
2017,"H Yan, M Romero-Lpez, LI Benitez, K Di, HB Frieboes",3D mathematical modeling of glioblastoma suggests that transdifferentiated vascular endothelial cells mediate resistance to current standard-of-care therapy,1,0,1,0,0,0,1,0,1,1,0,0,0,0,0,0,1,1,1,0,1,1,0,1,1,1,1,1,1,1,0,0,1,0,0,0,0,0,0,1,0,1,0,0,0,0,0,0,0,ARTICLE,https://doi.org/10.1158/0008-5472.CAN-16-3094
2017,"I Hidrovo, J Dey, ME Chesal, D Shumilov",Experimental method and statistical analysis to fit tumor growth model using SPECT/CT imaging: a preclinical study,1,1,0,0,0,0,1,1,0,0,0,0,1,0,0,1,1,1,0,1,1,0,0,0,0,0,0,0,0,0,0,0,0,0,0,0,0,0,0,0,0,0,0,0,0,0,0,0,0,ARTICLE,https://doi.org/10.21037/qims.2017.06.05
2017,"J Caccavale, D Fiumara, M Stapf, L Sweitzer",A simple and accurate rule-based modeling framework for simulation of autocrine/paracrine stimulation of glioblastoma cell motility and proliferation by,1,0,0,1,0,0,1,0,0,0,0,1,0,0,0,1,1,1,1,0,1,1,1,1,1,0,0,0,0,0,0,0,0,0,0,0,0,0,0,0,0,0,0,0,0,0,0,0,0,ARTICLE,https://doi.org/10.1186/s12918-017-0516-z
2017,"K Kaouri, PK Maini, SJ Chapman",Mathematical modelling of calcium signalling taking into account mechanical effects,1,1,0,0,0,0,0,0,0,0,0,0,0,0,0,0,1,1,0,0,1,0,0,0,0,0,0,0,0,0,0,0,0,0,0,0,0,0,0,0,0,0,0,0,0,0,0,0,0,ARTICLE,https://doi.org/10.48550/arXiv.1703.00540
2017,"K Talkenberger, EA Cavalcanti-Adam, A Voss-Böhme, A Deutsch",Amoeboid-mesenchymal migration plasticity promotes invasion only in complex heterogeneous microenvironments,1,0,0,1,0,0,0,0,0,0,0,0,0,0,0,0,1,0,0,0,0,1,1,1,1,0,0,0,0,1,0,1,0,0,0,0,0,0,1,1,0,0,1,1,0,0,0,0,0,ARTICLE,https://doi.org/10.1038/s41598-017-09300-3
2017,"L Pei, SMS Reza, W Li, C Davatzikos",Improved brain tumor segmentation by utilizing tumor growth model in longitudinal brain MRI,1,0,1,0,0,1,0,0,0,0,0,0,0,0,0,0,1,1,0,0,1,1,0,1,0,0,0,0,0,0,0,0,0,0,0,0,0,0,0,0,0,0,0,0,0,0,1,1,0,ARTICLE,https://doi.org/10.1117/12.2254034
2017,"L Peng, D Trucu, P Lin, A Thompson",A multiscale mathematical model of tumour invasive growth,1,0,1,0,1,0,0,0,0,0,0,0,0,0,0,0,1,1,0,0,1,1,1,0,1,0,0,0,0,0,0,0,0,0,0,0,0,0,0,0,0,0,0,0,0,0,0,0,0,ARTICLE,https://doi.org/10.1007/s11538-016-0237-2
2017,"ME Oraiopoulou, E Tzamali, G Tzedakis",In Vitro/In Silico Study on the Role of Doubling Time Heterogeneity among Primary Glioblastoma Cell Lines,1,0,1,1,0,0,1,1,0,1,0,1,0,0,0,1,1,1,1,1,1,1,0,1,0,1,1,0,0,1,0,0,1,0,0,0,0,0,0,0,0,0,0,0,0,0,0,0,0,ARTICLE,https://doi.org/10.1155/2017/8569328
2017,"MI Titze, J Frank, M Ehrhardt, S Smola, N Graf",A generic viral dynamic model to systematically characterize the interaction between oncolytic virus kinetics and tumor growth,1,1,0,0,0,0,0,0,0,0,0,0,0,0,0,1,1,1,0,1,1,0,0,0,0,0,0,0,0,0,0,0,0,0,0,0,0,0,0,0,0,0,0,0,1,1,0,0,0,ARTICLE,https://doi.org/10.1016/j.ejps.2016.11.003
2017,"MM Rahman, Y Feng, TE Yankeelov",A fully coupled spacetime multiscale modeling framework for predicting tumor growth,1,1,1,1,1,0,1,1,0,0,0,1,0,0,0,1,1,1,0,1,1,0,0,0,0,0,0,0,0,1,0,0,1,0,0,0,1,0,1,0,0,0,0,0,0,0,1,1,1,ARTICLE,https://doi.org/10.1016/j.cma.2017.03.021
2017,"MU Bogdaska, M Bodnar, J Belmonte-Beitia",A mathematical model of low grade gliomas treated with temozolomide and its therapeutical implications,1,1,0,0,0,0,1,1,0,1,0,0,0,0,0,0,1,1,0,1,1,0,0,0,0,1,0,0,1,1,0,0,1,0,0,0,1,0,1,0,0,0,0,0,0,0,0,0,0,ARTICLE,https://doi.org/10.1016/j.mbs.2017.02.003
2017,"MU Bogdaska, M Bodnar, MJ Piotrowska, M Murek",A mathematical model describes the malignant transformation of low grade gliomas: Prognostic implications,1,0,1,0,0,0,1,1,0,1,0,0,0,0,0,0,1,1,0,0,1,0,0,0,0,1,1,1,0,0,0,0,0,0,0,0,0,0,0,1,0,1,0,0,0,0,0,0,0,ARTICLE,https://doi.org/10.1371/journal.pone.0179999
2017,"N Meghdadi, H Niroomand-Oscuii, M Soltani",Brain tumor growth simulation: model validation through uncertainty quantification,1,0,1,0,0,0,0,0,0,0,0,0,0,0,0,0,1,1,0,0,1,1,0,1,1,0,0,0,0,0,0,0,0,0,0,0,0,0,0,0,0,0,0,0,0,0,1,1,0,ARTICLE,https://doi.org/10.1007/s13198-017-0577-9
2017,Patel and Hathout,Image-driven modeling of the proliferation and necrosis of glioblastoma multiforme,1,0,1,0,0,0,1,1,0,0,0,0,0,0,0,0,1,1,0,0,1,1,0,0,1,0,0,0,0,0,0,0,0,0,0,0,0,0,0,0,0,0,0,0,0,0,0,0,0,ARTICLE,https://doi.org/10.1186/s12976-017-0056-7
2017,"RC Rockne, P Frankel",Mathematical modeling in radiation oncology: Translating mathematical models into the clinic,1,1,0,0,1,0,1,1,1,0,0,0,1,0,0,0,1,1,0,1,1,1,0,1,1,0,0,0,0,1,0,0,1,0,0,0,0,0,0,0,0,0,0,0,0,0,0,0,0,ARTICLE,https://doi.org/10.1186/s13014-025-02626-7
2017,"S Khajanchi, S Banerjee",Quantifying the role of immunotherapeutic drug T11 target structure in progression of malignant gliomas: Mathematical modeling and dynamical perspective,1,1,0,0,0,0,1,1,1,0,0,0,0,0,0,0,1,1,0,1,1,0,0,0,0,1,0,0,1,0,0,0,0,0,0,0,0,0,0,0,0,0,0,0,1,1,0,0,0,ARTICLE,https://doi.org/10.1016/j.mbs.2017.04.006
2017,"SR McCurdy, A Molinaro, L Pachter",A latent variable model for survival time prediction with censoring and diverse covariates,1,0,0,0,0,1,1,0,0,0,0,1,0,0,0,0,1,1,0,1,0,0,0,0,0,0,0,0,0,0,0,0,0,0,0,0,0,0,0,0,0,0,0,0,0,0,0,0,0,ARTICLE,https://arxiv.org/abs/1706.06995
2017,"T Roque, L Risser, V Kersemans",A DCE-MRI driven 3-D reaction-diffusion model of solid tumor growth,1,0,1,0,0,0,1,1,1,0,0,0,0,0,0,0,1,1,1,0,1,1,1,1,0,0,0,0,0,0,0,0,0,0,0,0,0,0,0,0,0,0,0,0,0,0,1,1,0,ARTICLE,https://doi.org/10.1109/tmi.2017.2779811
2017,"W Lee, S Lim, Y Kim",The role of myosin II in glioma invasion: A mathematical model,1,0,0,0,1,0,0,0,0,0,0,0,0,0,0,0,1,1,1,0,1,1,1,1,1,1,1,1,0,1,0,0,1,0,0,0,0,0,0,1,1,1,0,0,1,1,1,1,1,ARTICLE,https://doi.org/10.1371/journal.pone.0171312
2018,"A Swan, T Hillen, JC Bowman, AD Murtha",A patient-specific anisotropic diffusion model for brain tumour spread,1,0,1,0,0,0,1,0,1,1,0,0,0,0,0,0,1,1,0,1,1,1,0,1,0,0,0,0,0,0,0,0,0,0,0,0,0,0,0,0,0,0,0,0,0,0,1,1,0,ARTICLE,https://doi.org/10.1007/s11538-017-0271-8
2018,"A Zhigun, C Surulescu, A Hunt",A strongly degenerate diffusionhaptotaxis model of tumour invasion under the goorgrow dichotomy hypothesis,1,0,1,0,1,0,1,0,0,1,0,0,0,0,0,0,1,1,0,0,1,1,0,1,0,0,0,0,0,0,0,0,0,0,0,0,0,0,0,0,0,0,0,0,0,0,0,0,0,ARTICLE,https://ui.adsabs.harvard.edu/link_gateway/2018MMAS...41.2403Z/doi:10.1002/mma.4749
2018,"E Fernndez-Cara, J Lmaco",Optimal control of a two-equation model of radiotherapy,1,1,1,0,0,0,0,0,0,0,0,0,0,0,0,0,1,1,0,0,1,0,0,0,0,0,0,0,0,0,0,0,0,0,0,0,0,0,0,0,0,0,0,0,0,0,0,0,0,ARTICLE,https://doi.org/10.3934/mcrf.2018005
2018,"H Xie, Y Jiao, Q Fan, M Hai, J Yang, Z Hu, Y Yang",Modeling three-dimensional invasive solid tumor growth in heterogeneous microenvironment under chemotherapy,1,1,1,0,1,0,0,0,0,0,0,0,0,0,0,0,1,1,0,0,1,1,1,0,0,1,0,1,0,1,1,1,0,1,0,0,1,0,1,0,0,0,0,0,0,0,0,0,0,ARTICLE,https://doi.org/10.1371/journal.pone.0206292
2018,"DA Hormuth II, et al.",Mechanically Coupled Reaction-Diffusion Model to Predict Glioma Growth: Methodological Details,1,0,1,0,0,0,1,1,1,0,0,0,0,0,0,0,1,1,0,1,1,1,0,1,0,0,0,0,0,0,0,0,0,0,0,0,0,0,0,0,0,0,0,0,0,0,1,1,0,ARTICLE,https://doi.org/10.1007/978-1-4939-7493-1_11
2018,"J Kroos, C Stinner, C Surulescu, N Surulescu",SDE-driven modeling of phenotypically heterogeneous tumors: The influence of cancer cell stemness,1,0,1,0,1,0,0,0,0,0,0,0,0,0,0,0,1,1,0,0,1,0,0,0,0,0,0,0,0,1,1,0,1,0,0,0,0,0,0,1,0,1,0,0,0,0,0,0,0,ARTICLE,https://doi.org/10.3934/dcdsb.2019157
2018,"KS Saili, TJ Zurlinden, TB Knudsen",Modeling the Neurovascular Unit in vitro and in silico,1,0,0,1,0,0,1,0,0,0,0,1,0,0,0,1,1,1,0,0,1,0,0,0,0,1,0,1,1,1,0,0,1,0,0,0,1,0,1,1,1,0,0,0,0,0,0,0,0,ARTICLE,https://doi.org/10.1016/B978-0-12-809405-1.00011-0
2018,"M Papadogiorgaki, P Koliou, ME Zervakis",Glioma growth modeling based on the effect of vital nutrients and metabolic products,1,0,1,0,0,0,1,1,0,0,0,0,1,0,0,0,1,1,0,1,1,1,0,1,1,1,1,0,1,1,1,1,0,0,0,0,1,1,1,1,0,1,0,0,0,0,0,0,0,ARTICLE,https://doi.org/10.1007/s11517-018-1809-0
2018,"S Angeli, KE Emblem, P Due-Tonnessen",Towards patient-specific modeling of brain tumor growth and formation of secondary nodes guided by DTI-MRI,1,0,1,0,0,0,1,1,1,0,0,0,0,0,0,0,1,1,0,1,1,1,0,1,1,1,1,0,0,0,0,0,0,0,0,0,1,1,1,0,0,0,0,0,1,1,1,1,0,ARTICLE,https://doi.org/10.1016/j.nicl.2018.08.032
2018,"S Motsch, D Peurichard",From short-range repulsion to Hele-Shaw problem in a model of tumor growth,1,0,1,1,0,0,0,0,0,0,0,0,0,0,0,0,1,1,0,1,1,1,0,0,1,0,0,0,0,0,0,0,0,0,0,0,0,0,0,0,0,0,0,0,0,0,0,0,0,ARTICLE,https://doi.org/10.1007/s00285-017-1143-4
2018,"S Stein, R Zhao, H Haeno, I Vivanco",Mathematical modeling identifies optimum lapatinib dosing schedules for the treatment of glioblastoma patients,1,1,1,0,0,0,1,1,0,1,0,1,0,0,0,1,1,1,0,1,1,0,0,0,1,1,0,0,1,0,0,0,0,0,0,0,0,0,0,1,0,1,0,0,0,0,0,0,0,ARTICLE,https://doi.org/10.1371/journal.pcbi.1005924
2018,"SH Sabzpoushan, F Pourhasanzade",A new method for shrinking tumor based on microenvironmental factors: Introducing a stochastic agent-based model of avascular tumor growth,1,0,0,1,0,0,1,0,0,1,0,0,0,0,0,0,1,1,0,1,1,0,0,0,0,1,1,1,0,1,1,0,0,1,0,0,0,0,0,1,0,1,0,0,1,1,0,0,0,ARTICLE,https://doi.org/10.1016/j.physa.2018.05.131
2018,"WO Oduola, X Li",Multiscale tumor modeling with drug pharmacokinetic and pharmacodynamic profile using stochastic hybrid system,1,1,0,0,1,0,1,0,0,0,0,1,0,0,0,0,1,1,1,0,1,0,0,0,0,1,1,0,0,1,0,0,1,0,0,0,1,0,1,0,0,0,0,0,0,0,0,0,0,ARTICLE,https://doi.org/10.1177/1176935118790262
2018,"Y Zheng, J Bao, Q Zhao, T Zhou, X Sun",A spatio-temporal model of macrophage-mediated drug resistance in glioma immunotherapy,1,0,1,0,0,0,1,0,0,0,0,1,0,0,0,0,1,1,0,1,1,1,1,1,1,0,0,0,0,1,0,1,1,0,0,0,1,1,1,1,0,1,0,0,1,1,0,0,0,ARTICLE,https://doi.org/10.1158/1535-7163.mct-17-0634
2018,"YT Nguyen Edalgo, AN Ford Versypt",Mathematical modeling of metastatic cancer migration through a remodeling extracellular matrix,1,0,1,0,0,0,0,0,0,0,0,0,0,0,0,0,1,1,0,0,1,1,1,1,1,1,1,1,0,1,0,0,0,1,0,0,1,0,1,1,0,1,0,0,0,0,1,1,0,ARTICLE,https://doi.org/10.3390/pr6050058
2018,"A Miranda, T Cova, J Sousa, C Vitorino",Computational modeling in glioblastoma: from the prediction of bloodbrain barrier permeability to the simulation of tumor behavior,1,0,0,0,1,1,1,0,0,0,0,1,0,0,0,0,1,1,1,0,1,1,0,1,1,1,1,0,1,1,1,0,0,0,0,0,0,0,0,1,1,1,0,0,0,0,0,0,0,ARTICLE,https://doi.org/10.4155/fmc-2017-0128
2018,"A Tietze, A Nielsen, I Klrke Mikkelsen, M Bo Hansen",Bayesian modeling of Dynamic Contrast Enhanced MRI data in cerebral glioma patients improves the diagnostic quality of hemodynamic parameter maps,1,0,0,0,0,1,1,1,0,1,0,0,0,0,0,0,1,0,0,0,0,0,0,0,0,1,0,1,1,0,0,0,0,0,0,0,0,0,0,0,0,0,0,0,0,0,0,0,0,ARTICLE,https://doi.org/10.1371/journal.pone.0202906
2018,"C Ma, G Luo, K Wang",Concatenated and connected random forests with multiscale patch driven active contour model for automated brain tumor segmentation of MR images,1,0,0,0,0,1,1,1,0,0,0,0,0,0,0,0,1,1,0,1,0,0,0,0,0,0,0,0,0,0,0,0,0,0,0,0,0,0,0,0,0,0,0,0,0,0,0,0,0,ARTICLE,https://doi.org/10.1109/TMI.2018.2805821
2018,"D Kang, JE Park, YH Kim, JH Kim, JY Oh, J Kim",Diffusion radiomics as a diagnostic model for atypical manifestation of primary central nervous system lymphoma: development and multicenter external validation,1,0,0,0,0,1,1,1,1,0,0,1,0,0,0,0,1,0,0,0,0,0,0,0,0,0,0,0,0,0,0,0,0,0,0,0,1,1,0,1,0,1,0,0,1,1,0,0,0,ARTICLE,https://doi.org/10.1093/neuonc/noy021
2018,"E Audureau, A Chivet, R Ursu, R Corns",Prognostic factors for survival in adult patients with recurrent glioblastoma: a decision-tree-based model,1,0,0,0,0,1,0,0,0,0,0,0,0,0,0,0,0,0,0,0,0,0,0,0,0,0,0,0,0,0,0,0,0,0,0,0,0,0,0,0,0,0,0,0,0,0,0,0,0,ARTICLE,https://doi.org/10.1007/s11060-017-2685-4
2018,"JA Molina-Mora, M Kop-Montero",A hybrid mathematical modeling approach of the metabolic fate of a fluorescent sphingolipid analogue to predict cancer chemosensitivity,1,1,0,0,1,1,0,0,0,0,0,0,0,0,0,0,1,1,1,0,0,0,0,0,0,0,0,0,0,0,0,0,0,0,0,0,1,0,1,0,0,0,0,0,0,0,0,0,0,ARTICLE,https://doi.org/10.1016/j.compbiomed.2018.04.008
2018,"JW Koehler, AD Miller, CR Miller",A revised diagnostic classification of canine glioma: towards validation of the canine glioma patient as a naturally occurring preclinical model for human glioma,1,0,0,0,0,1,1,0,0,1,0,0,1,0,0,0,1,1,0,0,1,1,0,1,1,1,0,1,1,1,1,0,0,0,0,0,0,0,0,0,0,0,0,0,1,1,0,0,0,ARTICLE,https://doi.org/10.1093/jnen/nly085
2018,"M Kim, I Tagkopoulos",Data integration and predictive modeling methods for multi-omics datasets,1,0,0,0,0,1,1,0,0,0,0,1,0,0,0,0,1,1,0,1,0,0,0,0,0,0,0,0,0,0,0,0,0,0,0,0,0,0,0,0,0,0,0,0,0,0,0,0,0,ARTICLE,https://doi.org/10.1039/C7MO00051K
2018,"ME Oraiopoulou, E Tzamali, G Tzedakis, et al.",Integrating in vitro experiments with in silico approaches for Glioblastoma invasion: the role of cell-to-cell adhesion heterogeneity,1,0,1,1,1,0,1,0,0,0,0,1,0,1,0,1,1,1,0,0,1,1,1,1,1,0,0,0,0,0,0,0,0,0,0,0,0,0,1,0,0,0,0,0,0,0,1,1,1,ARTICLE,https://doi.org/10.1038/s41598-018-34521-5
2018,"MR Ismael, I Abdel-Qader",Brain Tumor Classification via Statistical Features and Back-Propagation Neural Network,1,0,0,0,1,1,1,0,0,1,0,0,0,0,0,0,1,0,0,0,0,0,0,0,0,1,0,0,1,0,0,0,0,0,0,0,0,0,0,0,0,0,0,0,0,0,0,0,0,ARTICLE,https://doi.org/10.1109/EIT.2018.8500308
2018,"Q Mo, R Shen, C Guo, M Vannucci, KS Chan",A fully Bayesian latent variable model for integrative clustering analysis of multi-type omics data,1,0,0,0,0,1,1,0,0,0,0,1,0,0,0,0,1,1,1,0,1,1,0,0,1,0,0,0,0,1,0,0,0,1,0,0,0,0,0,0,0,0,0,0,1,1,0,0,0,ARTICLE,https://doi.org/10.1093/biostatistics/kxx017
2018,"S Kuthuru, W Deaderick, H Bai, C Su, T Vu","A visually interpretable, dictionary-based approach to imaging-genomic modeling, with low-grade glioma as a case study",1,0,0,0,0,1,1,0,0,1,0,1,0,0,0,0,1,0,0,0,0,0,0,0,0,0,0,0,0,0,0,0,0,0,0,0,1,0,1,0,0,0,0,0,0,0,0,0,0,ARTICLE,https://doi.org/10.1177/1176935118802796
2019,"A Allahverdy, AK Moghaddam, S Rahbar",An agent-based model for investigating the effect of myeloid-derived suppressor cells and its depletion on tumor immune surveillance,1,0,0,1,1,0,0,0,0,0,0,0,0,0,0,0,1,0,0,0,0,0,0,0,0,0,0,0,0,0,0,0,0,0,0,0,0,0,0,1,0,1,0,0,1,1,0,0,0,ARTICLE,https://doi.org/10.4103/jmss.jmss_33_18
2019,"A Kusek, M o, M Paszyski",Efficient model of tumor dynamics simulated in multi-GPU environment,1,0,1,1,1,0,0,0,0,0,0,0,0,0,0,0,1,1,0,0,1,0,0,0,0,1,0,1,0,0,0,0,0,0,0,0,0,0,0,0,0,0,0,0,0,0,0,0,0,ARTICLE,https://doi.org/10.1177/1094342018816772
2019,"A Perrillat-Mercerot, N Bourmeyster, C Guillevin",Mathematical modeling of substrates fluxes and tumor growth in the brain,1,1,0,0,0,0,0,0,0,0,0,0,0,0,0,0,1,0,0,0,0,0,0,0,0,1,0,1,0,1,1,0,0,0,0,0,1,1,1,1,0,1,0,0,0,0,0,0,0,ARTICLE,https://doi.org/10.1007/s10441-019-09343-1
2019,"A Stephanou, A Ballesta",pH as a potential therapeutic target to improve temozolomide antitumor efficacy: A mechanistic modeling study,1,1,1,0,1,0,1,0,0,0,0,1,1,0,0,0,1,1,0,0,1,0,0,0,0,1,1,1,1,0,0,0,0,0,0,0,1,1,1,1,0,1,0,0,0,0,0,0,0,ARTICLE,https://doi.org/10.1002/prp2.454
2019,"D Abler, RC Rockne, P Büchler",Evaluating the Effect of Tissue Anisotropy on Brain Tumour Growth Using a Mechanically Coupled Reaction–Diffusion Model,1,0,1,0,0,0,1,1,1,0,0,0,0,0,0,0,1,1,0,0,1,1,0,1,1,0,0,0,0,0,0,0,0,0,0,0,0,0,0,0,0,0,0,0,0,0,1,1,0,BOOK,https://doi.org/10.1007/978-3-030-23073-9_3
2019,"D Abler, P Büchler, RC Rockne",Towards model-based characterization of biomechanical tumor growth phenotypes,1,0,1,0,0,0,1,1,0,0,0,0,0,0,0,0,1,1,0,0,1,1,0,1,0,0,0,0,0,0,0,0,0,0,0,0,0,0,0,0,0,0,0,0,0,0,1,1,0,ARTICLE,https://doi.org/10.1007/978-3-030-35210-3_6
2019,"D Sigal, M Przedborski, D Sivaloganathan",Mathematical modelling of cancer stem cell-targeted immunotherapy,1,1,0,0,0,0,1,0,0,0,0,1,0,0,0,0,1,1,0,1,0,0,0,0,0,0,0,0,0,1,0,0,1,0,0,0,0,0,0,0,0,0,0,0,1,1,0,0,0,ARTICLE,https://doi.org/10.1016/j.mbs.2019.108269
2019,"G Kimmel, J Barnholtz-Sloan, H Ji, P Altrock",Modeling the Evolution of Ploidy in a Resource Restricted Environment,1,0,1,1,0,0,0,0,0,0,0,0,0,0,0,0,1,1,1,0,1,1,1,1,1,1,1,0,0,0,0,0,0,0,0,0,0,0,0,0,0,0,1,1,1,1,0,0,0,ARTICLE,https://doi.org/10.1007/978-3-030-35210-3_2
2019,"GKH Zupanc, FB Zupanc, R Sipahi",Stochastic cellular automata model of tumorous neurosphere growth: Roles of developmental maturity and cell death,1,0,0,1,0,0,0,0,0,0,0,0,0,0,0,0,1,1,1,1,1,1,0,1,1,0,0,0,0,1,0,1,1,1,0,0,0,0,0,1,0,1,0,0,1,1,0,0,0,ARTICLE,https://doi.org/10.1016/j.jtbi.2019.01.028
2019,"IC Sorribes, MNJ Moore, HM Byrne, HV Jain",A biomechanical model of tumor-induced intracranial pressure and edema in brain tissue,1,0,1,0,0,0,1,1,0,0,0,0,0,0,0,0,1,1,0,1,0,1,0,1,0,1,1,0,1,0,0,0,0,0,0,0,0,0,0,0,0,0,0,0,0,0,1,1,0,ARTICLE,https://doi.org/10.1016/j.bpj.2019.02.030
2019,"J Ayensa-Jimnez, MH Doweidar, T Randelovic",On the simulation of organ-on-chip cell processes: Application to an in vitro model of glioblastoma evolution,1,1,1,0,0,0,1,0,0,1,0,0,0,0,0,1,1,1,0,1,1,1,1,0,1,0,0,0,0,0,0,0,0,0,0,0,1,0,1,1,0,1,0,0,0,0,0,0,0,BOOK,https://doi.org/10.1016/B978-0-12-816390-0.00016-9
2019,J Malinzi,Mathematical analysis of a mathematical model of chemovirotherapy: effect of drug infusion method,1,1,0,0,0,0,0,0,0,0,0,0,0,0,0,0,1,1,0,1,0,0,0,0,0,0,0,0,0,0,0,0,0,0,0,0,0,0,0,0,0,0,0,0,0,0,0,0,0,ARTICLE,https://doi.org/10.1155/2019/7576591
2019,"J Zhao, JP Tian",Spatial model for oncolytic virotherapy with lytic cycle delay,1,1,0,0,0,0,0,0,0,0,0,0,0,0,0,0,1,1,0,1,1,0,0,0,0,0,0,0,0,0,0,0,0,0,0,0,0,0,0,0,0,0,0,0,1,1,0,0,0,ARTICLE,https://doi.org/10.1007/s11538-019-00611-2
2019,"J Jacobs, R Rockne, A Hawkins-Daarud, P Jackson, et al.",Improved model prediction of glioma growth utilizing tissue-specific boundary effects,1,0,1,0,0,0,1,1,0,0,0,0,0,0,0,0,1,1,0,1,1,1,0,1,1,0,0,0,0,0,0,0,0,0,0,0,0,0,0,1,1,0,0,0,0,0,0,0,0,ARTICLE,https://doi.org/10.1016/j.mbs.2019.04.004
2019,"JG Scott, A Dhawan, A Hjelmeland, J Lathia",Recasting the cancer stem cell hypothesis: unification using a continuum model of microenvironmental forces,1,0,1,0,0,0,0,0,0,0,0,0,0,0,0,0,1,1,0,1,1,0,0,0,0,0,0,0,0,1,1,0,0,0,0,0,0,0,0,1,0,1,1,1,0,0,0,0,0,ARTICLE,https://doi.org/10.1007/s40778-019-0153-0
2019,"K Peskov, I Azarov, L Chu, V Voronova",Quantitative mechanistic modeling in support of pharmacological therapeutics development in immuno-oncology,1,1,0,0,1,0,1,0,0,0,0,1,0,0,0,0,1,0,0,0,0,0,0,0,0,0,0,0,0,0,0,0,0,0,0,0,0,0,0,1,0,1,0,0,1,1,0,0,0,ARTICLE,https://doi.org/10.3389/fimmu.2019.00924
2019,"KA Norton, C Gong, S Jamalian, AS Popel",Multiscale agent-based and hybrid modeling of the tumor immune microenvironment,1,0,1,1,1,0,1,0,0,0,0,0,0,1,0,0,1,1,0,0,1,1,1,1,1,1,0,1,0,1,0,0,1,0,0,0,1,1,0,1,0,1,0,0,1,1,1,0,1,ARTICLE,https://doi.org/10.3390/pr7010037
2019,"LA Harris, S Beik, PMM Ozawa, L Jimenez",Modeling heterogeneous tumor growth dynamics and cellcell interactions at single-cell and cell-population resolution,1,0,0,0,1,0,1,0,0,0,0,1,0,0,0,0,1,1,1,1,1,1,0,0,1,1,1,1,0,1,0,1,1,1,0,0,1,0,1,1,0,1,0,0,1,1,0,0,0,ARTICLE,https://doi.org/10.1016/j.coisb.2019.09.005
2019,"LC Franssen, T Lorenzi, AEF Burgess",A mathematical framework for modelling the metastatic spread of cancer,1,0,1,0,1,0,1,0,1,0,0,0,0,0,0,0,1,1,0,0,1,1,1,0,0,1,0,1,0,1,1,0,0,0,0,0,0,0,0,1,0,1,0,0,0,0,1,1,0,ARTICLE,https://doi.org/10.1007/s11538-019-00597-x
2019,"M Antonopoulos, D Dionysiou, G Stamatakos",Three-dimensional tumor growth in time-varying chemical fields: a modeling framework and theoretical study,1,0,0,0,1,0,1,0,1,0,0,0,1,0,0,0,1,1,1,0,1,1,1,0,0,1,1,1,0,1,0,1,0,0,0,0,1,1,1,1,0,1,0,0,1,1,1,1,0,ARTICLE,https://doi.org/10.1186/s12859-019-2997-9
2019,"P Feng, Z Dai, D Wallace",On a 2d model of avascular tumor with weak allee effect,1,0,1,0,0,0,0,0,0,0,0,0,0,0,0,0,1,1,0,1,0,0,0,0,0,0,0,0,0,0,0,0,0,0,0,0,0,0,0,0,0,0,0,0,0,0,0,0,0,ARTICLE,https://doi.org/10.1155/2019/9581072
2019,"PT Sowndarrajan, J Manimaran",Distributed optimal control of a tumor growth treatment model with cross-diffusion effect,1,0,1,0,0,0,0,0,0,0,0,0,0,0,0,0,1,1,0,1,0,1,1,0,0,0,0,0,0,0,0,0,0,0,0,0,0,0,0,0,0,0,0,0,1,1,0,0,0,ARTICLE,https://doi.org/10.1140/epjp/i2019-12866-8
2019,S Khajanchi,Stability analysis of a mathematical model for glioma-immune interaction under optimal therapy,1,1,0,0,0,0,1,1,0,0,0,0,0,0,0,0,1,1,0,1,1,0,0,0,0,1,0,0,1,0,0,0,0,0,0,0,0,0,0,1,0,1,0,0,1,1,0,0,0,ARTICLE,https://doi.org/10.1515/ijnsns-2017-0206?urlappend=%3Futm_source%3Dresearchgate.net%26utm_medium%3Darticle
2019,"S Subramanian, A Gholami, G Biros",Simulation of glioblastoma growth using a 3D multispecies tumor model with mass effect,1,0,1,0,1,0,1,1,1,1,0,0,1,0,0,0,1,1,0,0,1,1,1,1,1,1,1,0,0,0,0,0,0,0,0,0,0,0,0,1,0,1,0,0,0,0,1,1,0,ARTICLE,https://doi.org/10.1007/s00285-019-01383-y
2019,"W Liang, Y Zheng, J Zhang, X Sun",Multiscale modeling reveals angiogenesis-induced drug resistance in brain tumors and predicts a synergistic drug combination targeting EGFR and VEGFR,1,0,0,1,1,0,1,0,0,0,1,1,0,0,0,0,1,1,1,0,1,1,1,0,1,1,1,1,0,0,0,0,0,0,1,1,0,0,0,1,0,1,0,0,0,0,0,0,0,ARTICLE,https://doi.org/10.1186/s12859-019-2737-1
2019,"X Feng, DA Hormuth, TE Yankeelov",An adjoint-based method for a linear mechanically-coupled tumor model: application to estimate the spatial variation of murine glioma growth based on diffusion,1,0,1,0,0,0,1,1,0,0,0,0,0,0,0,1,1,1,0,1,1,1,0,1,0,0,0,0,0,0,0,0,0,0,0,0,1,0,1,0,0,0,0,0,0,0,1,1,0,ARTICLE,https://doi.org/10.1007/s00466-018-1589-2
2019,"Y Kim, J Lee, D Lee, HG Othmer",Synergistic effects of bortezomib-OV therapy and anti-invasive strategies in glioblastoma: a mathematical model,1,0,0,0,1,0,1,1,0,0,0,0,0,0,0,0,1,1,0,0,1,1,1,1,1,1,1,0,1,1,1,0,1,0,0,0,0,0,0,1,1,1,0,0,1,1,0,0,0,ARTICLE,https://doi.org/10.3390/cancers11020215
2019,"A Elazab, AM Anter, H Bai, Q Hu, Z Hussain, D Ni",An optimized generic cerebral tumor growth modeling framework by coupling biomechanical and diffusive models with treatment effects,1,0,1,0,0,1,1,1,1,0,0,0,1,0,0,0,1,1,0,0,1,1,0,1,1,1,1,0,0,0,0,0,0,0,0,0,1,0,1,0,0,0,0,0,0,0,1,1,0,ARTICLE,https://doi.org/10.1016/j.asoc.2019.04.034
2019,AFI Osman,A multi-parametric MRI-based radiomics signature and a practical ML model for stratifying glioblastoma patients based on survival toward precision oncology,1,0,0,0,0,1,1,1,1,0,0,0,0,0,0,0,0,0,0,0,0,0,0,0,0,0,0,0,0,0,0,0,0,0,0,0,0,0,0,0,0,0,0,0,0,0,0,0,0,ARTICLE,https://doi.org/10.3389/fncom.2019.00058
2019,"CC Pan, J Liu, J Tang, X Chen, F Chen, Y Wu",A machine learning-based prediction model of H3K27M mutations in brainstem gliomas using conventional MRI and clinical features,1,0,0,0,0,1,1,0,1,0,0,1,0,0,0,0,1,1,0,1,1,1,0,0,1,0,0,0,0,1,0,0,1,1,0,0,0,0,0,0,0,0,0,0,0,0,0,0,0,ARTICLE,https://doi.org/10.1016/j.radonc.2018.07.011
2019,"I Ezhov, et al.",Neural Parameters Estimation for Brain Tumor Growth Modeling,1,0,1,0,0,1,1,1,1,0,0,0,0,0,0,0,1,1,0,1,1,1,0,0,1,0,0,0,0,0,0,0,0,0,0,0,0,0,0,0,0,0,0,0,0,0,0,0,0,ARTICLE,https://doi.org/10.1007/978-3-030-32245-8_87
2019,"J Lipkova, et al.","Personalized Radiotherapy Design for Glioblastoma: Integrating Mathematical Tumor Models, Multimodal Scans, and Bayesian Inference",1,0,1,0,0,1,0,1,0,0,0,0,1,0,0,0,1,1,0,1,1,1,0,0,1,0,0,0,0,0,0,0,0,0,0,0,0,0,0,0,0,0,0,0,0,0,0,0,0,ARTICLE,https://doi.org/10.1109/TMI.2019.2902044
2019,"RT Woodall, DA Hormuth II",Integrating quantitative imaging and computational modeling to predict the spatiotemporal distribution of 186Re nanoliposomes for recurrent glioblastoma treatment,1,0,0,0,0,1,1,1,0,0,0,0,0,0,0,0,1,1,0,0,1,0,0,0,0,1,0,0,1,0,0,0,0,0,0,0,0,0,0,0,0,0,0,0,0,0,0,0,0,ARTICLE,https://doi.org/10.1117/12.2512867
2019,"T Mizutani, T Magome, H Igaki, A Haga",Optimization of treatment strategy by using a machine learning model to predict survival time of patients with malignant glioma after radiotherapy -> dose-volume histogram + clinical,1,0,0,0,1,1,0,0,0,0,0,0,0,0,0,0,1,0,0,0,0,0,0,0,0,1,0,0,1,1,0,0,1,0,0,0,0,0,0,0,0,0,0,0,0,0,0,0,0,ARTICLE,https://doi.org/10.1093/jrr/rrz066
2019,"U Baid, S Talbar, S Rane, S Gupta, MH Thakur",Deep learning radiomics algorithm for gliomas (drag) model: a novel approach using 3d unet based deep convolutional neural network for predicting survival in,1,0,0,0,0,1,1,1,0,0,0,0,0,0,0,0,0,0,0,0,0,0,0,0,0,0,0,0,0,0,0,0,0,0,0,0,0,0,0,0,0,0,0,0,0,0,0,0,0,ARTICLE,https://doi.org/10.1007/978-3-030-11726-9_33
2019,"Y Yang, LF Yan, X Zhang, HY Nan",Optimizing texture retrieving model for multimodal MR imagebased support vector machine for classifying glioma,1,0,0,0,0,1,1,0,1,1,0,0,0,0,0,0,1,1,0,0,1,0,0,0,0,0,0,0,0,0,0,0,0,0,0,0,1,0,1,0,0,0,0,0,0,0,0,0,0,ARTICLE,https://doi.org/10.1002/jmri.26524
2020,"A Lasri, V Juric, M Verreault, F Bielle",Phenotypic selection through cell death: stochastic modelling of o-6-methylguanine-dna methyltransferase dynamics,1,0,0,0,1,0,1,0,0,0,0,1,0,0,0,0,1,1,0,1,0,0,0,0,0,0,0,0,0,0,0,0,0,0,0,0,0,0,0,0,0,0,0,0,0,0,0,0,0,ARTICLE,https://doi.org/10.1098/rsos.191243?urlappend=%3Futm_source%3Dresearchgate.net%26utm_medium%3Darticle
2020,"A Mang, S Bakas, S Subramanian",Integrated biophysical modeling and image analysis: application to neuro-oncology,1,0,1,0,0,0,1,1,0,1,0,0,1,0,0,0,1,1,0,1,1,1,0,1,1,1,0,0,1,0,0,0,0,0,0,0,0,0,0,1,0,1,0,0,0,0,1,1,0,ARTICLE,https://doi.org/10.1146/annurev-bioeng-062117-121105
2020,"C Meaney, S Rhebergen",In silico analysis of hypoxia activated prodrugs in combination with anti angiogenic therapy through nanocell delivery,1,0,1,0,0,0,1,0,0,0,0,0,1,0,0,0,1,1,0,1,1,1,1,0,0,1,1,1,0,0,0,0,0,0,0,0,0,0,0,0,0,0,0,0,0,0,0,0,0,ARTICLE,https://doi.org/10.1371/journal.pcbi.1007926
2020,"CM Phillips, EABF Lima, RT Woodall, A Brock",A hybrid model of tumor growth and angiogenesis: In silico experiments,1,0,0,0,1,0,1,0,0,0,0,0,0,0,1,0,1,1,0,0,1,1,1,0,1,1,1,1,0,0,0,0,0,0,0,0,0,0,0,1,0,1,0,0,0,0,0,0,0,ARTICLE,https://doi.org/10.1371/journal.pone.0231137
2020,"JA Gallaher, SC Massey, A Hawkins-Daarud, et al.",From cells to tissue: How cell scale heterogeneity impacts glioblastoma growth and treatment response,1,0,1,1,1,0,1,1,0,1,0,0,0,0,0,1,1,1,0,1,1,1,1,1,1,0,0,0,0,0,0,0,0,0,0,0,0,0,0,1,1,1,0,0,0,0,0,0,0,ARTICLE,https://doi.org/10.1371/journal.pcbi.1007672
2020,"J Hesse, D Malhan, M Yalin, O Aboumanify, A Basti",An optimal time for treatmentpredicting circadian time by machine learning and mathematical modelling,1,1,0,0,0,1,1,0,0,0,0,1,0,0,0,0,1,1,0,0,1,0,0,0,0,0,0,0,0,0,0,0,0,0,0,0,1,0,1,0,0,0,0,0,0,0,0,0,0,ARTICLE,https://doi.org/10.3390/cancers12113103
2020,"J Prez-Beteta, J Belmonte-Beitia",Tumor width on T1-weighted MRI images of glioblastoma as a prognostic biomarker: a mathematical model,1,1,1,0,0,0,1,1,0,0,0,0,0,0,0,0,1,1,0,0,1,1,0,1,0,1,0,1,0,0,0,0,0,0,0,0,0,0,0,0,0,0,0,0,0,0,0,0,0,ARTICLE,https://doi.org/10.1051/mmnp/2019022
2020,"J Ayensa-Jiménez, M Pérez-Aliacar, T Randelovic, et al.",Mathematical formulation and parametric analysis of in vitro cell models in microfluidic devices: application to different stages of glioblastoma evolution,1,0,1,0,0,0,0,0,0,0,0,0,0,0,0,1,1,1,0,0,1,1,1,1,1,0,0,0,0,0,0,0,0,0,0,0,0,0,0,1,0,1,0,0,0,0,0,0,0,ARTICLE,https://doi.org/10.1038/s41598-020-78215-3
2020,"JPW Heidbuechel, D Abate-Daga, CE Engeland",Mathematical modeling of oncolytic virotherapy,1,1,0,0,0,0,1,0,0,1,0,0,0,0,0,0,1,1,1,1,1,1,0,0,1,1,0,1,0,0,0,0,0,0,0,0,0,0,0,1,0,1,0,0,1,1,0,0,0,ARTICLE,https://doi.org/10.1007/978-1-4939-9794-7_21
2020,"K Scheufele, S Subramanian, A Mang",Image-driven biophysical tumor growth model calibration,1,0,1,0,1,1,1,1,0,0,0,0,0,0,0,0,1,1,0,0,1,1,1,0,1,1,1,0,0,0,0,0,0,0,0,0,0,0,0,0,0,0,0,0,0,0,1,1,0,ARTICLE,https://doi.org/10.1137/19m1275280
2020,"K Scheufele, S Subramanian, G Biros",Automatic MRI-driven model calibration for advanced brain tumor progression analysis,1,0,1,0,0,1,1,1,0,0,0,0,0,0,0,0,1,1,0,0,1,1,0,0,1,0,0,0,0,0,0,0,0,0,0,0,0,0,0,0,0,0,0,0,0,0,0,0,0,ARTICLE,https://arxiv.org/abs/2001.09173
2020,"KM Storey, SE Lawler, TL Jackson","Modeling oncolytic viral therapy, immune checkpoint inhibition, and the complex dynamics of innate and adaptive immunity in glioblastoma treatment",1,1,0,0,0,0,0,0,0,0,0,0,0,0,0,0,1,1,0,1,0,0,0,0,0,0,0,0,0,0,0,0,0,0,0,0,0,0,0,1,0,1,0,0,1,1,0,0,0,ARTICLE,https://doi.org/10.3389/fphys.2020.00151
2020,"L Adenis, E Gontran, C Deroulers, B Grammaticos",Experimental and modeling study of the formation of cell aggregates with differential substrate adhesion,1,1,0,1,0,0,1,0,0,0,0,0,0,1,0,1,1,1,0,0,1,1,1,0,1,0,0,0,0,0,0,0,0,0,0,0,0,0,0,0,0,0,0,0,0,0,0,0,0,ARTICLE,https://doi.org/10.1371/journal.pone.0222371
2020,"LS Prahl, MR Stanslaski, P Vargas, M Piel, DJ Odde",Predicting confined 1D cell migration from parameters calibrated to a 2D motor-clutch model,1,0,0,1,1,0,1,0,0,0,0,1,0,1,0,0,1,1,0,1,1,1,0,1,1,0,0,0,0,1,0,0,1,0,0,0,0,0,0,0,0,0,0,0,1,1,0,0,0,ARTICLE,https://doi.org/10.1016/j.bpj.2020.01.048
2020,"M Conte, L Gerardo-Giorda, M Groppi",Glioma invasion and its interplay with nervous tissue and therapy: A multiscale model,1,1,1,0,1,0,1,1,1,0,0,1,0,0,0,0,1,1,0,1,1,1,0,1,1,1,0,1,0,0,0,0,0,0,0,0,0,0,0,0,0,0,0,0,1,1,1,1,0,ARTICLE,https://doi.org/10.1016/j.jtbi.2019.110088
2020,"M Dehghan, N Narimani",Radial basis function-generated finite difference scheme for simulating the brain cancer growth model under radiotherapy in various types of computational domains,1,0,1,0,1,0,1,1,1,0,0,0,0,0,0,0,1,1,0,0,1,1,0,1,1,1,1,0,0,0,0,0,0,0,0,0,0,0,0,0,0,0,0,0,0,0,1,1,0,ARTICLE,https://doi.org/10.1016/j.cmpb.2020.105641
2020,"M Ebenbeck, P Knopf",Optimal control theory and advanced optimality conditions for a diffuse interface model of tumor growth,1,0,1,0,0,1,0,0,0,0,0,0,0,0,0,0,1,1,0,0,1,1,1,0,0,1,0,1,0,0,0,0,0,0,0,0,0,0,0,0,0,0,0,0,0,0,0,0,0,ARTICLE,https://arxiv.org/abs/1903.00333
2020,"M Hajishamsaei, A Pishevar, O Bavi",A novel in silico platform for a fully automatic personalized brain tumor growth,1,0,1,0,0,0,1,1,0,0,0,0,1,0,0,0,1,1,0,0,1,1,0,1,1,1,1,0,0,0,0,0,0,0,0,0,0,0,0,0,0,0,0,0,1,1,0,0,0,ARTICLE,https://doi.org/10.1016/j.mri.2019.12.012
2020,M Kuznetsov,Mathematical modeling shows that the response of a solid tumor to antiangiogenic therapy depends on the type of growth,1,1,0,0,0,0,0,0,0,0,0,0,0,0,0,0,1,1,0,0,1,1,0,1,1,1,1,1,0,0,0,0,0,0,0,0,1,0,1,0,0,0,0,0,0,0,0,0,0,ARTICLE,https://doi.org/10.3390/math8050760
2020,"M Kuznetsov, A Kolobov",Investigation of solid tumor progression with account of proliferation/migration dichotomy via Darwinian mathematical model,1,0,1,0,0,0,0,0,0,0,0,0,0,0,0,0,1,1,0,1,1,1,0,0,1,0,0,0,0,1,0,1,0,0,1,1,1,1,1,0,0,0,0,0,0,0,0,0,0,ARTICLE,https://doi.org/10.1007/s00285-019-01434-4
2020,"M Sarhaddi, M Yaghoobi",A new approach in cancer treatment regimen using adaptive fuzzy back-stepping sliding mode control and tumor-immunity fractional order model,1,1,0,0,0,0,0,0,0,0,0,0,0,0,0,0,1,1,0,1,1,0,0,0,0,0,0,0,0,0,0,0,0,0,0,0,0,0,0,0,0,0,0,0,1,1,0,0,0,ARTICLE,https://doi.org/10.1016/j.bbe.2020.09.003
2020,"N Kolbe, N Sfakianakis, C Stinner, C Surulescu","Modeling multiple taxis: tumor invasion with phenotypic heterogeneity, haptotaxis, and unilateral interspecies repellence",1,0,1,0,1,0,1,0,1,0,0,0,0,0,0,0,1,1,1,0,1,1,1,1,1,1,1,0,0,0,0,0,0,0,0,0,1,1,0,1,0,1,0,0,0,0,0,0,0,ARTICLE,https://arxiv.org/abs/2005.01444
2020,"N Meghdadi, M Soltani, H Niroomand-Oscuii",Personalized image-based tumor growth prediction in a convectiondiffusionreaction model,1,0,1,0,1,0,1,1,0,0,0,0,1,0,0,0,1,1,0,0,1,1,0,1,0,1,0,1,0,0,0,0,0,0,0,0,1,1,1,0,0,0,0,0,0,0,1,1,0,ARTICLE,https://doi.org/10.1007/s13760-018-0973-1
2020,"N Swinburne, E LoCastro, R Paudyal, JH Oh",Computational modeling of interstitial fluid pressure and velocity in non-small cell lung cancer brain metastases treated with stereotactic radiosurgery,1,0,1,0,0,0,1,0,0,1,0,0,0,0,0,0,1,0,0,0,0,0,0,0,0,1,1,1,0,0,0,0,0,0,0,0,0,0,0,1,0,1,0,0,0,0,0,0,0,ARTICLE,https://doi.org/10.3389/fneur.2020.00402
2020,"P Kumar, C Surulescu",A flux-limited model for glioma patterning with hypoxia-induced angiogenesis,1,0,1,0,0,0,1,0,1,1,0,1,0,0,0,0,1,1,0,1,1,1,1,1,1,1,1,1,0,0,0,0,0,0,0,0,0,0,0,1,0,1,0,0,0,0,1,1,0,ARTICLE,https://doi.org/10.3390/sym12111870
2020,"S Alfonso, AL Jenner, M Craig",Translational approaches to treating dynamical diseases through in silico clinical trials,1,1,0,0,0,0,1,0,0,0,0,1,0,0,0,0,1,1,0,0,1,0,0,0,0,0,0,0,0,0,0,0,0,0,0,0,0,0,0,1,0,1,0,0,1,1,0,0,0,ARTICLE,https://doi.org/10.1063/5.0019556
2020,"SA Carvalho, ML Martins",Biochemical warfare between living organisms for survival: Mathematical modeling,1,0,1,0,0,0,1,0,0,0,0,1,0,0,0,0,1,0,0,0,0,1,0,1,0,0,0,0,0,0,0,0,0,0,0,0,0,0,0,1,0,1,0,0,1,1,0,0,0,ARTICLE,https://doi.org/10.1007/978-3-319-76887-8_52-1
2020,"T Koch, M Schneider, R Helmig, P Jenny",Modeling tissue perfusion in terms of 1d-3d embedded mixed-dimension coupled problems with distributed sources,1,0,1,0,1,0,1,1,0,0,0,0,0,0,0,0,1,0,0,0,0,0,0,0,0,1,0,1,0,0,0,0,0,0,0,0,1,0,1,0,0,0,0,0,0,0,0,0,0,ARTICLE,https://doi.org/10.1016/j.jcp.2020.109370
2020,V Kalinin,Cell extracellular matrix interaction in glioma growth. In silico model,1,0,1,0,0,0,1,0,0,0,0,1,0,1,0,0,1,1,0,1,1,1,0,1,1,1,1,0,0,0,0,0,0,0,0,0,0,0,0,0,0,0,0,0,0,0,1,0,1,ARTICLE,https://doi.org/10.1515/jib-2020-0027
2020,"Y Li, P Heijster, R Marangell, MJ Simpson",Travelling wave solutions in a negative nonlinear diffusion reaction model,1,0,1,0,0,0,0,0,0,0,0,0,0,0,0,0,1,1,0,1,1,1,1,0,0,0,0,0,0,0,0,0,0,0,0,0,0,0,0,0,0,0,0,0,0,0,0,0,0,ARTICLE,https://doi.org/10.1007/s00285-020-01547-1
2020,"BS Jang, AJ Park, SH Jeon, IH Kim, DH Lim, SH Park",Machine learning model to predict pseudoprogression versus progression in glioblastoma using MRI: A multi-institutional study (KROG 18-07),1,0,0,0,0,1,1,0,0,1,0,0,1,0,0,0,1,0,0,0,0,1,0,1,0,0,0,0,0,0,0,0,0,0,0,0,0,0,0,0,0,0,0,0,0,0,0,0,0,ARTICLE,https://doi.org/10.3390/cancers12092706
2020,"H Cao, EZ Erson-Omay, X Li, M Gnel, J Moliterno",A quantitative model based on clinically relevant MRI features differentiates lower grade gliomas and glioblastoma,1,0,0,0,0,1,1,1,0,0,0,0,0,0,0,0,1,0,0,0,0,0,0,0,0,1,0,0,1,1,0,0,0,1,0,0,0,0,0,0,0,0,0,0,0,0,0,0,0,ARTICLE,https://doi.org/10.1007/s00330-019-06632-8
2020,"H Yang, Q Wei, D Li, Z Wang",Cancer classification based on chromatin accessibility profiles with deep adversarial learning model,1,0,0,0,0,1,1,0,0,0,0,1,0,0,0,0,1,1,0,0,1,0,0,0,0,0,0,0,0,1,0,0,0,1,1,1,0,0,0,0,0,0,0,0,0,0,0,0,0,ARTICLE,https://doi.org/10.1371/journal.pcbi.1008405
2020,"I Ezhov, T Mot, S Shit, J Lipkova",Real-time bayesian personalization via a learnable brain tumor growth model,1,0,1,0,0,1,1,0,0,0,0,0,1,0,0,0,1,1,0,0,1,1,0,1,1,0,0,0,0,0,0,0,0,0,0,0,0,0,0,0,0,0,0,0,0,0,0,0,0,ARTICLE,https://arxiv.org/pdf/2009.04240.pdf
2020,"J Amin, M Sharif, M Raza, T Saba, R Sial",Brain tumor detection: a long short-term memory (LSTM)-based learning model,1,0,0,0,1,1,1,1,0,0,0,0,0,0,0,0,1,1,0,1,0,0,0,0,0,0,0,0,0,0,0,0,0,0,0,0,0,0,0,0,0,0,0,0,0,0,0,0,0,ARTICLE,https://doi.org/10.1007/s00521-019-04650-7
2020,"J Dong, M Yu, Y Miao, H Shen, Y Sui, Y Liu",Differential Diagnosis of Solitary Fibrous Tumor/Hemangiopericytoma and Angiomatous Meningioma Using Three-Dimensional Magnetic Resonance Imaging Texture Feature Model,1,0,0,0,0,1,1,0,0,0,0,1,0,0,0,0,1,0,0,0,0,0,0,0,0,1,0,1,1,0,0,0,0,0,0,0,0,0,0,0,0,0,0,0,1,1,0,0,0,ARTICLE,https://doi.org/10.1155/2020/5042356
2020,"J Yang, HE Moon, HW Park, A McDowell",Brain tumor diagnostic model and dietary effect based on extracellular vesicle microbiome data in serum,1,0,0,0,0,1,1,0,0,0,0,1,0,0,0,0,1,1,0,0,1,0,0,0,0,1,0,0,1,1,1,0,0,0,0,0,1,0,1,0,0,0,0,0,1,1,0,0,0,ARTICLE,https://doi.org/10.1155/2020/5042356
2020,"J Zhang, K Yao, P Liu, Z Liu, T Han, Z Zhao, Y Cao",A radiomics model for preoperative prediction of brain invasion in meningioma non-invasively based on MRI: A multicentre study,1,0,0,0,0,1,1,1,0,0,0,1,0,0,0,0,1,1,0,0,1,1,0,1,0,1,0,0,1,0,0,0,0,0,0,0,0,0,0,0,0,0,0,0,0,0,0,0,0,ARTICLE,https://doi.org/10.1016/j.ebiom.2020.102933
2020,"K Chen, B Huang, S Yan, S Xu, K Li, K Zhang",Two machine learning methods identify a metastasis-related prognostic model that predicts overall survival in medulloblastoma patients,1,0,0,0,0,1,1,1,0,0,0,1,0,0,0,0,1,1,0,0,1,0,0,0,0,0,0,0,0,0,0,0,0,0,0,0,0,0,0,0,0,0,0,0,0,0,0,0,0,ARTICLE,https://doi.org/10.18632/aging.103923
2020,"K Jang, C Russo, A Di Ieva",Radiomics in gliomas: clinical implications of computational modeling and fractal-based analysis,1,0,0,0,0,1,1,1,0,1,0,1,1,0,0,0,1,1,0,0,1,1,0,1,0,1,0,0,1,0,0,0,0,0,1,1,1,0,1,0,0,0,0,0,0,0,0,0,0,ARTICLE,https://doi.org/10.1007/s00234-020-02403-1
2020,"K Wang, Z Qiao, X Zhao, X Li, X Wang, T Wu",Individualized discrimination of tumor recurrence from radiation necrosis in glioma patients using an integrated radiomics-based model,1,0,0,0,0,1,1,0,0,0,0,1,1,0,0,0,1,0,0,0,0,0,0,0,0,0,0,0,0,0,0,0,0,0,0,0,1,0,1,0,0,0,0,0,0,0,0,0,0,ARTICLE,https://doi.org/10.1007/s00259-019-04604-0
2020,"M Kim, SY Jung, JE Park, Y Jo, SY Park, SJ Nam",Diffusion-and perfusion-weighted MRI radiomics model may predict isocitrate dehydrogenase (IDH) mutation and tumor aggressiveness in diffuse lower grade glioma,1,0,0,0,0,1,1,0,1,1,0,0,0,0,0,0,1,0,0,0,0,0,0,0,0,1,1,0,0,0,0,0,0,0,0,0,0,0,0,0,0,0,0,0,0,0,0,0,0,ARTICLE,https://doi.org/10.1007/s00330-019-06548-3
2020,"N Wijethilake, M Islam, H Ren",Radiogenomics model for overall survival prediction of glioblastoma,1,0,0,0,0,1,1,1,0,0,0,1,0,0,0,0,1,1,0,0,1,0,0,0,0,0,0,0,0,0,0,0,0,0,0,0,0,0,0,0,0,0,0,0,0,0,0,0,0,ARTICLE,https://doi.org/10.1007/s11517-020-02179-9
2020,"P Mascheroni, S Savvopoulos, JCL Alfonso",Bayesian combination of mechanistic modeling and machine learning (BaM3): improving personalized tumor growth predictions,1,1,1,0,0,1,1,0,0,0,0,1,0,0,0,0,1,1,1,1,1,0,0,0,0,1,1,1,0,0,0,0,0,0,0,0,0,0,0,1,0,1,1,1,0,0,0,0,0,ARTICLE,https://doi.org/10.1101/2020.05.06.080242 
2020,"P Saxena, A Maheshwari, S Maheshwari",Predictive modeling of brain tumor: a deep learning approach,1,0,0,0,0,1,1,1,0,0,0,0,0,0,0,0,1,1,0,1,0,0,0,0,0,0,0,0,0,0,0,0,0,0,0,0,0,0,0,0,0,0,0,0,0,0,0,0,0,ARTICLE,https://doi.org/10.1007/978-981-15-6067-5_30
2020,"PR Jackson, A Hawkins-Daarud",Simulated diffusion weighted images based on model-predicted tumor growth,1,0,0,0,0,1,1,1,0,1,0,0,1,0,0,0,1,1,0,0,1,1,0,1,0,1,1,1,0,0,0,0,0,0,0,0,0,0,0,0,0,0,0,0,0,0,0,0,0,ARTICLE,https://doi.org/10.1007/978-3-030-59520-3_4
2020,"S Bae, C An, SS Ahn, H Kim, K Han, SW Kim, JE Park",Robust performance of deep learning for distinguishing glioblastoma from single brain metastasis using radiomic features: model development and validation,1,0,0,0,0,1,1,0,0,1,0,0,0,0,0,0,1,1,0,0,1,0,0,0,0,0,0,0,0,0,0,0,0,0,0,0,0,0,0,0,0,0,0,0,0,0,0,0,0,ARTICLE,https://doi.org/10.1038/s41598-020-68980-6
2020,S Benzekry,Artificial intelligence and mechanistic modeling for clinical decision making in oncology,1,0,0,0,0,1,1,1,0,0,0,1,1,0,0,0,1,1,0,1,0,0,0,0,0,0,0,0,0,1,0,1,0,0,0,0,0,0,0,0,0,0,0,0,1,1,0,0,0,ARTICLE,https://doi.org/10.1002/cpt.1951
2020,"W Deng, Q Shi, M Wang, B Zheng, N Ning",Deep learning-based HCNN and CRF-RRNN model for brain tumor segmentation,1,0,0,0,0,1,1,1,0,0,0,0,0,0,0,0,1,0,0,0,0,0,0,0,0,0,0,0,0,0,0,0,0,0,0,0,1,0,1,0,0,0,0,0,0,0,0,0,0,ARTICLE,https://doi.org/10.1109/ACCESS.2020.2966879
2020,"Y Ding, F Wang, X Lei, B Liao",Deep belief networkbased matrix factorization model for MicroRNA-disease associations prediction,1,0,0,0,0,1,1,0,0,0,0,1,0,0,0,0,1,1,0,0,1,0,0,0,0,0,0,0,0,0,0,0,0,0,0,0,1,0,1,0,0,0,0,0,0,0,0,0,0,ARTICLE,https://doi.org/10.1177/1176934320919707
2020,"Y Shimizu, K Kudo, H Kameda, T Harada",Prediction of Hypoxia in Brain Tumors Using a Multivariate Model Built from MR Imaging and 18F-Fluorodeoxyglucose Accumulation Data,1,0,0,0,0,1,1,1,0,0,0,0,1,0,0,0,1,1,0,0,1,0,0,0,0,1,1,1,1,0,0,0,0,0,0,0,1,0,1,0,0,0,0,0,0,0,0,0,0,ARTICLE,https://doi.org/10.2463/mrms.mp.2019-0049
2021,"A Collin, C Copol, V Pianet, T Colin",Spatiotemporal dynamics of a glioma immune interaction model,1,0,1,0,0,0,1,1,1,0,0,0,0,0,0,0,1,1,0,1,1,1,1,1,1,1,1,0,1,1,0,0,1,0,0,0,1,0,1,0,0,0,0,0,1,1,0,0,0,ARTICLE,https://doi.org/10.1038/s41598-021-00985-1
2021,"A Corti, M Colombo, F Migliavacca",Multiscale modeling of glioma pseudopalisades: contributions from the tumor microenvironment,1,1,1,0,1,0,1,0,1,1,0,1,0,0,0,0,1,1,0,1,1,1,1,1,1,1,1,1,0,0,0,0,0,0,0,0,1,1,0,1,0,1,0,0,0,0,0,0,0,ARTICLE,https://doi.org/10.1007/s00285-021-01599-x
2021,"A Lasri, M Sturrock",Theoretical and numerical analysis for a hybrid tumor model with diffusion depending on vasculature,1,1,1,0,0,0,1,0,0,1,0,0,0,0,0,0,1,1,0,0,1,1,1,0,0,1,0,1,0,0,0,0,0,0,0,0,0,0,0,0,0,0,0,0,0,0,0,0,0,ARTICLE,https://doi.org/10.1016/j.jmaa.2021.125325
2021,"A Perrillat-Mercerot, A Miranville",Phase-specific cancer-immune model considering acquired resistance to therapeutic agents,1,1,0,0,0,0,0,0,0,0,0,0,0,0,0,0,1,1,0,1,1,0,0,0,0,0,0,0,0,1,0,0,1,1,0,0,0,0,0,1,0,1,0,0,1,1,0,0,0,ARTICLE,https://doi.org/10.1016/j.amc.2020.125555
2021,"B Tun, DA Hormuth II, G Biros",Modular microenvironment components reproduce vascular dynamics de novo in a multi-scale agent-based model,1,0,0,1,1,0,0,0,0,0,0,0,0,0,0,0,1,1,0,1,1,1,0,0,1,1,1,1,0,1,0,0,1,0,0,0,1,1,1,1,0,1,0,0,0,0,0,0,0,ARTICLE,https://doi.org/10.1016/j.cels.2021.05.007
2021,"F Acerbi, A Agosti, J Falco, S Marchesi, IG Vetrano, et al.",Mechano-biological features in a patient-specific computational model of glioblastoma,1,0,1,0,0,0,1,1,1,1,0,1,1,0,0,0,1,1,0,1,1,1,0,1,1,1,1,0,1,1,0,0,1,0,0,0,1,1,0,1,0,1,0,0,0,0,0,0,0,ARTICLE,https://doi.org/10.1007/978-1-0716-0856-2_12
2021,"G Corbin, A Klar, C Surulescu, C Engwer, et al.",Modeling glioma invasion with anisotropy-and hypoxia-triggered motility enhancement: From subcellular dynamics to macroscopic PDEs with multiple taxis,1,0,1,0,1,0,1,0,1,1,0,0,0,0,0,0,1,1,0,0,1,1,1,1,1,1,1,1,0,0,0,0,0,0,0,0,0,0,0,1,0,1,0,0,1,1,1,1,0,ARTICLE,https://arxiv.org/abs/2006.12322
2021,"B Tunc, DA Hormuth II, G Biros, TE Yankeelov",Modeling of glioma growth with mass effect by longitudinal magnetic resonance imaging,1,0,1,0,0,0,1,1,0,0,0,0,1,0,0,0,1,1,0,1,1,1,0,1,0,1,1,0,0,0,0,0,0,0,0,0,1,0,1,0,0,0,0,0,0,0,1,1,0,ARTICLE,https://doi.org/10.1109/tbme.2021.3085523
2021,"J de Montigny, A Iosif, L Breitwieser, M Manca, R Bauer, V Vavourakis","An in silico hybrid continuum-/agent-based procedure to modelling cancer development: Interrogating the interplay amongst glioma invasion, vascularity and",1,0,1,1,1,0,1,0,0,0,0,0,0,1,0,0,1,1,0,1,1,1,1,1,1,1,1,0,0,1,0,0,1,0,0,0,1,0,1,0,0,0,1,1,1,1,1,1,0,ARTICLE,https://doi.org/10.1016/j.ymeth.2020.01.006
2021,"J Kremheller, S Brandstaeter",Validation and parameter optimization of a hybrid embedded/homogenized solid tumor perfusion model,1,0,1,0,1,0,1,1,0,0,0,0,0,0,0,0,1,0,0,0,0,0,0,0,0,1,1,1,0,0,0,0,0,0,0,0,0,0,0,0,0,0,0,0,0,0,0,0,0,ARTICLE,https://doi.org/10.1002/cnm.3508
2021,"J Liu, DA Hormuth, T Davis, J Yang",A time-resolved experimentalmathematical model for predicting the response of glioma cells to single-dose radiation therapy,1,1,0,0,1,0,1,1,0,0,0,1,0,0,0,1,1,1,1,0,1,0,0,0,0,1,1,1,0,0,0,0,0,0,0,0,1,0,1,0,0,0,0,0,0,0,0,0,0,ARTICLE,https://doi.org/10.1093/intbio/zyab010
2021,J Malinzi,A mathematical model for oncolytic virus spread using the telegraph equation,1,0,1,0,0,0,0,0,0,0,0,0,0,0,0,0,1,1,0,1,1,1,0,1,0,0,0,0,0,0,0,0,0,0,0,0,0,0,0,1,0,1,0,0,1,1,0,0,0,ARTICLE,https://doi.org/10.1016/j.cnsns.2021.105944
2021,"KM Storey, TL Jackson",An agent-based model of combination oncolytic viral therapy and anti-PD-1 immunotherapy reveals the importance of spatial location when treating glioblastoma,1,0,1,1,0,0,1,1,0,0,0,0,0,0,0,0,1,1,1,1,1,1,1,0,1,1,0,1,0,0,0,0,0,0,0,0,0,0,0,1,0,1,0,0,1,1,0,0,0,ARTICLE,https://doi.org/10.3390/cancers13215314
2021,"L Cherfils, S Gatti, A Miranville",Analysis of a model for tumor growth and lactate exchanges in a glioma.,1,0,1,0,0,0,0,0,0,0,0,0,0,0,0,0,1,1,0,0,1,0,0,0,0,0,0,0,0,0,0,0,0,0,0,0,1,0,1,0,0,0,0,0,0,0,0,0,0,ARTICLE,https://doi.org/10.3934/dcdss.2020457
2021,"L Wang, A Hawkins-Daarud",Knowledge-infused global-local data fusion for spatial predictive modeling in precision medicine,1,0,0,0,0,1,1,0,0,1,0,0,0,0,0,0,1,1,0,0,1,1,0,1,0,0,0,0,0,0,0,0,0,0,0,0,1,0,1,0,0,0,0,0,0,0,0,0,0,ARTICLE,https://doi.org/10.1109/TASE.2021.3076117
2021,"O León-Triana, J Pérez-Beteta, et al.",Brain Metastasis Response to Stereotactic Radio Surgery: A Mathematical Approach,1,1,0,0,0,0,1,1,0,0,0,0,0,0,0,0,1,1,0,0,1,0,0,0,0,0,0,0,0,0,0,0,0,0,0,0,0,0,0,0,0,0,0,0,0,0,0,0,0,ARTICLE,https://doi.org/10.3390/math9070716
2021,"LM da Silva, GB Alvarez, E da Silva Christo",Towards an image-informed mathematical model of in vivo response to fractionated radiation therapy,1,0,1,0,0,0,1,1,0,0,0,0,0,0,0,0,1,1,1,1,1,1,0,1,0,1,1,1,0,1,0,0,1,0,0,0,0,0,0,0,0,0,0,0,1,1,1,1,0,ARTICLE,https://doi.org/10.3390/cancers13081765
2021,"M Amereh, R Edwards, M Akbari, B Nadler",In-Silico Modeling of Tumor Spheroid Formation and Growth,1,0,1,0,0,0,1,0,0,0,0,1,1,0,0,1,1,1,0,1,1,1,0,1,1,1,1,0,0,1,0,0,1,0,0,0,1,0,1,1,0,1,0,0,1,1,0,0,0,ARTICLE,https://doi.org/10.3390/mi12070749
2021,"M Conte, C Surulescu",Mathematical modeling of glioma invasion: acid-and vasculature mediated go-or-grow dichotomy and the influence of tissue anisotropy,1,1,1,0,0,0,1,1,1,0,0,1,0,0,0,0,1,1,0,1,1,1,1,1,1,1,1,1,0,0,0,0,0,0,0,0,1,1,1,1,0,1,0,0,0,0,0,0,0,ARTICLE,https://doi.org/10.1016/j.amc.2021.126305
2021,"M Scott, K ychaluk, RN Bearon",A mathematical framework for modelling 3D cell motility: applications to glioblastoma cell migration,1,0,1,1,0,0,1,1,1,0,0,1,1,0,0,0,1,1,0,0,1,1,1,1,1,1,1,0,0,0,0,0,0,0,0,0,0,0,0,0,0,0,0,0,0,0,0,0,0,ARTICLE,https://doi.org/10.1093/imammb/dqab009
2021,"M Yousefnezhad, CY Kao, SA Mohammadi",Partial differential model of lactate neuro-energetics: analytic results and numerical simulations,1,0,1,0,0,0,0,0,0,0,0,0,0,0,0,0,1,0,0,0,0,0,0,0,0,0,0,0,0,0,0,0,0,0,0,0,1,1,1,0,0,0,0,0,0,0,0,0,0,ARTICLE,https://doi.org/10.1093/imammb/dqaa016
2021,"Martina Conte, Sergio Casas-Tintò, Juan Soler",Modeling invasion patterns in the glioblastoma battlefield,1,0,1,0,0,0,0,0,0,0,0,0,0,0,0,1,1,1,0,1,1,1,1,1,1,0,0,0,0,0,0,0,0,0,0,0,0,0,0,1,1,1,0,0,0,0,0,0,0,ARTICLE,https://doi.org/10.1371/journal.pcbi.1008632
2021,"MU Saeed, G Ali, W Bin, SH Almotiri, MA AlGhamdi",Spatial mechanistic modeling for prediction of the growth of asymptomatic meningiomas,1,0,1,0,0,0,1,1,0,0,0,0,0,0,0,0,1,1,0,1,0,1,0,1,0,1,1,0,0,0,0,0,0,0,0,0,0,0,0,0,0,0,0,0,0,0,0,0,0,ARTICLE,https://doi.org/10.1016/j.cmpb.2020.105829
2021,"Randles A, Wirsching HG, Dean JA, Cheng YK, et al.",Computational modelling of perivascular-niche dynamics for the optimization of treatment schedules for glioblastoma,1,0,0,1,0,0,0,0,0,0,0,0,0,0,0,1,1,1,1,1,1,0,0,0,0,1,0,1,0,1,0,0,1,0,0,0,0,0,0,1,1,1,1,1,0,0,0,0,0,ARTICLE,https://doi.org/10.1038/s41551-021-00710-3
2021,"S Khajanchi, JJ Nieto",The influence of methylation status on a stochastic model of MGMT dynamics in glioblastoma: Phenotypic selection can occur with and without a downshift in,1,1,0,0,0,0,1,0,0,1,0,0,0,0,0,0,1,1,0,0,1,0,0,0,0,0,0,0,0,0,0,0,0,0,0,0,0,0,0,0,0,0,0,0,0,0,0,0,0,ARTICLE,https://doi.org/10.1016/j.jtbi.2021.110662
2021,S Korkut,Optimal chemotherapy for brain tumor growth in a reaction-diffusion model,1,0,1,0,0,0,1,1,0,0,0,0,0,0,0,0,1,1,0,1,1,1,0,1,0,0,0,0,0,0,0,0,0,0,0,0,0,0,0,1,0,1,0,0,0,0,0,0,0,ARTICLE,https://doi.org/10.1137/20M135995X
2021,"S Suveges, K Hossain-Ibrahim, JD Steele, R Eftimie",Mathematical modelling of glioblastomas invasion within the brain: a 3D multi-scale moving-boundary approach,1,0,1,0,0,0,1,1,1,0,0,0,1,0,0,0,1,1,0,0,1,1,1,1,1,1,1,0,0,0,0,0,0,0,0,0,1,1,0,0,0,0,0,0,1,1,1,1,0,ARTICLE,https://doi.org/10.3390/math9182214
2021,"T Sun, Y He, W Li, G Liu, L Li",New alternative numerical approaches for solving the glioma model and their efficiencies,1,0,1,0,0,0,0,0,0,0,0,0,0,0,0,0,1,1,0,1,1,1,0,1,1,0,0,0,0,0,0,0,0,0,0,0,0,0,0,0,0,0,0,0,0,0,0,0,0,ARTICLE,https://doi.org/10.1007/s40096-021-00399-0
2021,"TA Phan, HD Nguyen, JP Tian",Deterministic and stochastic modeling for PDGF-driven gliomas reveals a classification of gliomas,1,1,0,0,0,0,0,0,0,0,0,0,0,0,0,0,1,1,0,1,1,1,1,0,1,0,0,0,0,0,0,0,0,0,0,0,0,0,0,0,0,0,0,0,1,1,0,0,0,ARTICLE,https://doi.org/10.1007/s00285-021-01647-6
2021,"VA Selivanov, OA Zagubnaya, YR Nartsissov",Unveiling a key role of oxaloacetate-glutamate interaction in regulation of respiration and ROS generation in nonsynaptic brain mitochondria using a kinetic model,1,1,1,0,0,0,1,0,0,0,0,1,0,0,0,0,1,0,0,0,0,1,0,0,1,1,0,0,1,0,0,0,0,0,0,0,1,1,1,0,0,0,0,0,0,0,0,0,0,ARTICLE,https://doi.org/10.1371/journal.pone.0255164
2021,"Z Zhang, L Liu, C Ma, X Cui, RHW Lam",An in silico glioblastoma microenvironment model dissects the immunological mechanisms of resistance to PD1 checkpoint blockade immunotherapy,1,1,0,0,0,0,1,0,0,0,0,0,0,1,0,1,1,1,0,1,1,0,0,0,0,1,1,0,1,0,0,0,0,0,0,0,0,0,0,1,0,1,1,1,1,1,0,0,0,ARTICLE,https://doi.org/10.1002/smtd.202100197
2021,"A Alnemer, J Rasheed",An Efficient Transfer Learning-based Model for Classification of Brain Tumor,1,0,0,0,1,1,1,1,0,1,0,0,1,0,0,0,1,1,0,1,0,0,0,0,0,0,0,0,0,0,0,0,0,0,0,0,0,0,0,0,0,0,0,0,1,1,0,0,0,ARTICLE,https://doi.org/10.1109/ISMSIT52890.2021.9604677
2021,"A Fernndez-Romero, F Guilln-Gonzlez",Time series forecasting using ARIMA for modeling of glioma growth in response to radiotherapy,1,0,0,0,0,1,1,0,0,0,0,1,0,0,0,0,1,1,1,1,1,1,0,1,0,0,0,0,0,1,0,0,1,0,0,0,0,0,0,0,0,0,0,0,1,1,0,0,0,ARTICLE,https://doi.org/10.5433/1679-0375.2021V42N1P3
2021,"ANV Dehkordi, S Sina",A Comparison of Deep Learning and Pharmacokinetic Model Selection Methods in Segmentation of High-Grade Glioma,1,0,0,0,0,1,1,1,0,0,0,0,0,0,0,0,1,0,0,0,0,0,0,0,0,1,1,1,1,0,0,0,0,0,0,0,0,0,0,0,0,0,0,0,0,0,0,0,0,ARTICLE,https://doi.org/10.18502/fbt.v8i1.5858
2021,"B Jehangir, SR Nayak",A Hybrid-Based Ensemble Learning Model and DNN for Automated Diagnosis of Brain Tumor from MRI Images,1,0,0,0,1,1,1,1,0,0,0,0,0,0,0,0,1,0,0,0,0,0,0,0,0,1,0,1,0,0,0,0,0,0,0,0,0,0,0,0,0,0,0,0,0,0,0,0,0,ARTICLE,https://doi.org/10.1007/978-981-16-7076-3_27
2021,"B Majc, M Novak, N Kopitar-Jerala, A Jewett, B Breznik",Immunotherapy of glioblastoma: current strategies and challenges in tumor model development,1,0,0,0,0,1,1,0,0,1,0,1,0,0,0,0,1,1,0,0,1,1,0,1,1,1,1,1,1,1,1,1,1,1,0,0,1,0,1,1,1,1,0,0,1,1,0,0,0,ARTICLE,https://doi.org/10.3390/cells10020265
2021,"CW Lerche, T Radomski, P Lohmann",A linearized fit model for robust shape parameterization of FET-PET TACs,1,0,0,0,0,1,1,0,0,1,0,0,1,0,0,0,1,0,0,0,0,1,0,1,0,0,0,0,0,0,0,0,0,0,0,0,1,0,1,0,0,0,0,0,0,0,0,0,0,ARTICLE,https://doi.org/10.1109/tmi.2021.3067169
2021,"F O'Sullivan, F Gu, Q Wu, LD O'Suilleabhain",A Generalized Linear modeling approach to bootstrapping multi-frame PET image data,1,0,0,0,0,1,0,0,0,0,0,0,0,0,0,0,1,0,0,0,0,0,0,0,0,0,0,0,0,0,0,0,0,0,0,0,1,0,1,0,0,0,0,0,0,0,0,0,0,ARTICLE,https://doi.org/10.1016/j.media.2021.102132
2021,"H Awan, S Balasubramaniam",A voxel model to decipher the role of molecular communication in the growth of glioblastoma multiforme,1,1,0,0,0,1,1,1,0,0,0,0,0,0,0,0,1,1,0,1,1,1,0,1,1,1,1,1,1,1,0,0,1,0,0,0,1,0,1,0,0,0,0,0,1,1,1,1,0,ARTICLE,https://doi.org/10.1109/tnb.2021.3071922
2021,"I Shin, H Kim, SS Ahn, B Sohn, S Bae",Development and Validation of a Deep LearningBased Model to Distinguish Glioblastoma from Solitary Brain Metastasis Using Conventional MR Images,1,0,0,0,0,1,1,1,0,0,0,0,0,0,0,0,1,0,0,0,0,0,0,0,0,1,1,0,0,0,0,0,0,0,0,0,0,0,0,0,0,0,0,0,0,0,0,0,0,ARTICLE,https://doi.org/10.3174/ajnr.a7003
2021,"J Wang, X Dai, H Luo, C Yan, G Zhang, J Luo",MI_DenseNetCAM: a novel pan-cancer classification and prediction method based on mutual information and deep learning model,1,0,0,0,0,1,0,0,0,0,0,0,0,0,0,0,1,0,0,0,0,1,0,0,1,1,0,1,0,1,1,0,0,0,0,0,1,0,1,0,0,0,0,0,0,0,0,0,0,ARTICLE,https://doi.org/10.3389/fgene.2021.670232
2021,"JH Byun, IH Jung",Radiogenomic modeling predicts survival-associated prognostic groups in glioblastoma,1,0,0,0,0,1,1,0,0,0,0,0,1,0,0,0,1,0,0,0,0,0,0,0,0,0,0,0,0,0,0,0,0,0,0,0,0,0,0,1,0,1,0,0,0,0,0,0,0,ARTICLE,https://doi.org/10.1093/noajnl/vdab004
2021,"JJ Wang, H Wang, BL Zhu, X Wang",Development of a prognostic model of glioma based on immunerelated genes,1,0,0,0,0,1,1,0,0,1,0,0,0,0,0,0,1,1,1,0,1,1,0,1,1,1,1,0,1,1,0,0,1,1,1,1,0,0,0,1,0,1,0,0,1,1,0,0,0,ARTICLE,https://doi.org/10.3892/ol.2020.12377
2021,"K Huang, X Yue, Y Zheng, Z Zhang, M Cheng",Development and validation of an mesenchymal-related long non-coding RNA prognostic model in glioma,1,0,0,0,0,1,1,0,0,0,0,1,0,0,0,0,1,1,1,0,1,1,0,1,1,1,1,0,0,1,1,0,1,1,0,0,0,0,0,1,0,1,0,0,1,1,0,0,0,ARTICLE,https://doi.org/10.3389/fonc.2021.726745
2021,"KA Samara, Z Al Aghbari, A Abusafia","GLIMPSE: a glioblastoma prognostication model using ensemble learninga surveillance, epidemiology, and end results study",1,0,0,0,0,1,0,0,0,0,0,0,0,0,0,0,1,1,0,0,1,0,0,0,0,0,0,0,0,0,0,0,0,0,0,0,0,0,0,0,0,0,0,0,0,0,0,0,0,ARTICLE,https://doi.org/10.1007/s13755-020-00134-4
2021,"KR Laukamp, L Pennig, F Thiele, R Reimer",Automated meningioma segmentation in multiparametric MRI: comparable effectiveness of a deep learning model and manual segmentation,1,0,0,0,0,1,1,0,0,0,0,0,1,0,0,0,1,1,0,1,0,1,0,1,0,0,0,0,0,0,0,0,0,0,0,0,0,0,0,0,0,0,0,0,0,0,0,0,0,ARTICLE,https://doi.org/10.1007/s00062-020-00884-4
2021,"L Zhang, R Yao, J Gao, D Tan, X Yang, M Wen",An Integrated Radiomics Model Incorporating Diffusion-Weighted Imaging and 18F-FDG PET Imaging Improves the Performance of Differentiating Glioblastoma From Solitary Brain Metastases,1,0,0,0,0,1,1,1,0,1,0,0,1,0,0,0,1,0,0,0,0,1,0,1,0,1,1,0,0,0,0,0,0,0,0,0,1,0,1,0,0,0,0,0,0,0,0,0,0,ARTICLE,https://doi.org/10.3389/fonc.2021.732704
2021,"M Toaar, B Ergen, Z Cmert","Tumor type detection in brain MR images of the deep model developed using hypercolumn technique, attention modules, and residual blocks",1,0,0,0,1,1,1,0,0,1,0,0,0,0,0,0,1,1,0,0,1,1,0,1,0,0,0,0,0,0,0,0,0,0,0,0,0,0,0,0,0,0,0,0,0,0,0,0,0,ARTICLE,https://doi.org/10.1007/s11517-020-02290-x
2021,"M Pérez-Aliacar, MH Doweidar, M Doblaré, J Ayensa-Jiménez",Predicting cell behaviour parameters from glioblastoma on a chip images. A deep learning approach,1,0,1,0,0,1,0,0,0,0,0,0,0,0,0,1,1,1,0,0,1,1,1,1,1,0,0,0,0,0,0,0,0,0,0,0,0,0,0,1,0,1,0,0,0,0,0,0,0,ARTICLE,https://doi.org/10.1016/j.compbiomed.2021.104547
2021,"N Nuechterlein, B Li, A Feroze",RMU-net: a novel residual mobile U-net model for brain tumor segmentation from MR images,1,0,0,0,0,1,1,1,0,0,0,0,0,0,0,0,1,1,0,1,0,0,0,0,0,0,0,0,0,0,0,0,0,0,0,0,0,0,0,0,0,0,0,0,0,0,0,0,0,ARTICLE,https://doi.org/10.3390/electronics10161962
2021,"N Nuechterlein, LG Shapiro",Machine learning modeling of genome-wide copy number alteration signatures reliably predicts IDH mutational status in adult diffuse glioma,1,0,0,0,0,1,1,0,0,0,0,1,0,0,0,0,1,0,0,0,0,0,0,0,0,0,0,0,0,0,0,0,0,0,1,1,0,0,0,0,0,0,1,1,0,0,0,0,0,ARTICLE,https://doi.org/10.1186/s40478-021-01295-3
2021,"P Kumar, J Li, C Surulescu",neoDL: a novel neoantigen intrinsic feature-based deep learning model identifies IDH wild-type glioblastomas with the longest survival,1,0,0,0,0,1,1,0,0,0,0,1,0,0,0,0,1,0,0,0,0,0,0,0,0,0,0,0,0,1,0,1,0,0,0,0,0,0,0,0,0,0,0,0,1,1,1,0,1,ARTICLE,https://doi.org/10.1186/s12859-021-04301-6
2021,"P Mascheroni, S Savvopoulos, JCL Alfonso",Improving personalized tumor growth predictions using a Bayesian combination of mechanistic modeling and machine learning,1,0,1,0,0,1,1,0,0,1,0,1,0,0,0,0,1,1,1,1,1,1,0,1,1,1,1,1,0,1,0,1,1,0,0,0,1,0,1,1,0,1,1,1,0,0,0,0,0,ARTICLE,https://doi.org/10.1038/s43856-021-00020-4
2021,"S Ammari, R Sall de Chou, T Assi, M Touat",Machine-Learning-Based Radiomics MRI Model for Survival Prediction of Recurrent Glioblastomas Treated with Bevacizumab,1,0,0,0,0,1,1,1,0,0,0,1,0,0,0,0,1,0,0,0,0,0,0,0,0,1,1,0,0,0,0,0,0,0,0,0,0,0,0,0,0,0,0,0,0,0,0,0,0,ARTICLE,https://doi.org/10.3390/diagnostics11071263
2021,"SY Jessica, N Bagheri",Multiscale computational modeling of cancer growth using features derived from microCT images,1,0,0,0,0,1,1,1,0,0,0,0,0,0,0,0,1,1,0,0,1,1,0,0,1,1,1,1,0,1,0,0,0,1,0,0,0,0,0,1,0,1,0,0,0,0,0,0,0,ARTICLE,https://doi.org/10.1038/s41598-021-97966-1
2021,"VV Kumar, P Balaiyah",Tumor Categorization Model (TCM) Using Soft Computing Techniques for Providing Efficient Medical Support in Brain Tumor Treatments.,1,0,0,0,0,1,0,0,0,0,0,0,0,0,0,0,1,0,0,0,0,0,0,0,0,0,0,0,0,0,0,0,0,0,0,0,1,0,1,0,0,0,0,0,0,0,0,0,0,ARTICLE,https://doi.org/10.1166/jmihi.2021.3872
2021,"W Dai, W Yue, W Peng, X Fu, L Liu, L Liu",Identifying cancer subtypes using a residual graph convolution model on a sample similarity network,1,0,0,0,0,1,1,0,0,0,0,1,0,0,0,0,1,0,0,0,0,0,0,0,0,0,0,0,0,1,1,0,0,0,0,0,0,0,0,0,0,0,0,0,0,0,0,0,0,ARTICLE,https://doi.org/10.3390/genes13010065
2021,"X Qiu, Y Tian, J Xu, X Jiang, Z Liu, X Qi, X Chang",Development and validation of an immune-related long non-coding RNA prognostic model in glioma,1,0,0,0,0,1,1,0,0,0,0,1,0,0,0,0,1,1,0,0,1,1,0,1,0,1,1,0,1,1,0,0,0,1,0,0,0,0,0,1,0,1,0,0,1,1,0,0,0,ARTICLE,https://doi.org/10.7150/jca.53831
2021,"Y Gu, K Li",A transfer model based on supervised multi-layer dictionary learning for brain tumor mri image recognition,1,0,0,0,0,1,0,0,0,0,0,0,0,0,0,0,1,1,0,1,0,0,0,0,0,0,0,0,0,0,0,0,0,0,0,0,0,0,0,0,0,0,0,0,0,0,0,0,0,ARTICLE,https://doi.org/10.3389/fnins.2021.687496
2021,"Y Jia, W Yang, B Tang, Q Feng, Z Dong",Hub gene identification and prognostic model construction for isocitrate dehydrogenase mutation in glioma,1,0,0,0,0,1,1,0,0,0,0,1,0,0,0,0,1,1,1,1,1,1,0,1,1,1,1,0,0,1,1,0,1,1,0,0,1,0,1,0,0,0,0,0,1,1,0,0,0,ARTICLE,https://doi.org/10.1016/j.tranon.2020.100979
2021,"YW Park, D Choi, JE Park, SS Ahn, H Kim, JH Chang",Differentiation of recurrent glioblastoma from radiation necrosis using diffusion radiomics with machine learning model development and external validation,1,0,0,0,0,1,1,0,1,1,0,0,1,0,0,0,1,1,0,0,1,0,0,0,0,1,1,0,0,0,0,0,0,0,0,0,0,0,0,1,0,1,0,0,0,0,0,0,0,ARTICLE,https://doi.org/10.1038/s41598-021-82467-y
2021,"Z Abou-Mrad, JB Gharios, MM Moubarak",Central nervous system tumors and three-dimensional cell biology: Current and future perspectives in modeling,1,0,0,0,0,1,1,1,0,0,0,0,0,0,0,0,1,1,0,0,1,1,0,1,1,1,1,1,1,1,0,0,1,1,0,0,0,0,0,1,1,1,0,0,1,1,0,0,0,ARTICLE,https://doi.org/10.4252/wjsc.v13.i8.1112
2021,"Z Du, S Cai, D Yan, H Li, X Zhang, W Yang",Development and validation of a radiosensitivity prediction model for lower grade glioma based on spike-and-slab lasso,1,0,0,0,0,1,1,0,0,0,0,1,0,0,0,0,1,1,0,0,1,0,0,0,0,0,0,0,0,0,0,0,0,0,0,0,1,0,1,1,0,1,0,0,1,1,0,0,0,ARTICLE,https://doi.org/10.3389/fonc.2021.701500
2021,"ZA Shboul, N Diawara, A Vossough, JY Chen",Joint modeling of RNAseq and radiomics data for glioma molecular characterization and prediction,1,0,0,0,0,1,1,0,0,0,0,1,0,0,0,0,1,0,0,0,0,0,0,0,0,0,0,0,0,0,0,0,0,0,0,0,1,1,0,0,0,0,0,0,0,0,0,0,0,ARTICLE,https://doi.org/10.3389/fmed.2021.705071
2022,"A Abu-Rqayiqa, H Alayed",Optimal control of a basic model of oncolytic virotherapy,1,1,0,0,0,0,0,0,0,0,0,0,0,0,0,0,1,1,0,1,0,0,0,0,0,0,0,0,0,0,0,0,0,0,0,0,0,0,0,0,0,0,0,0,1,1,0,0,0,ARTICLE,https://dx.doi.org/10.22436/jmcs.024.02.03
2022,"A Dietrich, N Kolbe, N Sfakianakis, C Surulescu",Multiscale modeling of glioma invasion: from receptor binding to flux-limited macroscopic pdes,1,1,1,0,1,0,1,1,1,0,0,1,0,0,0,0,1,1,1,0,1,1,1,1,1,1,1,1,0,1,0,0,1,0,0,0,0,0,0,1,0,1,0,0,0,0,0,0,0,ARTICLE,https://doi.org/10.1137/21M1412104
2022,"A Fernndez-Romero, F Guilln-Gonzlez",A Glioblastoma PDE-ODE model including chemotaxis and vasculature,1,1,1,0,0,0,1,1,0,0,0,0,0,0,0,0,1,1,0,0,1,1,1,0,0,1,0,1,0,0,0,0,0,0,0,0,0,0,0,0,0,0,0,0,0,0,0,0,0,ARTICLE,https://doi.org/10.48550/arXiv.2109.14322
2022,"AL Jenner, M Smalley, D Goldman, WF Goins",Agent-based computational modeling of glioblastoma predicts that stromal density is central to oncolytic virus efficacy,1,0,1,1,1,0,1,1,0,1,0,1,0,0,0,0,1,1,0,1,0,1,0,0,1,0,0,0,0,0,0,0,0,0,0,0,0,0,0,1,0,1,0,0,1,1,0,0,0,ARTICLE,https://doi.org/10.1016/j.isci.2022.104395
2022,"AN Navaz, H T El-Kassabi, MA Serhani",A novel patient similarity network (PSN) framework based on multi-model deep learning for precision medicine,1,0,0,0,0,1,0,0,0,0,0,0,0,0,0,0,1,0,0,0,0,0,0,0,0,0,0,0,0,0,0,0,0,0,0,0,1,0,1,0,0,0,0,0,0,0,0,0,0,ARTICLE,https://doi.org/10.3390/jpm12050768
2022,"C Erdem, A Mutsuddy, EM Bensman, WB Dodd","A scalable, open-source implementation of a large-scale mechanistic model for single cell proliferation and death signaling",1,1,0,0,1,0,1,0,0,0,0,1,0,0,0,1,1,1,0,0,1,0,0,0,0,0,0,0,0,0,0,0,0,0,0,0,1,0,1,0,0,0,0,0,0,0,0,0,0,ARTICLE,https://doi.org/10.1038/s41467-022-31138-1
2022,"C Harkos, SF Svensson, KE Emblem, T Stylianopoulos","Inducing biomechanical heterogeneity in brain tumor modeling by MR elastography: effects on tumor growth, vascular density and delivery of therapeutics",1,0,1,0,0,0,1,1,1,0,0,0,0,0,0,0,1,1,0,1,1,1,0,1,1,1,1,1,0,1,0,0,1,0,0,0,1,0,1,1,0,1,0,0,0,0,1,1,0,ARTICLE,https://doi.org/10.3390/cancers14040884
2022,"CM Gorick, JJ Saucerman, RJ Price",Computational model of brain endothelial cell signaling pathways predicts therapeutic targets for cerebral pathologies,1,1,0,0,0,0,1,0,0,0,0,1,0,0,0,0,1,1,0,0,1,0,0,0,0,1,1,1,1,1,0,0,1,0,0,0,0,0,0,0,0,0,0,0,1,1,0,0,0,ARTICLE,https://doi.org/10.1016/j.yjmcc.2021.11.005
2022,"DS Santurio, LRC Barros",A Mathematical Model for On-Target Off-Tumor Effect of CAR-T Cells on Gliomas,1,1,0,0,0,0,1,0,0,1,0,0,0,0,0,0,1,1,0,1,1,0,0,0,0,0,0,0,0,0,0,0,0,0,0,0,0,0,0,1,0,1,0,0,1,1,0,0,0,ARTICLE,https://doi.org/10.3389/fsysb.2022.923085
2022,"FM Kashkooli, MA Abazari, M Soltani, MA Ghazani",A spatiotemporal multi-scale computational model for FDG PET imaging at different stages of tumor growth and angiogenesis,1,0,1,0,0,0,1,1,0,0,0,0,1,0,0,0,1,0,0,0,0,1,1,1,1,1,1,1,0,0,0,0,0,0,0,0,1,0,1,1,0,1,0,0,0,0,1,1,0,ARTICLE,https://doi.org/10.1038/s41598-022-13345-4
2022,"G Lucci, A Agosti, P Ciarletta, C Giverso",Coupling solid and fluid stresses with brain tumour growth and white matter tract deformations in a neuroimaging-informed model,1,0,1,0,0,0,1,1,1,0,0,0,0,0,0,0,1,1,0,1,1,1,0,1,0,0,0,0,0,0,0,0,0,0,0,0,0,0,0,0,0,0,0,0,0,0,1,1,0,ARTICLE,https://doi.org/10.1007/s10237-022-01602-4
2022,"J Gomez, N Holmes, A Hansen",Mathematical modeling of therapeutic neural stem cell migration in mouse brain with and without brain tumors,1,0,0,1,0,0,1,1,1,0,0,0,0,0,0,1,1,0,0,0,0,1,1,0,1,0,0,0,0,1,0,0,1,0,0,0,0,0,0,1,0,1,0,0,0,0,0,0,0,ARTICLE,https://doi.org/10.3934/mbe.2022119
2022,"J Liu, DA Hormuth, J Yang, TE Yankeelov",A Multi-Compartment Model of Glioma Response to Fractionated Radiation Therapy Parameterized via Time-Resolved Microscopy Data,1,1,0,0,1,0,1,1,0,0,0,0,1,0,0,1,1,1,1,0,1,0,0,0,0,1,1,1,0,0,0,0,0,0,0,0,0,0,0,0,0,0,0,0,0,0,0,0,0,ARTICLE,https://doi.org/10.3389/fonc.2022.811415
2022,"JJ Bosque, GF Calvo, MC Navarro",Modelling the effect of vascular status on tumour evolution and outcome after thermal therapy,1,0,1,0,0,0,1,0,0,0,0,0,0,1,0,0,1,0,0,0,0,0,0,0,0,1,0,1,0,0,0,0,0,0,0,0,1,0,1,0,0,0,0,0,0,0,0,0,0,ARTICLE,https://doi.org/10.1016/j.apm.2022.05.029
2022,"JM Bentez, L Garca-Mozos, A Santos",A simple agent-based model to simulate 3D tumor-induced angiogenesis considering the evolution of the hypoxic conditions of the cells,1,0,1,1,1,0,0,0,0,0,0,0,0,0,0,0,1,1,0,1,1,1,1,1,1,1,1,1,1,1,1,0,1,1,0,0,0,0,0,0,0,0,0,0,0,0,0,0,0,ARTICLE,https://doi.org/10.1007/s00366-022-01625-6
2022,"M Conte, N Loy",Multi-Cue Kinetic Model with Non-Local Sensing for Cell Migration on a Fiber Network with Chemotaxis,1,0,1,0,0,0,1,0,1,0,0,0,0,0,0,0,1,1,0,0,1,1,1,1,1,1,1,0,0,0,0,0,0,0,0,0,0,0,0,1,0,1,0,0,0,0,0,0,0,ARTICLE,https://doi.org/10.1007/s11538-021-00978-1
2022,"M Conte, Y Dzierma, S Knobe, C Surulescu",Mathematical modeling of glioma invasion and therapy approaches,1,1,1,0,0,0,1,1,1,0,0,1,0,0,0,0,1,1,0,1,1,1,1,0,1,1,1,1,0,0,0,0,0,0,0,0,0,0,0,1,0,1,0,0,0,0,0,0,0,ARTICLE,https://doi.org/10.48550/arXiv.2203.11578
2022,"M Demetriades, M Zivanovic, M Hadjicharalambous, et al.",Interrogating and quantifying in vitro cancer drug pharmacodynamics via agent-based and Bayesian Monte Carlo modelling,1,0,0,1,0,0,0,0,0,0,0,0,0,0,0,1,1,0,0,0,0,1,0,1,0,0,0,0,0,0,0,0,0,0,0,0,0,0,0,0,0,0,0,0,0,0,0,0,0,ARTICLE,https://doi.org/10.3390/pharmaceutics14040749
2022,"M Hirasawa, MAA Saleh, ECM de Lange","The extension of the LeiCNS-PK3. 0 model in combination with the ""Handshake"" approach to understand brain tumor pathophysiology",1,1,0,0,0,0,1,0,0,1,0,1,1,0,0,0,1,0,0,0,0,0,0,0,0,1,0,1,1,0,0,0,0,0,0,0,0,0,0,0,0,0,0,0,0,0,0,0,0,ARTICLE,https://doi.org/10.1007/s11095-021-03154-1
2022,"ME Rhodes, T Hillen, V Putkaradze",Comparing the effects of linear and one-term Ogden elasticity in a model of glioblastoma invasion.,1,0,1,0,0,0,1,0,1,0,0,0,0,0,0,0,1,0,0,0,0,1,0,1,1,1,1,0,0,0,0,0,0,0,0,0,0,0,0,0,0,0,0,0,1,1,1,1,0,ARTICLE,https://doi.org/10.1016/j.brain.2022.100050
2022,O Nave,A mathematical model for treatment using chemo-immunotherapy,1,1,0,0,0,0,0,0,0,0,0,0,0,0,0,0,1,1,1,1,0,0,0,0,0,0,0,0,0,0,0,0,0,0,0,0,0,0,0,0,0,0,0,0,1,1,0,0,0,ARTICLE,https://doi.org/10.1016/j.heliyon.2022.e09288
2022,"S Chabbar, A Rajae, H Abderrahmane",Simulating tumor growth using mathematical and agent-based modeling,1,0,1,1,1,0,0,0,0,0,0,0,0,0,0,0,1,1,0,0,1,1,1,1,0,1,1,1,0,0,0,0,0,0,0,0,0,0,0,0,0,0,0,0,0,0,1,1,0,ARTICLE,https://doi.org/10.1142/S1793962322500271
2022,"S Hervas-Raluy, B Wirthl, PE Guerrero, GR Rei",Tumour growth: Bayesian parameter calibration of a multiphase porous media model based on in vitro observations of Neuroblastoma spheroid growth in a hydrogel,1,0,1,0,0,0,1,0,0,1,0,0,0,0,0,1,1,1,0,0,1,1,0,0,1,1,1,1,0,0,0,0,0,0,0,0,1,0,1,1,0,1,0,0,0,0,1,1,1,ARTICLE,https://doi.org/10.1101/2022.09.26.509452
2022,"S Jafari Nivlouei, M Soltani, E Shirani",A multiscale cellbased model of tumor growth for chemotherapy assessment and tumortargeted therapy through a 3D computational approach,1,0,1,1,1,0,1,0,0,0,0,1,0,0,0,0,1,1,1,1,1,1,1,1,1,1,1,1,0,1,1,0,0,0,0,0,1,1,0,1,0,1,0,0,1,1,0,0,0,ARTICLE,https://doi.org/10.1111/cpr.13187
2022,"B Segura-Collar, J Jiménez-Sánchez, R Gargini, M Dragoj, et al.",On optimal temozolomide scheduling for slowly growing glioblastomas,1,0,0,1,0,0,0,0,0,0,0,0,0,0,0,1,1,1,1,1,1,1,0,1,1,0,0,0,0,0,0,0,0,0,0,0,0,0,0,0,0,0,1,1,0,0,0,0,0,ARTICLE,https://doi.org/10.1093/noajnl/vdac155
2022,"T Bortfeld, G Buti",Modeling the propagation of tumor fronts with shortest path and diffusion modelsimplications for the definition of the clinical target volume,1,0,1,0,0,0,1,1,0,0,0,0,0,0,0,0,1,1,0,0,1,1,0,1,0,0,0,0,0,0,0,0,0,0,0,0,0,0,0,0,0,0,0,0,0,0,0,0,0,ARTICLE,https://doi.org/10.1088/1361-6560/ac8043
2022,"T Lorenzi, B Perthame, X Ruan",Invasion fronts and adaptive dynamics in a model for the growth of cell populations with heterogeneous mobility,1,0,1,0,0,0,0,0,0,0,0,0,0,0,0,0,1,1,0,0,1,1,0,1,0,0,0,0,0,0,0,0,0,0,0,0,0,0,0,0,0,0,0,0,0,0,0,0,0,ARTICLE,https://doi.org/10.48550/arXiv.2007.13084
2022,"X Lai, C Keller, G Santos, N Schaft, J Drrie",Multi-level computational Modeling of anti-Cancer dendritic cell vaccination utilized to select molecular targets for therapy optimization,1,1,0,0,0,0,1,0,0,0,0,1,0,0,0,0,1,1,0,0,1,1,0,0,1,0,0,0,0,0,0,0,0,0,0,0,0,0,0,1,0,1,0,0,1,1,0,0,0,ARTICLE,https://doi.org/10.3389/fcell.2021.746359
2022,"Y Zhang, PX Liu, W Hou",Modeling of glioma growth using modified reaction-diffusion equation on brain MR images,1,0,1,0,0,0,1,1,0,1,0,0,0,0,0,0,1,1,0,1,1,1,0,1,1,1,0,1,0,0,0,0,0,0,0,0,0,0,0,0,0,0,0,0,0,0,1,1,0,ARTICLE,https://doi.org/10.1016/j.cmpb.2022.107233
2022,"A Lakshmi, MP Rajasekaran, S Jeevitha",An adaptive MRI-PET image fusion model based on deep residual learning and self-adaptive total variation,1,0,0,0,0,1,1,0,0,0,0,0,1,0,0,0,1,0,0,0,0,1,0,1,0,0,0,0,0,0,0,0,0,0,0,0,1,0,1,0,0,0,0,0,0,0,0,0,0,ARTICLE,https://doi.org/10.1007/s13369-020-05201-2
2022,"A Sui, Y Deng, Y Wang, J Yu",A deep learning model designed for Raman spectroscopy with a novel hyperparameter optimization method,1,0,0,0,0,1,1,0,0,0,1,0,0,0,0,0,1,0,0,0,0,0,0,0,0,0,0,0,0,0,0,0,0,0,0,0,1,1,1,0,0,0,0,0,0,0,0,0,0,ARTICLE,https://doi.org/10.1016/j.saa.2022.121560
2022,"B Bakirarar, E Egemen, A Dere",Machine learning model to identify prognostic factors in glioblastoma: a SEER-based analysis,1,0,0,0,0,1,0,0,0,0,0,0,0,0,0,0,0,0,0,0,0,0,0,0,0,0,0,0,0,0,0,0,0,0,0,0,0,0,0,0,0,0,0,0,0,0,0,0,0,ARTICLE,https://doi.org/10.21203/rs.3.rs-1327181/v1
2022,"C Martens, A Rovai, D Bonatto, T Metens, O Debeir",Deep Learning for Reaction-Diffusion Glioma Growth Modeling: Towards a Fully Personalized Model?,1,0,1,0,0,1,1,1,1,1,0,0,1,0,0,0,1,1,0,0,1,1,0,1,1,1,1,0,1,0,0,0,0,0,0,0,0,0,0,0,0,0,0,0,0,0,1,1,0,ARTICLE,https://doi.org/10.3390/cancers14102530
2022,E Baaran,A new brain tumor diagnostic model: Selection of textural feature extraction algorithms and convolution neural network features with optimization algorithms,1,0,0,0,0,1,1,1,0,1,0,0,0,0,0,0,1,0,0,0,0,1,0,0,1,0,0,0,0,0,0,0,0,0,0,0,0,0,0,0,0,0,0,0,0,0,0,0,0,ARTICLE,https://doi.org/10.1016/j.compbiomed.2022.105857
2022,"I Ezhov, et al.",Geometry-aware neural solver for fast Bayesian calibration of brain tumor models,1,0,1,0,0,1,1,1,0,0,0,0,1,0,0,0,1,1,0,0,1,1,0,1,0,0,0,0,0,0,0,0,0,0,0,0,0,0,0,0,0,0,0,0,0,0,0,0,0,ARTICLE,https://doi.org/10.1109/TMI.2021.3136582
2022,"G Dhiman, S Juneja, W Viriyasitavat, H Mohafez",A novel machine-learning-based hybrid CNN model for tumor identification in medical image processing,1,0,0,0,0,1,1,1,0,0,0,0,0,0,0,0,1,0,0,0,0,1,0,0,1,0,0,0,0,0,0,0,0,0,0,0,0,0,0,0,0,0,0,0,0,0,0,0,0,ARTICLE,https://doi.org/10.3390/su14031447
2022,"G Kaynar, D Cakmakci, C Bund, J Todeschi, IJ Namer",Pathway-informed deep learning model for survival analysis and pathological classification of gliomas,1,0,0,0,0,1,1,0,0,1,0,1,0,0,0,0,1,0,0,0,0,0,0,0,0,0,0,0,0,0,0,0,0,0,0,0,1,1,1,0,0,0,0,0,0,0,0,0,0,ARTICLE,https://doi.org/10.1101/2022.10.21.513161
2022,"H Kibriya, R Amin, AH Alshehri, M Masood",A novel and effective brain tumor classification model using deep feature fusion and famous machine learning classifiers,1,0,0,0,0,1,1,1,0,1,0,0,0,0,0,0,1,0,0,0,0,0,0,0,0,0,0,0,0,0,0,0,0,0,0,0,1,0,1,0,0,0,0,0,0,0,0,0,0,ARTICLE,https://doi.org/10.1155/2022/7897669
2022,"IO Kommers, RS Eijgelaar, F Barkhof, D Bouget",P11. 37. B When to resect or biopsy for patients with supratentorial glioblastoma: a multivariable prediction model,1,0,0,0,0,1,1,0,0,1,0,0,0,0,0,0,1,0,0,0,0,1,0,1,0,0,0,0,0,0,0,0,0,0,0,0,0,0,0,0,0,0,0,0,0,0,0,0,0,ARTICLE,https://doi.org/10.1093/neuonc/noac174.226
2022,"J Amin, MA Anjum, N Gul, M Sharif",A secure two-qubit quantum model for segmentation and classification of brain tumor using MRI images based on blockchain,1,0,0,0,0,1,1,1,0,0,0,0,1,0,0,0,1,1,0,1,0,0,0,0,0,0,0,0,0,0,0,0,0,0,0,0,0,0,0,0,0,0,0,0,0,0,0,0,0,ARTICLE,https://doi.org/10.1007/s00521-022-07388-x
2022,"J Ding, R Zhao, Q Qiu, J Chen, J Duan",Developing and validating a deep learning and radiomic model for glioma grading using multiplanar reconstructed magnetic resonance contrast-enhanced T1,1,0,0,0,0,1,1,0,0,1,0,0,0,0,0,0,1,0,0,0,0,1,0,1,0,0,0,0,0,0,0,0,0,0,1,1,0,0,0,0,0,0,0,0,0,0,0,0,0,ARTICLE,https://doi.org/10.21037/qims-21-722
2022,"K Mulford, M McMahon, AM Gardeck, MA Hunt",Predicting Glioblastoma Cellular Motility from In Vivo MRI with a Radiomics Based Regression Model,1,0,0,0,0,1,1,1,0,0,0,0,1,0,0,0,1,1,0,1,1,1,0,1,1,0,0,0,0,0,0,0,0,0,0,0,0,0,0,1,0,1,0,0,1,1,0,0,0,ARTICLE,https://doi.org/10.3390/cancers14030578
2022,"K Sambath Kumar, A Rajendran",An automatic brain tumor segmentation using modified inception module based U-Net model,1,0,0,0,0,1,1,1,0,0,0,0,0,0,0,0,1,0,0,0,0,0,0,0,0,0,0,0,0,0,0,0,0,0,0,0,0,0,0,0,0,0,0,0,1,1,0,0,0,ARTICLE,https://doi.org/10.3233/JIFS-211879
2022,"KA Kumar, R Boda",A computer-aided brain tumor diagnosis by adaptive fuzzy active contour fusion model and deep fuzzy classifier,1,0,0,0,0,1,1,1,0,0,0,0,0,0,0,0,1,1,0,1,0,0,0,0,0,0,0,0,0,0,0,0,0,0,0,0,0,0,0,0,0,0,0,0,0,0,0,0,0,ARTICLE,https://doi.org/10.1007/s11042-022-12213-7
2022,"KH Kim, S Jung, HJ Lee, HJ Kwon, SW Choi, HS Koh",A Deep Neural Network-Based Model Predicting Peritumoral Edema After Radiosurgery for Meningioma,1,0,0,0,1,1,1,0,0,0,0,0,1,0,0,0,1,0,0,0,0,0,0,0,0,0,0,0,0,0,0,0,0,0,0,0,0,0,0,0,0,0,0,0,1,1,0,0,0,ARTICLE,https://doi.org/10.1016/j.wneu.2022.04.125
2022,"LHT Lam, NT Chu, TO Tran, DT Do, NQK Le",A radiomics-based machine learning model for prediction of tumor mutational burden in lower-grade gliomas,1,0,0,0,0,1,1,0,0,1,0,0,1,0,0,0,1,0,0,0,0,0,0,0,0,0,0,0,0,0,0,0,0,0,0,0,1,1,0,1,0,1,0,0,1,1,0,0,0,ARTICLE,https://doi.org/10.3390/cancers14143492
2022,"M Ahmed Hamza, H Abdullah Mengash, SS Alotaibi",Optimal and efficient deep learning model for brain tumor magnetic resonance imaging classification and analysis,1,0,0,0,0,1,1,1,0,0,0,0,1,0,0,0,1,0,0,0,0,1,0,0,1,0,0,0,0,0,0,0,0,0,0,0,0,0,0,0,0,0,0,0,0,0,0,0,0,ARTICLE,https://doi.org/10.3390/app12157953
2022,"MF Alanazi, MU Ali, SJ Hussain, A Zafar, M Mohatram",Brain tumor/mass classification framework using magnetic-resonance-imaging-based isolated and developed transfer deep-learning model,1,0,0,0,0,1,1,0,0,1,0,0,0,0,0,0,1,1,0,1,0,0,0,0,0,0,0,0,0,0,0,0,0,0,0,0,0,0,0,0,0,0,0,0,0,0,0,0,0,ARTICLE,https://doi.org/10.3390/s22010372
2022,"MM Ershadi, ZR Rise, STA Niaki","A hierarchical machine learning model based on Glioblastoma patients' clinical, biomedical, and image data to analyze their treatment plans",1,0,0,0,0,1,1,1,0,0,0,0,0,0,0,0,1,1,0,1,0,0,0,0,0,0,0,0,0,0,0,0,0,0,0,0,0,0,0,0,0,0,0,0,0,0,0,0,0,ARTICLE,https://doi.org/10.1016/j.compbiomed.2022.106159
2022,"RK Jain, A Gupta, WH Ali, PFJ Lermusiaux",GlioMod: Spatiotemporal-Aware Glioblastoma Multiforme Tumor Growth Modeling with Deep Encoder-Decoder Networks,1,0,1,0,0,1,1,1,0,0,0,0,1,0,0,0,1,1,0,1,1,0,0,0,0,0,0,0,0,0,0,0,0,0,0,0,0,0,0,0,0,0,0,0,0,0,1,1,0,ARTICLE,https://doi.org/10.1101/2022.11.06.22282010
2022,"S Zhang, L Zhu, Y Gao",An efficient deep equilibrium model for medical image segmentation,1,0,0,0,0,1,1,0,0,1,0,0,0,0,0,0,1,0,0,0,0,0,0,0,0,0,0,0,0,1,0,0,1,0,0,0,0,0,0,0,0,0,0,0,0,0,0,0,0,ARTICLE,https://doi.org/10.1016/j.compbiomed.2022.105831
2022,"SA Qureshi, SEA Raza, L Hussain, AA Malibari",Intelligent ultra-light deep learning model for multi-class brain tumor detection,1,0,0,0,0,1,1,1,0,0,0,0,0,0,0,0,1,1,0,1,0,0,0,0,0,0,0,0,0,0,0,0,0,0,0,0,0,0,0,0,0,0,0,0,0,0,0,0,0,ARTICLE,https://doi.org/10.3390/app12083715
2022,"SR Sowrirajan, S Balasubramanian",MRI Brain Tumor Classification Using a Hybrid VGG16-NADE Model,1,0,0,0,0,1,1,0,1,0,0,0,1,0,0,0,1,0,0,0,0,0,0,0,0,1,0,1,0,0,0,0,0,0,0,0,0,0,0,0,0,0,0,0,0,0,0,0,0,ARTICLE,https://doi.org/10.1590/1678-4324-2023220071
2022,"V Agalya, M Kandasamy, E Venugopal",CPRO: Competitive Poor and Rich Optimizer-Enabled Deep Learning Model and Holoentropy Weighted-Power K-Means Clustering for Brain Tumor Classification Using MRI,1,0,0,0,0,1,1,1,0,0,0,0,0,0,0,0,1,0,0,0,0,0,0,0,0,0,0,0,0,0,0,0,0,0,0,0,0,0,0,0,0,0,0,0,1,1,0,0,0,ARTICLE,https://doi.org/10.1142/S0218001422520085
2022,"V Singh, MK Gourisaria, H GM, SS Rautaray",Diagnosis of intracranial tumors via the selective CNN data modeling technique,1,0,0,0,0,1,1,0,0,1,0,0,1,0,0,0,1,0,0,0,0,0,0,0,0,0,0,0,0,0,0,0,0,0,0,0,0,0,0,0,0,0,0,0,1,1,0,0,0,ARTICLE,https://doi.org/10.3390/app12062900
2022,"VV Radhakrishnan, S Benny",Network analysis and ligand-based pharmacophore modeling for discovery of small molecule against glioblastoma multiforme,1,0,0,0,0,1,1,0,0,0,0,0,0,1,0,0,1,0,0,0,0,1,0,0,1,1,1,0,0,0,0,0,0,0,0,0,1,0,1,0,0,0,0,0,0,0,0,0,0,ARTICLE,https://doi.org/10.4155/fmc-2022-0100
2022,"W Guo, D She, Z Xing, X Lin, F Wang, Y Song",Multiparametric MRI-Based Radiomics Model for Predicting H3 K27M Mutant Status in Diffuse Midline Glioma: A Comparative Study Across Different Sequences and Machine Learning Techniques,1,0,0,0,0,1,1,0,0,1,0,0,1,0,0,0,1,0,0,0,0,0,0,0,0,0,0,0,0,0,0,0,0,0,0,0,0,0,0,0,0,0,0,0,1,1,0,0,0,ARTICLE,https://doi.org/10.3389/fonc.2022.796583
2022,"X Pan, B Burgman, E Wu, JH Huang, N Sahni",i-Modern: Integrated multi-omics network model identifies potential therapeutic targets in glioma by deep learning with interpretability,1,0,0,0,0,1,1,0,0,1,0,1,1,0,0,0,1,1,0,0,1,1,0,1,1,0,0,0,0,1,0,0,1,1,0,0,1,0,1,0,0,0,0,0,1,1,0,0,0,ARTICLE,https://doi.org/10.1016/j.csbj.2022.06.058
2022,"YW Park, SJ Shin, J Eom, H Lee, SC You, SS Ahn",Cycle-consistent adversarial networks improves generalizability of radiomics model in grading meningiomas on external validation,1,0,0,0,0,1,1,1,0,0,0,0,0,0,0,0,1,0,0,0,0,1,0,1,0,0,0,0,0,0,0,0,0,0,0,0,0,0,0,0,0,0,0,0,0,0,0,0,0,ARTICLE,https://doi.org/10.1038/s41598-022-10956-9
2023,"A Agosti, AG Lucifero, S Luzzi",An image-informed CahnHilliard KellerSegel multiphase field model for tumor growth with angiogenesis,1,0,1,0,0,0,1,1,1,0,0,0,0,0,0,0,1,1,0,0,1,1,1,0,1,1,1,1,1,1,0,0,1,0,0,0,0,0,0,1,0,1,0,0,0,0,0,0,0,ARTICLE,https://doi.org/10.1016/j.amc.2023.127834
2023,"A Carrasco-Mantis, T Randelovic, H Castro-Abril",A mechanobiological model for tumor spheroid evolution with application to glioblastoma: A continuum multiphysics approach,1,0,1,0,0,0,1,0,0,1,0,0,0,0,0,1,1,1,1,1,1,1,1,1,1,1,1,0,0,0,0,0,0,0,0,0,1,1,0,0,0,0,0,0,0,0,1,1,1,ARTICLE,https://doi.org/10.1016/j.compbiomed.2023.106897
2023,"A Meddah, M Conte, E Buckwar",A stochastic hierarchical model for low grade glioma evolution,1,1,1,0,0,0,1,1,1,0,0,1,0,0,0,0,1,1,0,1,1,1,1,1,1,1,1,1,0,0,0,0,0,0,0,0,0,0,0,1,0,1,0,0,0,0,1,1,0,ARTICLE,https://doi.org/10.1007/s00285-023-01909-5
2023,"A Tursynkozha, A Kashkynbayev, B Shupeyeva",Traveling wave speed and profile of a go or grow glioblastoma multiforme model,1,0,1,0,0,0,1,1,0,0,0,0,0,0,0,1,1,1,0,1,1,1,0,1,1,1,1,1,0,0,0,0,0,0,0,0,0,0,0,0,0,0,0,0,0,0,0,0,0,ARTICLE,https://doi.org/10.1016/j.cnsns.2022.107008
2023,"AB Brummer, A Xella, R Woodall, V Adhikarla",Data driven model discovery and interpretation for CAR T-cell killing using sparse identification and latent variables,1,1,0,0,0,0,1,1,0,0,0,0,0,0,0,1,1,1,0,1,0,1,0,0,1,0,0,0,0,0,0,0,0,0,0,0,1,0,1,0,0,0,0,0,1,1,0,0,0,ARTICLE,https://doi.org/10.3389/fimmu.2023.1115536
2023,"B Liang, L Lozenski, U Villa, D Faghihi",PDE-constrained Optimization Formulation for Tumor Growth Model Calibration,1,0,1,0,0,0,0,0,0,0,0,0,0,0,0,0,1,1,0,0,1,1,0,0,1,0,0,0,0,0,0,0,0,0,0,0,0,0,0,0,0,0,0,0,0,0,0,0,0,ARTICLE,https://doi.org/10.48550/arXiv.2302.06445
2023,"D Lachinov, A Chakravarty, C Grechenig",Learning Spatio-Temporal Model of Disease Progression with NeuralODEs from Longitudinal Volumetric Data,1,1,0,0,0,1,1,1,0,0,0,0,0,0,0,0,1,1,0,1,0,0,0,0,0,0,0,0,0,0,0,0,0,0,0,0,0,0,0,0,0,0,0,0,0,0,0,0,0,ARTICLE,https://doi.org/10.1109/TMI.2023.3330576
2023,"G Baravdish, BT Johansson, O Svensson",Identifying a response parameter in a model of brain tumour evolution under therapy,1,0,1,0,0,0,0,0,0,0,0,0,0,0,0,0,1,1,0,0,1,1,0,1,0,0,0,0,0,0,0,0,0,0,0,0,0,0,0,0,0,0,0,0,0,0,0,0,0,ARTICLE,https://doi.org/10.1093/imamat/hxad013
2023,"I Ezhov, K Scibilia, K Franitza, F Steinbauer, S Shit",Learn-Morph-Infer: a new way of solving the inverse problem for brain tumor modeling,1,0,1,0,0,1,1,1,0,0,0,0,0,0,0,0,1,1,0,0,1,1,0,1,0,1,1,0,0,0,0,0,0,0,0,0,0,0,0,0,0,0,0,0,0,0,1,1,0,ARTICLE,https://doi.org/10.1016/j.media.2022.102672
2023,"JL Lpez-Agredo, DA Rueda-Gomez",Numerical analysis of a mathematical model describing the evolution of hypoxic glioma cells,1,0,1,0,0,0,1,1,0,0,0,0,0,0,0,0,1,1,0,1,1,1,0,1,1,1,0,1,0,0,0,0,0,0,0,0,0,0,0,0,0,0,0,0,0,0,0,0,0,ARTICLE,https://doi.org/10.1016/j.camwa.2022.12.010
2023,"KJ Painter, T Hillen, JR Potts",Biological modelling with nonlocal advection diffusion equations,1,0,1,0,0,0,0,0,0,0,0,0,0,0,0,0,1,0,0,0,0,1,0,1,0,0,0,0,0,0,0,0,0,0,0,0,0,0,0,0,0,0,0,0,0,0,0,0,0,ARTICLE,https://doi.org/10.48550/arXiv.2307.14396
2023,"L Hanum, N Susyanto, D Ertiningsih",Mathematical model of the impact of chemotherapy and anti-angiogenic therapy on drug resistance in glioma growth,1,1,0,0,0,0,0,0,0,0,0,0,0,0,0,0,1,1,0,0,1,1,0,0,1,1,1,0,0,0,0,0,0,0,0,0,0,0,0,1,0,1,0,0,0,0,0,0,0,ARTICLE,https://doi.org/10.1515/cmb-2025-0022?urlappend=%3Futm_source%3Dresearchgate.net%26utm_medium%3Darticle
2023,"M Amereh, H Struchtrup, B Nadler",Mathematical modeling of spherical shell-type pattern of tumor invasion,1,0,1,0,0,0,1,0,0,0,0,1,0,0,0,0,1,1,0,0,1,1,1,1,1,0,0,0,0,1,0,0,0,1,0,0,1,0,1,1,0,1,0,0,0,0,0,0,0,ARTICLE,https://doi.org/10.3390/sym15020283
2023,"M Conte, Y Dzierma, S Knobe",Mathematical modeling of glioma invasion and therapy approaches via kinetic theory of active particles,1,1,1,0,1,0,1,1,1,0,0,1,0,0,0,0,1,1,0,1,1,1,1,0,1,1,1,1,0,0,0,0,0,0,0,0,0,0,0,1,0,1,0,0,0,0,0,0,0,ARTICLE,https://doi.org/10.48550/arXiv.2203.11578
2023,"R Li, P Sahoo, D Wang, Q Wang, CE Brown",Modeling interaction of Glioma cells and CAR T-cells considering multiple CAR T-cells bindings,1,1,0,0,0,0,0,0,0,0,0,0,0,0,0,0,1,1,0,1,1,1,0,0,1,0,0,0,0,0,0,0,0,0,0,0,0,0,0,1,0,1,0,0,1,1,0,0,0,ARTICLE,https://doi.org/10.1016/j.immuno.2023.100022
2023,"S Ghazanfar, N Ahmed, SM Ali, MS Iqbal, A Akgl",Exact and solitary wave structure of the tumor cell proliferation with LQ model of three dimensional PDE by newly extended direct algebraic method,1,0,1,0,0,0,1,1,0,0,0,0,0,0,0,0,1,1,0,0,1,0,0,0,0,0,0,0,0,1,1,0,0,0,0,0,0,0,0,0,0,0,0,0,1,1,0,0,0,ARTICLE,https://doi.org/10.1063/5.0153529
2023,"S Khajanchi, J Mondal, PK Tiwari",Optimal treatment strategies using dendritic cell vaccination for a tumor model with parameter identifiability,1,1,0,0,0,0,0,0,0,0,0,0,0,0,0,0,1,1,0,1,1,0,0,0,0,0,0,0,0,0,0,0,0,0,0,0,0,0,0,1,0,1,0,0,1,1,0,0,0,ARTICLE,https://doi.org/10.1142/S0218339023500171
2023,"S Urcun, D Baroli, PY Rohan, W Skalli, V Lubrano",Non-operable glioblastoma: proposition of patient-specific forecasting by image-informed poromechanical model,1,0,1,0,1,0,1,1,0,0,0,0,1,0,0,0,1,1,0,1,1,1,0,1,1,1,1,1,0,1,0,0,1,0,0,0,1,0,1,0,0,0,0,0,1,1,0,0,0,ARTICLE,https://doi.org/10.1016/j.brain.2023.100067
2023,"Y Kim, J Lee, C Lee, S Lawler",Role of senescent tumor cells in building a cytokine shield in the tumor microenvironment: mathematical modeling,1,0,1,1,1,0,0,0,0,0,0,0,0,0,0,0,1,1,1,1,1,1,1,1,1,1,1,1,1,1,1,0,1,1,0,0,0,0,0,1,0,1,0,0,1,1,1,1,0,ARTICLE,https://doi.org/10.1007/s00285-022-01850-z
2023,"A Hussain, MS Muthuvalu, I Faye, M Zafar, M Inc",Numerical investigation of treated brain glioma model using a two-stage successive over-relaxation method,1,0,0,0,0,1,1,1,1,1,0,0,0,0,0,0,1,1,0,1,1,1,0,1,0,1,1,1,0,0,0,0,0,0,0,0,0,0,0,0,0,0,0,0,1,1,0,0,0,ARTICLE,https://doi.org/10.1016/j.compbiomed.2022.106429
2023,"A Karac, K Akyol",YoDenBi-NET: YOLO+ DenseNet+ Bi-LSTM-based hybrid deep learning model for brain tumor classification,1,0,0,0,0,1,1,0,0,1,0,0,0,0,0,0,1,0,0,0,0,0,0,0,0,0,0,0,0,0,0,0,0,0,0,0,0,0,0,0,0,0,0,0,1,1,0,0,0,ARTICLE,https://doi.org/10.1007/s00521-023-08395-2
2023,"AA Asiri, A Shaf, T Ali, M Aamir, M Irfan, S Alqahtani",Brain tumor detection and classification using fine-tuned CNN with ResNet50 and U-Net model: A study on TCGA-LGG and TCIA dataset for MRI applications,1,0,0,0,0,1,1,1,0,1,0,0,0,0,0,0,1,1,0,1,1,0,0,0,0,0,0,0,0,0,0,0,0,0,0,0,0,0,0,0,0,0,0,0,1,1,0,0,0,ARTICLE,https://doi.org/10.3390/life13071449
2023,"AK Sharma, A Nandal, A Dhaka, L Zhou",Brain tumor classification using the modified ResNet50 model based on transfer learning,1,0,0,0,0,1,0,0,0,0,0,0,0,0,0,0,1,1,0,0,1,0,0,0,0,0,0,0,0,0,0,0,0,0,0,0,0,0,0,0,0,0,0,0,0,0,0,0,0,ARTICLE,https://doi.org/10.1016/j.bspc.2023.105299
2023,"B Ragupathy, B Subramani",A novel approach for MR brain tumor classification and detection using optimal CNNSVM model,1,0,0,0,0,1,0,0,0,0,0,0,0,0,0,0,1,0,0,0,0,0,0,0,0,0,0,0,0,0,0,0,0,0,0,0,0,0,0,0,0,0,0,0,1,1,0,0,0,ARTICLE,https://doi.org/10.1002/ima.22826
2023,"A Chaudhuri, G Pash, DA Hormuth II, G Lorenzo, et al.",Predictive digital twin for optimizing patient-specific radiotherapy regimens under uncertainty in high-grade gliomas,1,1,0,0,0,1,1,1,0,0,0,0,0,0,0,0,1,1,0,0,1,0,0,0,0,0,0,0,0,0,0,0,0,0,0,0,0,0,0,0,0,0,0,0,0,0,0,0,0,ARTICLE,https://doi.org/10.3389/frai.2023.1222612
2023,"F Demir, Y Akbulut, B Tac, K Demir",Improving brain tumor classification performance with an effective approach based on new deep learning model named 3ACL from 3D MRI data,1,0,0,0,0,1,1,1,0,0,0,0,0,0,0,0,1,1,0,0,1,0,0,0,0,0,0,0,0,0,0,0,0,0,0,0,0,0,0,0,0,0,0,0,0,0,0,0,0,ARTICLE,https://doi.org/10.1016/j.bspc.2022.104424
2023,"H Bagher-Ebadian, SL Brown, MM Ghassemi",Radiomics characterization of tissues in an animal brain tumor model imaged using dynamic contrast enhanced (DCE) MRI,1,0,0,0,0,1,1,1,0,1,0,0,0,0,0,0,1,0,0,0,0,0,0,0,0,1,1,1,0,0,0,0,0,0,0,0,0,0,0,1,0,1,0,0,1,1,0,0,0,ARTICLE,https://doi.org/10.1038/s41598-023-37723-8
2023,"H Mo, W Liang, Z Huang, X Li, X Xiao, H Liu, J He",Machine learningbased multiparametric magnetic resonance imaging radiomics model for distinguishing central neurocytoma from glioma of lateral ventricle,1,0,0,0,0,1,1,1,0,0,0,0,0,0,0,0,1,0,0,0,0,1,0,1,0,0,0,0,0,0,0,0,0,0,0,0,0,0,0,0,0,0,0,0,0,0,0,0,0,ARTICLE,https://doi.org/10.1007/s00330-022-09319-9
2023,"HA Hafeez, MA Elmagzoub, NAB Abdullah",A CNN-Model to Classify Low-grade and High-grade Glioma from MRI Images,1,0,0,0,0,1,1,1,0,1,1,0,0,0,0,0,1,1,0,0,1,0,0,0,0,0,0,0,0,0,0,0,0,0,0,0,0,0,0,0,0,0,0,0,0,0,0,0,0,ARTICLE,https://doi.org/10.1109/ACCESS.2023.3273487
2023,"HMT Khushi, T Masood, A Jaffar, M Rashid",Improved Multiclass Brain Tumor Detection via Customized Pretrained EfficientNetB7 Model,1,0,0,0,0,1,1,1,0,0,0,0,0,0,0,0,1,0,0,0,0,0,0,0,0,0,0,0,0,0,0,0,0,0,0,0,0,0,0,0,0,0,0,0,1,1,0,0,0,ARTICLE,https://doi.org/10.1109/ACCESS.2023.3325883
2023,"JN Anita, S Kumaran",Detection and Segmentation of Meningioma Tumors Using the Proposed MENCNN Model,1,0,0,0,0,1,1,0,0,0,0,0,1,0,0,0,1,1,0,1,0,0,0,0,0,0,0,0,0,0,0,0,0,0,0,0,0,0,0,0,0,0,0,0,0,0,0,0,0,ARTICLE,https://doi.org/10.37934/araset.32.2.113
2023,"KM Bond, L Curtin, S Ranjbar, AE Afshari",An image-based modeling framework for predicting spatiotemporal brain cancer biology within individual patients,1,0,0,0,1,1,1,1,0,1,0,1,1,0,0,0,1,1,0,0,1,1,0,1,0,1,1,1,0,1,0,0,0,1,0,0,0,0,0,0,0,0,0,0,1,1,0,0,0,ARTICLE,https://doi.org/10.3389/fonc.2023.1185738
2023,"KP Slavkova, SH Patel, Z Cacini, AS Kazerouni",Mathematical modelling of the dynamics of image-informed tumor habitats in a murine model of glioma,1,1,0,0,0,1,1,1,0,1,0,0,0,0,0,1,1,1,0,1,1,0,0,0,0,1,1,1,1,0,0,0,0,0,0,0,0,0,0,0,0,0,0,0,0,0,0,0,0,ARTICLE,https://doi.org/10.1038/s41598-023-30010-6
2023,"L Fang, X Wang",Multi-input Unet model based on the integrated block and the aggregation connection for MRI brain tumor segmentation,1,0,0,0,0,1,1,0,0,0,0,0,1,0,0,0,1,1,0,1,1,0,0,0,0,0,0,0,0,0,0,0,0,0,0,0,1,0,1,0,0,0,0,0,1,1,0,0,0,ARTICLE,https://doi.org/10.1016/j.bspc.2022.104027
2023,"L Li, C Zhang, Z Wang, Y Wang, Y Guo, C Qi, G You",Development of an integrated predictive model for postoperative glioma-related epilepsy using gene-signature and clinical data,1,0,0,0,0,1,1,0,0,1,0,1,0,0,0,0,1,1,0,0,1,1,0,1,0,0,0,0,0,0,0,0,0,0,0,0,0,0,0,1,0,1,0,0,1,1,0,0,0,ARTICLE,https://doi.org/10.1186/s12885-022-10385-x
2023,"L Zhang, H Pan, Z Liu, J Gao, X Xu, L Wang, J Wang",Multicenter clinical radiomicsintegrated model based on [18F]FDG PET and multi-modal MRI predict ATRX mutation status in IDH-mutant lower-grade gliomas,1,0,0,0,0,1,1,0,1,1,0,1,1,0,0,0,1,1,0,1,0,0,0,0,0,0,0,0,0,1,0,0,1,0,0,0,1,0,1,1,0,1,0,0,0,0,0,0,0,ARTICLE,https://doi.org/10.1007/s00330-022-09043-4
2023,"LL de Godoy, S Chawla, S Brem, S Wang",Assessment of treatment response to dendritic cell vaccine in patients with glioblastoma using a multiparametric MRI-based prediction model,1,0,0,0,0,1,1,0,1,1,0,0,0,0,0,0,1,1,0,0,1,0,0,0,0,1,0,0,1,0,0,0,0,0,0,0,0,0,0,1,0,1,0,0,1,1,0,0,0,ARTICLE,https://doi.org/10.1007/s11060-023-04324-4
2023,"M Hammad, M ElAffendi, AA Ateya, AA Abd El-Latif",Efficient Brain Tumor Detection with Lightweight End-to-End Deep Learning Model,1,0,0,0,0,1,1,0,0,1,0,0,0,0,0,0,1,0,0,0,0,0,0,0,0,0,0,0,0,1,1,0,0,0,0,0,0,0,0,1,0,1,0,0,0,0,0,0,0,ARTICLE,https://doi.org/10.3390/cancers15102837
2023,"M Rahimpour, R Boellaard, S Jentjens",A multi-label CNN model for the automatic detection and segmentation of gliomas using [18F]FET PET imaging,1,0,0,0,0,1,1,0,0,1,0,0,1,0,0,0,1,0,0,0,0,0,0,0,0,0,0,0,0,0,0,0,0,0,0,0,1,0,1,0,0,0,0,0,0,0,0,0,0,ARTICLE,https://doi.org/10.1007/s00259-023-06193-5
2023,"MA Talukder, MM Islam, MA Uddin, A Akhter",An efficient deep learning model to categorize brain tumor using reconstruction and fine-tuning,1,0,0,0,0,1,1,1,0,0,0,0,1,0,0,0,1,1,0,0,1,0,0,0,0,1,0,0,1,0,0,0,0,0,0,0,1,0,1,0,0,0,0,0,0,0,0,0,0,ARTICLE,https://doi.org/10.1016/j.eswa.2023.120534
2023,"N Ullah, A Javed, A Alhazmi, SM Hasnain, A Tahir",TumorDetNet: A unified deep learning model for brain tumor detection and classification,1,0,0,0,0,1,1,1,0,1,0,0,0,0,0,0,1,1,0,0,1,0,0,0,0,0,0,0,0,0,0,0,0,0,0,0,0,0,0,0,0,0,0,0,0,0,0,0,0,ARTICLE,https://doi.org/10.1371/journal.pone.0291200
2023,"P Du, X Liu, X Wu, J Chen, A Cao, D Geng",Predicting Histopathological Grading of Adult Gliomas Based On Preoperative Conventional Multimodal MRI Radiomics: A Machine Learning Model,1,0,0,0,0,1,1,0,1,0,0,0,0,0,0,0,1,0,0,0,0,1,0,1,0,1,0,0,1,0,0,0,0,0,0,0,0,0,0,1,0,1,0,0,0,0,0,0,0,ARTICLE,https://doi.org/10.3390/brainsci13060912
2023,"Q Chen, Q Ye, W Zhang, H Li, X Zheng",TGM-Nets: A deep learning framework for enhanced forecasting of tumor growth by integrating imaging and modeling,1,0,0,0,0,1,0,0,0,0,0,0,0,0,0,0,1,1,0,1,1,1,0,1,0,1,1,0,0,0,0,0,0,0,0,0,1,0,1,0,0,0,0,0,0,0,1,1,0,ARTICLE,https://doi.org/10.1016/j.engappai.2023.106867
2023,"S Asif, M Zhao, X Chen, Y Zhu",BMRI-NET: A Deep Stacked Ensemble Model for Multi-class Brain Tumor Classification from MRI Images,1,0,0,0,0,1,0,0,0,0,0,0,0,0,0,0,1,1,0,0,1,0,0,0,0,0,0,0,0,0,0,0,0,0,0,0,0,0,0,0,0,0,0,0,0,0,0,0,0,ARTICLE,https://doi.org/10.1007/s12539-023-00571-1
2023,"S Hussain, S Haider, S Maqsood, R Damaeviius",ETISTP: an enhanced model for brain tumor identification and survival time prediction,1,0,0,0,0,1,1,1,0,0,0,0,0,0,0,0,1,1,0,1,0,0,0,0,0,1,0,1,1,0,0,0,0,0,0,0,0,0,0,0,0,0,0,0,0,0,0,0,0,ARTICLE,https://doi.org/10.3390/diagnostics13081456
2023,"S Li, J Liu, Z Zhang, W Wang, H Lu, L Lin",Added-value of 3D amide proton transfer MRI in assessing prognostic factors of cervical cancer: a comparative study with multiple model diffusion-weighted imaging,1,0,0,0,0,1,1,0,0,1,0,0,0,0,0,0,1,1,0,0,1,1,0,1,0,0,0,0,0,0,0,0,0,0,0,0,0,0,0,1,0,1,0,0,0,0,0,0,0,ARTICLE,https://doi.org/10.21037/qims-23-324
2023,"T Vaiyapuri, M Jaiganesh, S Ahmad",Ensemble Learning Driven Computer-Aided Diagnosis Model for Brain Tumor Classification on Magnetic Resonance Imaging,1,0,0,0,0,1,1,0,0,0,0,0,1,0,0,0,1,1,0,1,0,0,0,0,0,0,0,0,0,0,0,0,0,0,0,0,0,0,0,0,0,0,0,0,0,0,0,0,0,ARTICLE,https://doi.org/10.1109/ACCESS.2023.3306961
2023,"X Chen, Q Yu, J Peng, Z He, Q Li, Y Ning, J Gu, F Lv",A combined model integrating radiomics and deep learning based on contrast-Enhanced CT for preoperative staging of laryngeal carcinoma,1,0,0,0,0,1,1,1,0,0,0,0,0,0,0,0,1,0,0,0,0,1,0,1,0,0,0,0,0,0,0,0,0,0,0,0,0,0,0,0,0,0,0,0,0,0,0,0,0,ARTICLE,https://doi.org/10.1016/j.acra.2023.06.029
2023,"Y Kim, KH Kim, J Park, HI Yoon, W Sung",Prognosis prediction for glioblastoma multiforme patients using machine learning approaches: Development of the clinically applicable model,1,0,0,0,0,1,1,0,0,1,0,0,0,0,0,0,1,0,0,0,0,1,0,1,0,0,0,0,0,0,0,0,0,0,0,0,0,0,0,0,0,0,0,0,0,0,0,0,0,ARTICLE,https://doi.org/10.1016/j.radonc.2023.109617
2023,"Y Li, W Xu, Y Fei, M Wu, J Yuan, L Qiu, Y Zhang",A MRI-based radiomics model for predicting the response to anlotinb combined with temozolomide in recurrent malignant glioma patients,1,0,0,0,0,1,1,0,0,0,0,0,1,0,0,0,1,1,0,0,1,0,0,0,0,1,1,0,0,1,1,0,0,0,0,0,0,0,0,1,0,1,0,0,0,0,0,0,0,ARTICLE,https://doi.org/10.1007/s12672-023-00751-x
2023,"Y Luo, L Hao, C Liu, Y Xiang, X Han",Prognostic model for predicting overall survival in patients with glioblastoma: an analysis based on the SEER database,1,0,0,0,0,1,1,0,0,1,0,0,0,0,0,0,1,0,0,0,0,0,0,0,0,0,0,0,0,0,0,0,0,0,0,0,0,0,0,0,0,0,0,0,1,1,0,0,0,ARTICLE,https://doi.org/10.1177/10815589221147153
2023,"Y Wang, J Chen, X Bai",Gradient-assisted deep model for brain tumor segmentation by multi-modality MRI volumes,1,0,0,0,0,1,1,1,0,0,0,0,0,0,0,0,1,0,0,0,0,1,0,1,0,0,0,0,0,0,0,0,0,0,0,0,0,0,0,0,0,0,0,0,0,0,0,0,0,ARTICLE,https://doi.org/10.1016/j.bspc.2023.105066
2023,"Z Yang, Z Hu, H Ji, K Lafata, E Vaios, S Floyd",A neural ordinary differential equation model for visualizing deep neural network behaviors in multiparametric MRIbased glioma segmentation,1,1,0,0,0,1,1,1,0,0,0,0,1,0,0,0,1,0,0,0,0,0,0,0,0,1,0,0,1,0,0,0,0,0,0,0,0,0,0,0,0,0,0,0,0,0,0,0,0,ARTICLE,https://doi.org/10.1002/mp.16286
2023,"F Galarce, KTabelow, J Polzehl, CP Papanikas, et al",Displacement and Pressure Reconstruction from Magnetic Resonance Elastography Images: Application to an In Silico Brain Model,1,0,1,0,1,0,1,1,0,0,0,0,0,0,0,0,0,0,0,0,0,0,0,0,0,0,0,0,0,0,0,0,0,0,0,0,0,0,0,0,0,0,0,0,0,0,1,1,1,ARTICLE,https://doi.org/10.48550/arXiv.2204.12445
2024,"L Saucedo-Mora, M Sanz, FJ Montns",A simple agent-based hybrid model to simulate the biophysics of glioblastoma multiforme cells and the concomitant evolution of the oxygen field,1,0,1,1,1,0,1,0,0,0,0,1,0,0,0,0,1,1,1,0,1,1,1,1,1,1,1,1,0,1,0,0,1,1,0,0,0,0,0,0,0,0,1,1,0,0,0,0,0,ARTICLE,https://doi.org/10.1016/j.cmpb.2024.108046
2024,"M Sardar, S Khajanchi, S Biswas, S Ghosh",A mathematical model for tumor-immune competitive system with multiple time delays,1,1,0,0,0,0,0,0,0,0,0,0,0,0,0,0,1,1,0,1,1,0,0,0,0,0,0,0,0,0,0,0,0,0,0,0,0,0,0,0,0,0,0,0,1,1,0,0,0,ARTICLE,https://doi.org/10.1016/j.chaos.2023.114397
2024,"MR Ghahramani, O Bavi",Heterogeneous biomechanical/mathematical modeling of spatial prediction of glioblastoma progression using magnetic resonance imaging-based finite element method,1,0,1,0,0,0,1,1,0,0,0,0,0,0,0,0,1,0,0,1,1,1,1,0,0,0,0,0,0,0,0,0,0,0,0,0,0,0,0,1,0,1,0,0,0,0,1,1,1,ARTICLE,https://doi.org/10.1016/j.cmpb.2024.108441
2024,R Jain,A revised mathematical model of pre-diagnostic glioma growth incorporating vascularization and tumor mutational burden,1,1,0,0,0,0,0,0,0,0,0,0,0,0,0,0,1,1,0,1,0,0,0,0,0,1,1,1,0,0,0,0,0,0,0,0,1,0,1,0,0,0,0,0,1,1,0,0,0,ARTICLE,https://doi.org/10.1101/2024.01.08.24300708
2024,"T Hillen, N Loy, KJ Painter, R Thiessen",Modelling microtube driven invasion of glioma,1,1,1,0,0,0,0,0,0,0,0,0,0,0,0,1,1,1,0,1,1,1,1,1,1,0,0,0,0,0,0,0,0,0,0,0,0,0,0,1,1,0,0,0,0,0,0,0,0,ARTICLE,https://doi.org/10.1007/s00285-023-02025-0
2024,"AP Browning, TD Lewin, RE Baker, PK Maini",Predicting Radiotherapy Patient Outcomes with Real-Time Clinical Data Using Mathematical Modelling,1,0,0,0,0,1,1,0,1,0,0,0,1,0,0,0,1,1,0,0,1,0,0,0,0,0,0,0,0,0,0,0,0,0,0,0,0,0,0,0,0,0,0,0,0,0,0,0,0,ARTICLE,https://doi.org/10.1007/s11538-023-01246-0
2024,"DR Bergman, KA Norton, HV Jain",Connecting Agent-Based Models with High-Dimensional Parameter Spaces to Multidimensional Data Using SMoRe ParS: A Surrogate Modeling Approach,1,0,0,0,0,1,1,0,0,0,0,1,0,0,0,0,1,0,0,0,0,1,0,0,1,0,0,0,0,0,0,0,0,0,0,0,0,0,0,0,0,0,0,0,0,0,0,0,0,ARTICLE,https://doi.org/10.1007/s11538-023-01240-6
2024,"GV Sivanarayana, KN Kumar",MRI based Brain Tumor Classification using Modified Convolutional Neural Network Model,1,0,0,0,0,1,1,1,0,0,0,0,0,0,0,0,1,1,0,0,1,0,0,0,0,0,0,0,0,0,0,0,0,0,0,0,0,0,0,0,0,0,0,0,0,0,0,0,0,ARTICLE,https://ijisae.org/index.php/IJISAE/article/view/4145/2978
2024,"HN Matin, S Setayeshi",A computational tumor growth model experience based on molecular dynamics point of view using deep cellular automata,1,0,0,0,0,1,0,0,0,0,0,0,0,0,0,0,1,1,0,1,1,1,0,0,1,0,0,0,0,1,0,0,1,0,0,0,1,0,1,0,0,0,0,0,1,1,0,0,0,ARTICLE,https://doi.org/10.1016/j.artmed.2023.102752
2024,"K Mahmoudi, DH Kim, E Tavakkol, S Kihira, A Bauer",Multiparametric Radiogenomic Model to Predict Survival in Patients with Glioblastoma,1,0,0,0,0,1,1,0,0,1,0,1,1,0,0,0,1,1,0,0,1,0,0,0,0,0,0,0,0,0,0,0,0,0,0,0,0,0,0,0,0,0,0,0,0,0,0,0,0,ARTICLE,https://doi.org/10.3390/cancers16030589
2024,"L Fang, Y Jiang",Dual-path parallel hierarchical diagnostic model of glioma based on pathomorphological feature,1,0,0,0,0,1,1,0,0,0,0,0,1,0,0,0,1,1,0,1,1,1,0,1,1,0,0,0,0,0,0,0,0,0,0,0,0,0,0,0,0,0,0,0,0,0,0,0,0,ARTICLE,https://doi.org/10.1016/j.bspc.2023.105559
2024,"M Friedrich, CP Filss, P Lohmann",Structural connectome-based predictive modeling of cognitive deficits in treated glioma patients,1,0,0,0,0,1,1,0,1,1,0,0,1,0,0,0,1,1,0,1,0,1,0,1,0,1,0,0,1,0,0,0,0,0,0,0,0,0,0,0,0,0,0,0,0,0,0,0,0,ARTICLE,https://doi.org/10.1093/noajnl/vdad151
2024,"S Luzzi, A Agosti",Radiomics Multifactorial in Silico Model for Spatial Prediction of Glioblastoma Progression and Recurrence: A Proof-of-Concept,1,0,0,0,1,1,1,0,0,1,0,0,0,0,0,0,1,1,0,0,1,1,1,1,1,1,1,1,0,0,0,0,0,0,0,0,0,0,0,1,0,1,0,0,1,1,0,0,0,ARTICLE,https://doi.org/10.1016/j.wneu.2024.01.002
2024,"S Shargunam, G Rajakumar",An efficient glioma classification and grade detection using hybrid convolutional neural network-based SVM model,1,0,0,0,0,1,1,0,1,1,0,0,1,0,0,0,1,1,0,0,1,0,0,0,0,0,0,0,0,0,0,0,0,0,0,0,0,0,0,0,0,0,0,0,0,0,0,0,0,ARTICLE,https://doi.org/10.1080/13682199.2023.2215031
2024,"Y Huang, X Yang, L Liu, H Zhou, A Chang, X Zhou",Segment anything model for medical images?,1,0,0,0,0,1,1,1,0,1,0,0,0,0,0,0,1,0,0,0,0,0,0,0,0,1,0,1,0,0,0,0,0,0,0,0,0,0,0,0,0,0,0,0,0,0,0,0,0,ARTICLE,https://doi.org/10.1016/j.media.2023.103061
2024,"MR Ghahramani, O Bavi",Heterogeneous biomechanical/mathematical modeling of spatial prediction of glioblastoma progression using magnetic resonance imaging-based finite element method,1,0,1,0,0,0,1,1,0,0,0,0,0,0,0,0,1,1,0,1,1,1,1,1,1,0,0,0,0,0,0,0,0,0,0,0,0,0,0,1,1,1,0,0,0,0,1,1,1,ARTICLE,https://doi.org/10.1016/j.cmpb.2024.108441
2024," M Karabacak, S Patil, et al.",Radiomics-Based Machine Learning with Natural Gradient Boosting for Continuous Survival Prediction in Glioblastoma,1,0,0,0,0,1,1,1,0,0,0,1,0,0,0,0,1,0,0,0,0,0,0,0,0,0,0,0,0,0,0,0,0,0,0,0,1,0,0,1,0,0,0,0,0,0,0,0,0,ARTICLE,https://doi.org/10.3390/cancers16213614
2024,"A Duman, X Sun, et al.",Reproducible and Interpretable Machine Learning-Based Radiomic Analysis for Overall Survival Prediction in Glioblastoma Multiforme,1,0,0,0,0,1,1,1,0,0,0,1,0,0,0,0,1,0,0,0,0,0,0,0,0,0,0,0,0,0,0,0,0,0,0,0,1,0,0,1,0,0,0,0,0,0,0,0,0,ARTICLE,https://doi.org/10.3390/cancers16193351
2024,"M Karabacak, P Jagtiani, et al.",Advancing precision prognostication in neuro-oncology: Machine learning models for data-driven personalized survival predictions in IDH-wildtype glioblastoma,1,0,0,0,0,1,1,1,0,0,0,1,0,0,0,0,0,0,0,0,0,0,0,0,0,0,0,0,0,0,0,0,0,0,1,0,0,0,0,1,0,1,0,0,0,0,0,0,0,ARTICLE,https://doi.org/10.1093/noajnl/vdae096
2024,"J Sun, Y Peng",The cross-modality survival prediction method of glioblastoma based on dual-graph neural networks,1,0,0,0,0,1,1,1,0,0,0,1,0,0,0,0,0,0,0,0,0,0,0,0,0,0,0,0,0,0,0,0,0,0,0,0,0,0,0,1,0,1,0,0,0,0,0,0,0,ARTICLE,https://doi.org/10.1016/j.eswa.2024.124394
2024,"Z Zhao, Y Shi, et al.","Development of a web-based tool for estimating individualized survival curves in glioblastoma using clinical, mRNA, and tumor microenvironment features with fusion techniques",1,0,0,0,0,1,1,0,0,1,1,1,0,0,0,0,0,0,0,0,0,0,0,0,0,0,0,0,0,0,0,0,0,0,1,1,1,0,1,1,1,1,1,1,1,1,0,0,0,ARTICLE,https://doi.org/10.1007/s12094-024-03739-3
2024,"A Chelliah, DA Wood, et al.",Glioblastoma and radiotherapy: A multicenter AI study for Survival Predictions from MRI (GRASP study),1,0,0,0,0,1,1,1,0,0,0,1,0,0,0,0,0,0,0,0,0,0,0,0,0,0,0,0,0,0,0,0,0,0,1,1,0,0,0,1,0,1,0,0,0,0,0,0,0,ARTICLE,https://doi.org/10.1093/neuonc/noae017
2024,"Q Lyu, M Parreno-Centeno, et al.",SurvNet: A low-complexity convolutional neural network for survival time classification of patients with glioblastoma,1,0,0,0,0,1,1,1,0,0,0,0,0,0,0,0,0,0,0,0,0,0,0,0,0,0,0,0,0,0,0,0,0,0,0,0,0,0,0,1,0,1,0,0,0,0,0,0,0,ARTICLE,https://doi.org/10.1016/j.heliyon.2024.e32870
2024,"L Saucedo-Mora, MA Sanz, et al.",A simple agent-based hybrid model to simulate the biophysics of glioblastoma multiforme cells and the concomitant evolution of the oxygen field,1,0,1,1,1,0,1,0,0,0,0,0,0,0,0,0,1,1,1,0,1,1,1,0,1,0,0,0,0,1,1,0,0,1,0,0,1,0,1,0,0,0,1,1,0,0,0,0,0,ARTICLE,https://doi.org/10.1016/j.cmpb.2024.108046
2024,"S Yarlagadda, Y Zhang, et al.",Assessment of outcomes and machine Learning-based models to predict local failure risk following stereotactic radiosurgery for small brain metastases,1,0,0,0,0,1,1,1,0,0,0,1,0,0,0,0,0,0,0,0,0,0,0,0,0,0,0,0,0,0,0,0,0,0,0,0,0,0,0,0,0,0,0,0,0,0,0,0,0,ARTICLE,https://doi.org/10.1007/s11060-025-05092-z
2024,"K Najafian, B Rehany, et al.",Machine learning prediction of brain metastasis invasion pattern on brain magnetic resonance imaging scans,1,0,0,0,0,1,1,1,0,0,0,1,0,0,0,0,1,0,0,0,0,0,0,0,0,0,0,0,0,0,0,0,0,0,0,0,0,0,0,1,1,1,0,0,0,0,0,0,0,ARTICLE,https://doi.org/10.1093/noajnl/vdae200
2025,"EJ Kostelich, Y Xu, et al.",Mathematical modeling for glioblastoma treatment: scenario generation and validation for clinical patient counseling,1,0,1,0,0,0,1,1,0,0,0,0,0,0,0,0,1,1,0,1,1,1,0,1,1,0,0,0,0,0,0,0,0,0,0,0,0,0,0,1,0,1,0,0,0,0,0,0,0,ARTICLE,https://doi.org/10.3389/fonc.2025.1647144
2025,"D Laslo, E Georgiou, et al.",Mechanistic Learning with Guided Diffusion Models to Predict Spatio-Temporal Brain Tumor Growth,1,1,0,0,1,1,1,1,0,0,0,1,0,0,0,0,1,1,0,1,1,0,0,0,0,0,0,0,0,0,0,0,0,0,0,0,0,0,0,1,0,1,0,0,0,0,0,0,0,ARTICLE,https://doi.org/10.48550/arXiv.2509.09610
2025,"OP Barabash, IP Polovinkin",A discrete model of glioma growth and spread,1,0,1,0,0,0,0,0,0,0,0,0,0,0,0,0,1,1,0,0,1,1,0,1,1,0,0,0,0,0,0,0,0,0,0,0,0,0,0,0,0,0,0,0,0,0,0,0,0,ARTICLE,https://doi.org/10.1007/s10598-025-09643-x
2025,"C López-Mateu, M Gómez-Mahiques, et al.",Biomechanical Mapping of Tumor Growth: A Novel Method to Quantify Glioma Infiltration and Mass Effect,1,0,1,0,0,0,1,1,0,0,0,0,0,0,0,0,1,0,0,1,0,1,0,1,0,0,0,0,0,0,0,0,0,0,0,0,0,0,0,1,0,1,0,0,0,0,1,1,1,ARTICLE,https://doi.org/10.48550/arXiv.2505.17715
2025,"M Soleimani, HF Hounchonou, et al.",A diffusion-driven phase-field model for simulation of glioma growth,1,1,1,0,0,0,1,1,0,0,0,0,0,0,0,0,1,0,0,1,0,1,0,1,0,0,0,0,0,0,0,0,0,0,0,0,0,0,0,0,0,0,0,0,0,0,1,1,0,ARTICLE,https://doi.org/10.1080/10255842.2025.2544792
2025,"D Cerrone, D Riccobelli, et al.",Patient-specific prediction of glioblastoma growth via reduced order modeling and neural networks,1,0,1,0,1,1,1,1,0,0,0,0,0,0,0,0,0,0,0,1,1,1,0,1,1,0,0,0,0,0,0,0,0,0,0,0,0,0,0,1,0,1,0,0,0,0,1,0,1,ARTICLE,https://doi.org/10.1016/j.mbs.2025.109468
2025,"Z Zhao, NQK Le, et al.",AI-driven multi-modal framework for prognostic modeling in glioblastoma: Enhancing clinical decision support,1,0,0,0,0,1,1,1,0,1,0,1,0,0,0,0,0,0,0,0,0,0,0,0,0,0,0,0,0,0,0,0,0,0,0,0,1,1,1,1,1,1,0,0,0,0,0,0,0,ARTICLE,https://doi.org/10.1016/j.compmedimag.2025.102628
2025,"R Onciul, F-M Brehar, et al.",Predicting overall survival in glioblastoma patients using machine learning: an analysis of treatment efficacy and patient prognosis,1,0,0,0,0,1,0,0,0,0,0,0,0,0,0,0,0,0,0,0,0,0,0,0,0,0,0,0,0,0,0,0,0,0,1,0,0,0,0,0,0,0,0,0,0,0,0,0,0,ARTICLE,https://doi.org/10.3389/fonc.2025.1539845
2025,"J Liu, S Jiang, et al.",Deep learning-based radiomics and machine learning for prognostic assessment in IDH-wildtype glioblastoma after maximal safe surgical resection: a multicenter study,1,0,0,0,0,1,1,1,1,0,0,1,0,0,0,0,1,0,0,0,0,0,0,0,0,0,0,0,0,0,0,0,0,0,0,0,1,0,0,1,0,0,0,0,0,0,0,0,0,ARTICLE,https://doi.org/10.1097/js9.0000000000002488
2025,"S Saxena, NK Dubey, et al.",IMG-15. A Synergistic AI Framework using Graph and Texture for Non-Invasive Survival Prediction in IDH-Wild-Type Glioblastoma Multiforme,1,0,0,0,0,1,1,1,0,0,0,1,0,0,0,0,1,0,0,0,0,0,0,0,0,0,0,0,0,0,0,0,0,0,0,0,1,0,0,1,0,0,0,0,0,0,0,0,0,ARTICLE,https://doi.org/10.1093/neuonc/noaf201.1094
2025,"F Yu, J Guo, et al.",IMG-66. Self-supervised multimodal learning for survival prediction in glioblastoma: a multicenter study from the ReSPOND consortium,1,0,0,0,0,1,1,1,0,0,0,1,0,0,0,0,1,0,0,0,0,0,0,0,0,0,0,0,0,0,0,0,0,0,0,0,1,0,0,1,0,0,0,0,0,0,0,0,0,ARTICLE,https://doi.org/10.1093/neuonc/noaf201.1145
2025,"P Xu, W Liu, H Su, et al.",Deep learning-based survival prediction model for adult diffuse low-grade glioma: a multi-cohort validation study,1,0,0,0,0,1,1,1,0,1,0,1,0,0,0,0,1,0,0,0,0,0,0,0,0,0,0,0,0,0,0,0,0,0,0,0,1,0,0,1,0,0,0,0,0,0,0,0,0,ARTICLE,https://doi.org/10.1007/s12672-025-03613-w
2025,"S Buzdugan, M Mazher, D Puig","Radiogenomics for Glioblastoma Survival Prediction: Integrating Radiomics, Clinical, and Genomic Features Using Artificial Intelligence",1,0,0,0,0,1,1,1,0,1,0,1,0,0,0,0,1,0,0,0,0,0,0,0,0,0,0,0,0,0,0,0,0,0,0,0,1,0,0,1,0,0,0,0,0,0,0,0,0,ARTICLE,https://doi.org/10.1007/s10278-025-01692-3
2025,"Q Zhou, X Tian, et al.",Transformer-based deep learning for predicting brain tumor recurrence using magnetic resonance imaging,1,0,0,0,0,1,1,1,0,1,0,1,0,0,0,0,1,0,0,0,0,0,0,0,0,0,0,0,0,0,0,0,0,0,0,0,1,0,0,1,0,0,0,0,0,0,0,0,0,ARTICLE,https://doi.org/10.1002/mp.70016
2025,"J Lee, J Jang, et al.","GlioSurv: interpretable transformer for multimodal, individualized survival prediction in diffuse glioma",1,0,0,0,0,1,1,1,0,0,0,1,0,0,0,0,1,0,0,0,0,0,0,0,0,0,0,0,0,0,0,0,0,0,0,0,0,0,0,0,0,0,0,0,0,0,0,0,0,ARTICLE,https://doi.org/10.1038/s41746-025-02018-x
2025,"M Renugadevi, V Gonuguntla, et al.",GlioSurvQNet: A DuelContextAttn DQN Framework for Brain Tumor Prognosis with Metaheuristic Optimization,1,0,0,0,0,1,1,1,0,0,0,1,0,0,0,0,1,0,0,0,0,0,0,0,0,0,0,0,0,0,0,0,0,0,0,0,0,0,0,0,0,0,0,0,0,0,0,0,0,ARTICLE,https://doi.org/10.3390/diagnostics15182304
2025,"CC Volova, CG Buzea, et al.",Hybrid Deep Learning for Survival Prediction in Brain Metastases Using Multimodal MRI and Clinical Data,1,0,0,0,0,1,1,1,0,0,0,1,0,0,0,0,1,0,0,0,0,0,0,0,0,0,0,0,0,0,0,0,0,0,0,0,0,0,0,0,0,0,0,0,0,0,0,0,0,ARTICLE,https://doi.org/10.3390/diagnostics15101242
2025,"T Öznacar, IP Aral, HY Zengin, et al.",Survival Prediction in Brain Metastasis Patients Treated with Stereotactic Radiosurgery: A Hybrid Machine Learning Approach,1,0,0,0,1,1,1,1,0,0,0,1,0,0,0,0,1,0,0,0,0,0,0,0,0,0,0,0,0,0,0,0,0,0,0,0,0,0,0,0,0,0,0,0,0,0,0,0,0,ARTICLE,https://doi.org/10.3390/brainsci15030266
2025,"Y Cao, H-R Cherng, et al.",Interpretable AI-assisted clinical decision making for treatment selection for brain metastases in radiation therapy,1,0,0,0,0,1,1,1,0,1,0,1,0,0,0,0,1,0,0,0,0,1,0,0,0,0,0,0,0,0,0,0,0,0,0,0,0,0,0,0,0,0,0,0,0,0,0,0,0,ARTICLE,https://doi.org/10.1002/mp.17844
2025,"R Li, Z Liu",Machine Learning-based Prognostic Model for Brain Metastasis Patients: Insights from Blood Test Analysis,1,0,0,0,0,1,1,0,0,0,1,1,0,0,0,0,0,0,0,0,0,0,0,0,0,0,0,0,0,0,0,0,0,0,0,0,0,0,0,0,0,0,0,0,0,0,0,0,0,ARTICLE,https://doi.org/10.7150/jca.103847
2025,"RZ Zhang, I Ezhov, et al.","Personalized predictions of Glioblastoma infiltration: Mathematical models, Physics-Informed Neural Networks and multimodal scans",1,0,1,0,1,1,1,1,0,0,0,0,1,0,0,0,1,1,0,0,1,1,0,0,1,0,0,0,0,0,0,0,0,0,0,0,0,0,0,0,0,0,0,0,0,0,0,0,0,ARTICLE,https://doi.org/10.1016/j.media.2024.103423