,Year,Authors,Title,label_Mathematical_Methods,label_ODEs,label_PDEs,label_Agent_Based_Models,label_Hybrid_Multiscale,label_ML_AI,label_Data_Technologies,label_MR_CT,label_DTI,label_Biopsies_Histopathology,label_Liquid_Biopsies,label_Omics,label_PET,label_Multiphoton_Imaging,label_Photoacoustics,label_in_vitro_mouse,label_Hallmarks,label_group_proliferation,label_cell-cycle,label_growth_rate,label_proliferation,label_group_invasion,label_chemotaxis-haptotaxis,label_invasion,label_migration,label_group_vasomodulation,label_angiogenesis,label_vasculature,label_BBB,label_group_evolution,label_carcinogenesis,label_clonal_evolution,label_stem_cells,label_tumorigenesis,label_group_epigenetics,label_epigenomics_epigenetics,label_group_metabolism,label_glycolysis,label_metabolism,label_group_microenvironment,label_brain_microenvironment,label_tumor_microenvironment,label_group_phenotypic_plasticity,label_phenotypic_plasticity,label_group_immune,label_immune,label_group_biomechanics,label_biomechanical,label_mechanobiology,Type,URL_or_DOI,2000-2004,2005-2009,2010-2013,2014-2017,2018-2021,2022-2025,UMAP1,UMAP2,UMAP3,Kmeans_Cluster,GMM_Cluster,Year_Binned,MM,DT,Hm
0,2000,"AR Kansal, S Torquato, EA Chiocca, TS Deisboeck",Emergence of a subpopulation in a computational model of tumor growth,1,0,0,1,0,0,0,0,0,0,0,0,0,0,0,0,1,1,0,1,1,0,0,0,0,0,0,0,0,1,0,1,0,0,1,1,0,0,0,0,0,0,0,0,0,0,0,0,0,ARTICLE,https://doi.org/10.1006/jtbi.2000.2186,1,0,0,0,0,0,32.321903,9.458719,7.8171277,4,4,2000–2004,0.1166483369243922,0.0,0.2638925275934158
1,2000,"AR Kansal, S Torquato, GR Harsh IV, EA Chiocca, TS Deisboeck",Simulated brain tumor growth dynamics using a three-dimensional cellular automaton,1,0,0,1,1,0,0,0,0,0,0,0,0,0,0,0,1,1,0,1,1,0,0,0,0,0,0,0,0,1,0,1,0,0,0,0,0,0,0,0,0,0,0,0,0,0,1,1,1,ARTICLE,https://doi.org/10.1006/jtbi.2000.2000,1,0,0,0,0,0,32.391235,9.374679,7.803208,4,4,2000–2004,0.2798951023980753,0.0,0.30272692797660516
2,2000,"KR Swanson, EC Alvord Jr, JD Murray",A quantitative model for differential motility of gliomas in gray and white matter,1,0,1,0,0,0,1,1,0,0,0,0,0,0,0,0,1,1,0,1,1,1,0,1,1,0,0,0,0,0,0,0,0,0,0,0,0,0,0,1,1,0,0,0,0,0,0,0,0,ARTICLE,https://doi.org/10.1046/j.1365-2184.2000.00177.x,1,0,0,0,0,0,33.57966,10.470898,6.4250073,1,1,2000–2004,0.31194780178604425,0.3320495350452222,0.4612549483693326
3,2001,"JA Sherratt, MAJ Chaplain",A new mathematical model for avascular tumour growth,1,0,1,0,0,0,0,0,0,0,0,0,0,0,0,0,1,1,0,1,1,1,0,1,0,0,0,0,0,0,0,0,0,0,0,0,0,0,0,1,0,1,0,0,0,0,0,0,0,ARTICLE,https://doi.org/10.1007/s002850100088,1,0,0,0,0,0,33.588657,9.439923,7.2136984,1,1,2000–2004,0.31194780178604425,0.0,0.41369922973117285
4,2002,"JE Schmitz, AR Kansal, S Torquato",A cellular automaton model of brain tumor treatment and resistance,1,0,0,1,0,0,1,1,0,0,0,0,0,0,0,0,1,1,1,1,1,1,0,1,0,1,1,0,0,0,0,0,0,0,0,0,1,0,1,0,0,0,0,0,0,0,0,0,0,ARTICLE,https://doi.org/10.1080/1027366031000086674,1,0,0,0,0,0,32.146263,9.708782,7.55375,4,4,2000–2004,0.1166483369243922,0.3320495350452222,0.5070492354099442
5,2002,"KR Swanson, EC Alvord Jr, JD Murray",Quantifying efficacy of chemotherapy of brain tumors (gliomas) with homogeneous and heterogeneous drug delivery,1,0,1,0,0,0,1,1,0,0,0,0,0,0,0,0,1,1,0,1,1,1,0,1,1,0,0,0,0,0,0,0,0,0,0,0,0,0,0,1,1,0,0,0,0,0,0,0,0,ARTICLE,https://doi.org/10.1023/a:1022644031905,1,0,0,0,0,0,33.638367,10.535284,6.4101863,1,1,2000–2004,0.31194780178604425,0.3320495350452222,0.4612549483693326
6,2002,"KR Swanson, EC Alvord Jr, JD Murray",Virtual brain tumors (gliomas) enhance the reality of medical imaging and highlights inadequacies of current therapy,1,0,1,0,0,0,1,1,0,0,0,0,0,0,0,0,1,1,0,1,1,1,0,1,1,0,0,0,0,0,0,0,0,0,0,0,0,0,0,1,1,0,0,0,0,0,0,0,0,ARTICLE,https://doi.org/10.1038/sj.bjc.6600021,1,0,0,0,0,0,33.61439,10.523398,6.4120555,1,1,2000–2004,0.31194780178604425,0.3320495350452222,0.4612549483693326
7,2002,"LM Sander, TS Deisboeck",Growth patterns of microscopic brain tumours,1,0,1,1,0,0,0,0,0,0,0,0,0,0,0,0,1,1,0,1,1,1,1,1,1,0,0,0,0,0,0,0,0,0,0,0,0,0,0,1,1,0,0,0,0,0,0,0,0,ARTICLE,https://doi.org/10.1103/PhysRevE.66.051901,1,0,0,0,0,0,32.429123,10.149731,6.931001,3,3,2000–2004,0.42859613871043645,0.0,0.5074168363900216
8,2002,"S Dormann, A Deutsch",Modeling of self-organized avascular tumor growth with a hybrid cellular automaton,1,0,0,1,1,0,0,0,0,0,0,0,0,0,0,1,1,1,0,1,0,1,0,1,1,1,1,0,0,0,0,0,0,0,0,0,1,0,1,0,0,0,0,0,1,1,0,0,0,ARTICLE,https://doi.org/10.3233/ISB-00058,1,0,0,0,0,0,32.295837,9.514449,7.098222,3,3,2000–2004,0.2798951023980753,0.07253067162133041,0.46429949418088395
9,2002,"S Turner, JA Sherratt",Intercellular adhesion and cancer invasion: a discrete simulation using the extended Potts model,1,0,0,1,0,0,0,0,0,0,0,0,0,0,0,0,1,1,1,1,1,1,0,1,1,0,0,0,0,0,0,0,0,0,0,0,0,0,0,1,1,0,0,0,0,0,0,0,0,ARTICLE,https://doi.org/10.1006/jtbi.2001.2522,1,0,0,0,0,0,32.15571,10.066249,7.1221323,3,3,2000–2004,0.1166483369243922,0.0,0.5003185769067888
10,2002,"Y Mansury, M Kimura, J Lobo, TS Deisboeck",Emerging patterns in tumor systems: simulating the dynamics of multicellular clusters with an agent-based spatial agglomeration model,1,0,0,1,0,0,1,0,0,1,0,0,0,0,0,1,1,1,0,0,1,1,1,1,1,1,0,0,1,0,0,0,0,0,0,0,1,0,1,0,0,0,0,0,0,0,0,0,0,ARTICLE,https://doi.org/10.1006/jtbi.2002.3131,1,0,0,0,0,0,31.85039,9.941847,6.683213,3,3,2000–2004,0.1166483369243922,0.24513529509344778,0.4730177381201783
11,2003,"A Bru, S Albertos, JL Subiza, JL Garcia-Asenjo, I Bru",The universal dynamics of tumour growth,1,0,1,0,0,0,0,0,0,0,0,0,0,0,0,0,1,1,0,1,1,1,0,1,0,0,0,0,0,0,0,0,0,0,0,0,0,0,0,0,0,0,0,0,0,0,0,0,0,ARTICLE,https://doi.org/10.1016/s0006-3495(03)74715-8,1,0,0,0,0,0,33.521667,9.350523,7.290101,1,1,2000–2004,0.31194780178604425,0.0,0.35497481468972636
12,2003,D Manoussaki,A mechanochemical model of vasculogenesis and angiogenesis,1,0,1,0,0,0,0,0,0,0,0,0,0,0,0,0,1,1,0,1,1,1,1,1,1,1,1,1,0,0,0,0,0,0,0,0,0,0,0,1,0,1,0,0,0,0,1,1,1,ARTICLE,https://doi.org/10.1051/m2an:2003046,1,0,0,0,0,0,32.702877,9.208003,5.6705,3,3,2000–2004,0.31194780178604425,0.0,0.712123489803701
13,2003,"KR Swanson, EC Alvord Jr, JD Murray",Virtual resection of gliomas: Effects of location and extent of resection on recurrence,1,0,1,0,0,0,1,1,0,0,0,0,0,0,0,0,1,1,0,1,1,1,0,1,0,0,0,0,0,0,0,0,0,0,0,0,0,0,0,1,1,0,0,0,0,0,0,0,0,ARTICLE,https://doi.org/10.1016/S0895-7177(03)00129-8,1,0,0,0,0,0,33.65328,10.571773,6.415923,1,1,2000–2004,0.31194780178604425,0.3320495350452222,0.36649865583256064
14,2003,"Y Mansury, TS Deisboeck",The impact of search precision in an agent-based tumor model,1,0,0,1,0,0,1,0,0,1,0,0,0,0,0,0,1,1,1,1,1,1,1,1,1,0,0,0,0,0,0,0,0,0,0,0,1,0,1,0,0,0,0,0,1,1,0,0,0,ARTICLE,https://doi.org/10.1016/s0022-5193(03)00169-3,1,0,0,0,0,0,31.799181,9.988187,6.59887,3,3,2000–2004,0.1166483369243922,0.17260462347211739,0.639257952737206
15,2003,"C Gndz, B Yener, SH Gultekin",Learning the cell-graphs: macroscopic modeling of brain tumors,1,0,0,0,0,1,1,0,0,1,0,0,0,0,0,0,1,1,0,0,1,1,0,1,0,1,1,0,0,0,0,0,0,0,0,0,0,0,0,0,0,0,0,0,0,0,0,0,0,ARTICLE,https://www.cs.rpi.edu/research/pdf/03-12.pdf,1,0,0,0,0,0,30.697487,-6.9815,4.3632894,2,2,2000–2004,0.2617659223854065,0.17260462347211739,0.3244183915411561
16,2004,"DD Dionysiou, GS Stamatakos, NK Uzunoglu, KS Nikita, A Marioli","A four-dimensional simulation model of tumour response to radiotherapy in vivo: parametric validation considering radiosensitivity, genetic profile and fractionation",1,0,0,1,1,0,1,1,0,0,0,0,0,0,0,0,1,1,1,1,1,0,0,0,0,0,0,0,0,0,0,0,0,0,0,0,0,0,0,0,0,0,0,0,0,0,0,0,0,ARTICLE,https://doi.org/10.1016/j.jtbi.2004.03.024,1,0,0,0,0,0,32.277607,9.4406595,7.7818785,4,4,2000–2004,0.2798951023980753,0.3320495350452222,0.2899314367839413
17,2004,"JM Gallo, P Vicini, A Orlansky, S Li, F Zhou, J Ma",Pharmacokinetic model-predicted anticancer drug concentrations in human tumors,1,1,0,0,1,0,1,1,0,0,0,0,1,0,0,0,1,0,0,0,0,0,0,0,0,1,1,0,0,0,0,0,0,0,0,0,1,0,1,0,0,0,0,0,0,0,0,0,0,ARTICLE,https://doi.org/10.1158/1078-0432.CCR-04-0822,1,0,0,0,0,0,32.589264,7.9401393,8.453706,4,4,2000–2004,0.30963793890415703,0.43898097655421636,0.11301079218276172
18,2004,"K R Swanson, E C Alvord Jr and J D Murray",Dynamics of a model for brain tumors reveals a small window for therapeutic intervention,1,0,1,0,0,0,1,1,0,0,0,0,0,0,0,0,1,1,0,1,1,1,0,1,0,0,0,0,0,0,0,0,0,0,0,0,0,0,0,1,1,0,0,0,0,0,0,0,0,ARTICLE,https://doi.org/10.3934/dcdsb.2004.4.289,1,0,0,0,0,0,33.660954,10.582483,6.4086146,1,1,2000–2004,0.31194780178604425,0.3320495350452222,0.36649865583256064
19,2004,"Y Mansury, TS Deisboeck",Simulating the time series of a selected gene expression profile in an agent-based tumor model,1,0,0,1,0,0,1,0,0,1,0,0,0,0,0,0,1,1,0,0,1,1,0,1,1,1,1,0,0,1,0,0,0,1,0,0,1,0,1,0,0,0,0,0,0,0,0,0,0,ARTICLE,https://doi.org/10.1016/j.physd.2004.04.008,1,0,0,0,0,0,31.70685,9.812615,6.673718,3,3,2000–2004,0.1166483369243922,0.17260462347211739,0.4877234224561873
20,2004,"Y Sun, NO Schmidt, K Schmidt, S Doshi",Perfusion MRI of U87 brain tumors in a mouse model,1,0,0,0,0,1,1,1,0,0,0,0,0,0,0,1,1,0,0,0,0,0,0,0,0,1,1,1,0,0,0,0,0,0,0,0,0,0,0,0,0,0,0,0,0,0,0,0,0,ARTICLE,https://doi.org/10.1002/mrm.20029,1,0,0,0,0,0,31.120438,-8.312655,3.4170668,2,2,2000–2004,0.2617659223854065,0.40458020666655264,0.11405990032977237
21,2005,"M Wurzel, C Schaller, M Simon, A Deutsch",Cancer cell invasion of normal brain tissue: Guided by Prepattern?,1,0,0,1,0,0,0,0,0,0,0,0,0,0,0,0,1,1,0,1,1,1,1,1,1,0,0,0,0,0,0,0,0,0,0,0,0,0,0,1,1,0,1,1,0,0,0,0,0,ARTICLE,https://doi.org/10.1080/1027366042000334144,0,1,0,0,0,0,32.259766,10.124932,7.075504,3,3,2005–2009,0.1166483369243922,0.0,0.5185783244398272
22,2006,"A Bru, MA Herrero",From the physical laws of tumor growth to modelling cancer processes,1,1,0,0,1,0,0,0,0,0,0,0,0,0,0,0,1,0,0,0,0,1,0,1,0,0,0,0,0,0,0,0,0,0,0,0,0,0,0,0,0,0,0,0,0,0,0,0,0,ARTICLE,https://hdl.handle.net/20.500.14352/49841,0,1,0,0,0,0,32.67564,8.710657,8.584612,4,4,2005–2009,0.30963793890415703,0.0,0.10410700644324121
23,2006,"D Walker, S Wood, J Southgate, M Holcombe",An integrated agent-mathematical model of the effect of intercellular signalling via the epidermal growth factor receptor on cell proliferation,1,1,0,1,0,0,0,0,0,0,0,0,0,0,0,0,1,1,1,1,1,1,0,0,1,0,0,0,0,0,0,0,0,0,0,0,0,0,0,0,0,0,0,0,0,0,0,0,0,ARTICLE,https://doi.org/10.1016/j.jtbi.2006.04.020,0,1,0,0,0,0,32.131805,9.558513,7.8585362,4,4,2005–2009,0.26303951035486617,0.0,0.38468772932071327
24,2006,"HB Frieboes, X Zheng, C-H Sun, B Tromberg, R Gatenby, V Cristini",An integrated computational/experimental model of tumor invasion,1,0,1,0,1,0,0,0,0,0,0,0,0,0,0,1,1,1,0,1,1,1,1,1,1,0,0,0,0,0,0,0,0,0,0,0,0,0,0,1,0,1,0,0,0,0,1,1,1,ARTICLE,https://doi.org/10.1158/0008-5472.can-05-3166,0,1,0,0,0,0,32.74066,9.710164,5.9523835,3,3,2005–2009,0.4751945672597273,0.07253067162133041,0.5980635894739286
25,2006,"JL Gevertz, S Torquato",Modeling the effects of vasculature evolution on early brain tumor growth,1,0,1,1,1,0,1,1,0,0,0,0,0,0,0,0,1,1,1,1,1,1,1,1,1,1,1,1,0,1,0,0,1,0,0,0,0,0,0,0,0,0,0,0,1,1,0,0,0,ARTICLE,https://doi.org/10.1016/j.jtbi.2006.07.002,0,1,0,0,0,0,31.962109,9.421527,6.1573563,3,3,2005–2009,0.5918429041841196,0.3320495350452222,0.7358682983822551
26,2006,"K Mayawala, DG Vlachos, JS Edwards",Spatial modeling of dimerization reaction dynamics in the plasma membrane: Monte Carlo vs. continuum differential equations,1,1,1,0,0,0,0,0,0,0,0,0,0,0,0,0,1,0,0,0,0,1,0,0,1,0,0,0,0,0,0,0,0,0,0,0,0,0,0,0,0,0,0,0,0,0,0,0,0,ARTICLE,https://doi.org/10.1016/j.bpc.2006.01.008,0,1,0,0,0,0,33.14211,8.587462,7.930879,1,1,2005–2009,0.45833897521651823,0.0,0.09475629253677198
27,2006,"LG de Pillis, W Gu, AE Radunskaya","Mixed immunotherapy and chemotherapy of tumors: modeling, applications and biological interpretations",1,1,0,0,0,0,1,1,0,0,0,0,0,0,0,0,1,1,1,1,1,0,0,0,0,0,0,0,0,0,0,0,0,0,0,0,0,0,0,0,0,0,0,0,1,1,0,0,0,ARTICLE,https://doi.org/10.1016/j.jtbi.2005.06.037,0,1,0,0,0,0,32.044926,8.469945,8.889742,4,4,2005–2009,0.14639117343047398,0.3320495350452222,0.3465111951036111
28,2006,"M Aubert, M Badoual, S Fereol, C Christov, B Grammaticos",A cellular automaton model for the migration of glioma cells,1,0,0,1,0,0,0,0,0,0,0,0,0,0,0,1,1,0,0,0,0,1,0,1,1,0,0,0,0,0,0,0,0,0,0,0,0,0,0,0,0,0,0,0,0,0,0,0,0,ARTICLE,https://doi.org/10.1088/1478-3975/3/2/001,0,1,0,0,0,0,32.32609,9.648559,7.1602426,3,3,2005–2009,0.1166483369243922,0.07253067162133041,0.1988632989800132
29,2006,"Y Mansury, M Diggory, TS Deisboeck",Evolutionary game theory in an agent-based brain tumor model: exploring the 'genotypephenotype'link,1,0,0,1,0,0,1,0,0,1,0,0,0,0,0,0,1,1,0,0,1,1,0,1,1,1,1,0,0,1,1,0,0,1,0,0,0,0,0,0,0,0,0,0,0,0,0,0,0,ARTICLE,https://doi.org/10.1016/j.jtbi.2005.05.027,0,1,0,0,0,0,31.791973,9.827891,6.8581204,3,3,2005–2009,0.1166483369243922,0.17260462347211739,0.4568219997225957
30,2006,"Y Mansury, TS Deisboeck",Modeling tumors as complex biosystems: an agent-based approach,1,0,0,1,1,0,1,0,0,1,0,0,1,0,0,0,1,1,1,0,1,1,1,1,1,1,1,0,0,1,0,0,0,1,0,0,1,0,1,0,0,0,0,0,1,1,0,0,0,ARTICLE,https://doi.org/10.1007/978-0-387-33532-2_25,0,1,0,0,0,0,31.68908,9.712584,6.406128,3,3,2005–2009,0.2798951023980753,0.2795360649811115,0.6295286973340023
31,2006,"M Morris, R Greiner, J Sander, A Murtha, M Schmidt",Learning a Classification-based Glioma Growth Model Using MRI Data.,1,0,0,0,0,1,1,1,1,0,0,0,0,0,0,0,1,1,0,1,1,1,0,1,0,0,0,0,0,0,0,0,0,0,0,0,0,0,0,0,0,0,0,0,0,0,0,0,0,ARTICLE,https://webdocs.cs.ualberta.ca/~marianne/paper/paper.pdf,0,1,0,0,0,0,31.514168,-8.678509,3.644359,2,2,2005–2009,0.2617659223854065,0.4388168997386336,0.35497481468972636
32,2007,"AM Stein, T Demuth, D Mobley, M Berens, LM Sander",A mathematical model of glioblastoma tumor spheroid invasion in a three-dimensional in vitro experiment,1,0,1,0,0,0,1,0,0,1,0,0,0,0,0,1,1,1,0,1,1,1,1,1,1,0,0,0,0,0,0,0,0,0,0,0,0,0,0,0,0,0,0,0,0,0,0,0,0,ARTICLE,https://doi.org/10.1529/biophysj.106.093468,0,1,0,0,0,0,32.873608,9.949322,6.151201,3,3,2005–2009,0.31194780178604425,0.24513529509344778,0.4958929952471872
33,2007,"C Hogea, G Biros, F Abraham",A robust framework for soft tissue simulations with application to modeling brain tumor mass effect in 3D MR images,1,0,1,0,0,0,1,1,0,0,0,0,0,0,0,0,1,0,0,0,0,0,0,0,0,0,0,0,0,0,0,0,0,0,0,0,0,0,0,0,0,0,0,0,0,0,1,1,0,ARTICLE,https://doi.org/10.1088/0031-9155/52/23/008,0,1,0,0,0,0,33.921253,8.576363,7.3890343,1,1,2005–2009,0.31194780178604425,0.3320495350452222,0.03437626133140679
34,2007,"G Powathil, M Kohandel",Mathematical modeling of brain tumors: effects of radiotherapy and chemotherapy,1,0,1,0,0,0,1,1,0,0,0,0,0,0,0,0,1,1,1,1,1,1,0,1,1,0,0,0,0,0,0,0,0,0,0,0,0,0,0,0,0,0,0,0,0,0,0,0,0,ARTICLE,https://doi.org/10.1088/0031-9155/52/11/023,0,1,0,0,0,0,33.423725,10.305773,6.5561104,1,1,2005–2009,0.31194780178604425,0.3320495350452222,0.4887947357639545
35,2007,"H Coskun, Y Li, MA Mackey","Ameboid cell motility: A model and inverse problem, with an application to live cell imaging data",1,1,0,0,0,0,0,0,0,0,0,0,0,0,0,0,1,0,0,0,0,1,1,0,1,0,0,0,0,0,0,0,0,0,0,0,0,0,0,0,0,0,0,0,1,1,0,0,0,ARTICLE,https://doi.org/10.1016/j.jtbi.2006.07.025,0,1,0,0,0,0,32.050224,9.042254,8.5429945,4,4,2005–2009,0.14639117343047398,0.0,0.19749793887713069
36,2007,"HB Frieboes, J S Lowengrub, S Wise, X Zheng, P Macklin, EL Bearer, V Cristini",Computer simulation of glioma growth and morphology,1,0,1,0,1,0,1,0,0,1,0,0,0,0,0,0,1,1,0,1,1,1,1,1,1,1,1,1,0,0,0,0,0,0,0,0,0,0,0,1,0,1,0,0,0,0,1,1,1,ARTICLE,https://doi.org/10.1016/j.neuroimage.2007.03.008,0,1,0,0,0,0,32.55395,9.114432,5.7014546,3,3,2005–2009,0.4751945672597273,0.17260462347211739,0.712123489803701
37,2007,"IJ Stamper, HM Byrne, MR Owen, PK Maini",Modelling the role of angiogenesis and vasculogenesis in solid tumour growth,1,1,0,0,0,0,1,0,0,0,0,0,0,1,0,0,1,0,0,0,0,0,0,0,0,1,1,1,0,0,0,0,0,0,0,0,0,0,0,0,0,0,0,0,0,0,0,0,0,ARTICLE,https://doi.org/10.1007/s11538-007-9253-6,0,1,0,0,0,0,32.4892,8.685089,8.656958,4,4,2005–2009,0.14639117343047398,0.02632398099298523,0.11405990032977237
38,2007,"L Zhang, CA Athale, TS Deisboeck","Development of a three-dimensional multiscale agent-based tumor model: Simulating gene-protein interaction profiles, cell phenotypes and multicellular patterns in brain cancer",1,0,0,1,1,0,1,0,0,1,0,0,0,0,0,0,1,1,1,1,1,1,1,1,1,1,1,0,0,1,0,0,0,1,0,0,1,0,1,0,0,0,0,0,0,0,0,0,0,ARTICLE,https://doi.org/10.1016/j.jtbi.2006.06.034,0,1,0,0,0,0,31.616213,9.795119,6.477236,3,3,2005–2009,0.2798951023980753,0.17260462347211739,0.6687945837127717
39,2007,"L Zhang, CG Strouthos, Z Wang, TS Deisboeck","Simulating brain tumor heterogeneity with a multiscale agent-based model: linking cell signaling, motility bias and expansion rate",1,0,0,1,1,0,1,0,0,1,0,0,0,0,0,0,1,1,1,0,1,1,1,1,1,1,1,0,0,1,0,0,0,1,0,0,1,0,1,0,0,0,0,0,0,0,1,1,0,ARTICLE,https://doi.org/10.1016/j.mcm.2008.05.011,0,1,0,0,0,0,31.654766,9.738139,6.426554,3,3,2005–2009,0.2798951023980753,0.17260462347211739,0.6073252003457392
40,2007,"NF Kirkby, SJ Jefferies, R Jena, NG Burnet",A mathematical model of the treatment and survival of patients with high-grade brain tumours,1,1,0,0,1,0,1,1,0,0,0,0,0,0,0,0,1,1,1,1,0,1,0,1,1,1,1,0,0,0,0,0,0,0,0,0,0,0,0,0,0,0,0,0,0,0,0,0,0,ARTICLE,https://doi.org/10.1016/j.jtbi.2006.09.007,0,1,0,0,0,0,33.241848,10.47981,6.6258645,1,1,2005–2009,0.30963793890415703,0.3320495350452222,0.3990617937657776
41,2007,"S Bandara, M Diehl, G Fricker",A mathematical model for the transport of paclitaxel (Taxol) across the blood-brain barrier,1,1,0,0,0,0,0,0,0,0,0,0,0,0,0,0,1,1,1,0,0,0,0,0,0,1,0,0,1,0,0,0,0,0,0,0,1,0,1,0,0,0,0,0,0,0,0,0,0,ARTICLE,https://doi.org/10.1205/cherd06238,0,1,0,0,0,0,32.722355,8.099136,8.560277,4,4,2005–2009,0.14639117343047398,0.0,0.11203401610888647
42,2007,"Y Kim, MA Stolarska, HG Othmer",A hybrid model for tumor spheroid growth in vitro I: Theoretical development and early results,1,0,0,1,1,0,0,0,0,0,0,0,0,0,0,1,1,1,1,0,1,1,0,1,1,1,1,0,0,1,0,0,1,0,0,0,0,0,0,1,0,1,0,0,1,1,1,1,1,ARTICLE,https://doi.org/10.1142/S0218202507002479,0,1,0,0,0,0,31.953917,9.410906,6.3714895,3,3,2005–2009,0.2798951023980753,0.07253067162133041,0.6472606811099649
43,2008,"BM Rubenstein, LJ Kaufman",The role of extracellular matrix in glioma invasion: a cellular Potts model approach,1,0,0,1,1,0,1,1,0,0,0,0,0,1,0,0,1,1,1,1,1,1,1,1,1,1,1,0,0,0,0,0,0,0,0,0,1,0,1,0,0,0,0,0,0,0,0,0,0,ARTICLE,https://doi.org/10.1529/biophysj.108.140624,0,1,0,0,0,0,31.70598,9.659499,6.5322385,3,3,2005–2009,0.2798951023980753,0.35837351603820744,0.6479674159674051
44,2008,"C Hogea, C Davatzikos, G Biros",An image-driven parameter estimation problem for a reactiondiffusion glioma growth model with mass effects,1,0,1,0,1,0,1,1,1,1,0,0,0,0,0,0,1,1,0,1,1,1,0,1,0,0,0,0,0,0,0,0,0,0,0,0,0,0,0,0,0,0,0,0,0,0,1,1,0,ARTICLE,https://doi.org/10.1007/s00285-007-0139-x,0,1,0,0,0,0,34.47499,8.784571,5.870992,1,3,2005–2009,0.4751945672597273,0.6114215232107509,0.38935107602113317
45,2008,"D Basanta, M Simon, H Hatzikirou, A Deutsch",Evolutionary game theory elucidates the role of glycolysis in glioma progression and invasion,1,0,0,1,0,0,0,0,0,0,0,0,0,0,0,0,1,1,1,1,1,1,0,1,1,1,1,0,0,1,1,0,0,0,0,0,1,1,0,0,0,0,0,0,0,0,0,0,0,ARTICLE,https://doi.org/10.1111/j.1365-2184.2008.00563.x,0,1,0,0,0,0,32.04199,9.986996,7.0245104,3,3,2005–2009,0.1166483369243922,0.0,0.5865374608484598
46,2008,"KL Black, D Yin, JM Ong, J Hu, BM Konda, X Wang",PDE5 inhibitors enhance tumor permeability and efficacy of chemotherapy in a rat brain tumor model,1,1,0,0,0,0,1,1,0,0,0,0,0,0,0,1,1,0,0,0,0,0,0,0,0,1,1,0,1,0,0,0,0,0,0,0,1,0,1,0,0,0,0,0,0,0,0,0,0,ARTICLE,https://doi.org/10.1016/j.brainres.2008.06.122,0,1,0,0,0,0,32.527912,7.9603224,8.543332,4,4,2005–2009,0.14639117343047398,0.40458020666655264,0.1382596091212993
47,2008,"M Aubert, M Badoual, B Grammaticos",A model for short-and long-range interactions of migrating tumour cell,1,0,1,1,1,0,0,0,0,0,0,0,0,0,0,0,1,1,1,1,1,1,1,1,1,0,0,0,0,0,0,0,0,0,0,0,0,0,0,0,0,0,0,0,0,0,0,0,0,ARTICLE,https://doi.org/10.1007/s10441-008-9061-x,0,1,0,0,0,0,32.020718,9.632091,6.2682166,3,3,2005–2009,0.5918429041841196,0.0,0.5349566237846434
48,2008,"M Aubert, M Badoual, C Christov, B Grammaticos",A model for glioma cell migration on collagen and astrocytes,1,0,0,1,1,0,0,0,0,0,0,0,0,0,0,1,1,0,0,0,0,1,0,1,1,0,0,0,0,0,0,0,0,0,0,0,0,0,0,1,1,0,0,0,0,0,0,0,0,ARTICLE,https://doi.org/10.1098/rsif.2007.1070,0,1,0,0,0,0,32.310764,9.614215,7.087403,3,3,2005–2009,0.2798951023980753,0.07253067162133041,0.2103871401228475
49,2008,"Swanson K.R., Rostomily R.C., Alvord E.C.",A mathematical modelling tool for predicting survival of individual patients following resection of glioblastoma: A proof of principle.,1,0,1,0,1,0,1,1,0,0,0,0,0,0,0,0,1,1,0,1,1,1,0,1,1,0,0,0,0,0,0,0,0,0,0,0,0,0,0,0,0,0,0,0,0,0,0,0,0,ARTICLE,https://doi.org/10.1038/sj.bjc.6604125,0,1,0,0,0,0,33.44362,10.418909,6.5050945,1,1,2005–2009,0.4751945672597273,0.3320495350452222,0.44973110722649834
50,2009,"CH Wang, JK Rockhill, M Mrugala, DL Peacock et al.",Prognostic Significance of Growth Kinetics in Newly Diagnosed Glioblastomas Revealed by Combining Serial Imaging with a Novel Biomathematical Model,1,0,1,0,1,0,1,1,0,0,0,0,0,0,0,0,1,1,0,1,1,1,0,1,1,0,0,0,0,0,0,0,0,0,0,0,0,0,0,0,0,0,0,0,0,0,0,0,0,ARTICLE,https://doi.org/10.1158/0008-5472.can-08-3863,0,1,0,0,0,0,33.4417,10.417652,6.5327086,1,1,2005–2009,0.4751945672597273,0.3320495350452222,0.44973110722649834
51,2009,"EL Bearer, JS Lowengrub, HB Frieboes, YL Chuang",Multiparameter computational modeling of tumor invasion,1,0,1,0,1,0,1,0,0,1,0,0,0,0,0,0,1,1,1,0,1,1,1,1,1,1,1,1,0,1,0,0,0,1,0,0,0,0,0,1,0,1,0,0,0,0,0,0,0,ARTICLE,https://doi.org/10.1158/0008-5472.can-08-3834,0,1,0,0,0,0,32.395237,8.983948,5.791835,3,3,2005–2009,0.4751945672597273,0.17260462347211739,0.6327224622027896
52,2009,GG Powathil,Modeling of Brain Tumors: Effects of Microenvironment and Associated Therapeutic Strategies,1,0,1,0,0,0,1,1,0,1,0,0,1,0,0,0,1,1,1,1,1,1,0,1,1,1,1,1,1,1,1,0,0,1,0,0,1,1,0,1,0,1,0,0,0,0,0,0,0,ARTICLE,http://hdl.handle.net/10012/4738,0,1,0,0,0,0,33.705376,9.76018,5.9731417,1,3,2005–2009,0.31194780178604425,0.6115856000263338,0.7401085393537138
53,2009,"L Zhang, LL Chen, TS Deisboeck","Multi-scale, multi-resolution brain cancer modeling",1,0,0,1,1,0,1,0,0,0,0,1,0,0,0,0,1,1,1,0,1,1,0,1,1,1,1,0,0,0,0,0,0,0,0,0,0,0,0,0,0,0,0,0,0,0,0,0,0,ARTICLE,https://doi.org/10.1016/j.matcom.2008.09.007,0,1,0,0,0,0,31.747816,9.428542,6.4284596,3,3,2005–2009,0.2798951023980753,0.17316926564294505,0.4582383126153843
54,2009,"L Zhang, CG Strouthos, Z Wang, TS Deisboeck","Simulating brain tumor heterogeneity with a multiscale agent-based model: linking molecular signatures, phenotypes and expansion rate",1,0,0,1,1,0,0,0,0,0,0,0,0,0,0,0,1,1,1,0,1,1,1,1,1,1,1,0,0,1,0,0,0,1,0,0,1,0,1,0,0,0,0,0,0,0,0,0,0,ARTICLE,https://doi.org/10.1016/j.mcm.2008.05.011,0,1,0,0,0,0,31.630817,9.621702,6.3416867,3,3,2005–2009,0.2798951023980753,0.0,0.5729489390143324
55,2009,"LL Chen, S Ulmer, TS Deisboeck",An agent-based model identifies MRI regions of probable tumor invasion in a patient with glioblastoma,1,0,0,1,0,0,1,1,1,0,0,0,1,0,0,0,1,1,0,0,1,1,1,1,1,0,0,0,0,0,0,0,0,0,0,0,0,0,0,0,0,0,0,0,0,0,1,1,0,ARTICLE,https://doi.org/10.1088/0031-9155/55/2/001,0,1,0,0,0,0,34.18798,8.737121,5.559367,1,3,2005–2009,0.1166483369243922,0.5457483412476277,0.43442361188015477
56,2009,"MJ Lazzara, DA Lauffenburger",Quantitative modeling perspectives on the ErbB system of cell regulatory processes,1,1,0,0,0,0,0,0,0,0,0,0,0,0,0,0,1,1,0,0,1,1,0,0,1,0,0,0,0,0,0,0,0,0,0,0,1,0,1,0,0,0,0,0,0,0,0,0,0,ARTICLE,https://doi.org/10.1016/j.yexcr.2008.10.033,0,1,0,0,0,0,32.401794,8.635938,8.362764,4,4,2005–2009,0.14639117343047398,0.0,0.2975000267177106
57,2009,"ML Tanaka, W Debinski, IK Puri",Hybrid mathematical model of glioma progression,1,0,0,0,1,0,1,0,0,0,0,1,0,0,0,0,1,1,0,1,1,1,1,1,1,0,0,0,0,1,0,0,1,0,0,0,0,0,0,0,0,0,0,0,0,0,0,0,0,ARTICLE,https://doi.org/10.1111/j.1365-2184.2009.00631.x,0,1,0,0,0,0,32.378944,9.243087,6.4726944,3,3,2005–2009,0.16324676547368308,0.17316926564294505,0.5261650111953566
58,2009,"R Rockne, EC Alvord, JK Rockhill",A mathematical model for brain tumor response to radiation therapy,1,0,1,0,0,0,1,1,0,1,0,0,0,0,0,0,1,1,1,1,1,1,0,1,1,1,0,0,0,0,0,0,0,0,0,0,0,0,0,0,0,0,0,0,0,0,0,0,0,ARTICLE,https://doi.org/10.1007/s00285-008-0219-6,0,1,0,0,0,0,33.59543,10.197182,6.53942,1,1,2005–2009,0.31194780178604425,0.5046541585173396,0.4887947357639545
59,2009,"R Wciso, W Dzwinel, DA Yuen, AZ Dudek",A 3-D model of tumor progression based on complex automata driven by particle dynamics,1,0,0,1,0,0,0,0,0,0,0,0,0,0,0,0,1,1,1,1,1,1,1,1,1,1,1,1,0,1,0,0,0,1,0,0,0,0,0,0,0,0,0,0,1,1,0,0,0,ARTICLE,https://doi.org/10.1007/s00894-009-0511-4,0,1,0,0,0,0,31.690783,9.721524,6.4433875,3,3,2005–2009,0.1166483369243922,0.0,0.7264234501794522
60,2009,"SP Chakrabarty, FB Hanson",Distributed parameters deterministic model for treatment of brain tumors using Galerkin finite element method,1,0,1,0,0,0,1,1,0,0,0,0,0,0,0,0,1,1,0,1,0,0,0,0,0,1,0,0,1,0,0,0,0,0,0,0,0,0,0,0,0,0,0,0,0,0,0,0,0,ARTICLE,https://doi.org/10.1016/j.mbs.2009.03.005,0,1,0,0,0,0,33.81712,8.998113,7.7003717,1,1,2005–2009,0.31194780178604425,0.3320495350452222,0.1210944616369768
61,2009,"Y Kim, S Lawler, MO Nowicki, EA Chiocca",A mathematical model for pattern formation of glioma cells outside the tumor spheroid core,1,0,1,0,0,0,1,0,0,0,0,1,0,0,0,1,1,1,0,0,1,1,1,1,1,1,1,0,0,0,0,0,0,0,0,0,0,0,0,1,0,1,0,0,1,1,0,0,0,ARTICLE,https://doi.org/10.1016/j.jtbi.2009.06.025,0,1,0,0,0,0,32.96456,9.353138,5.932784,3,3,2005–2009,0.31194780178604425,0.24569993726427547,0.5806407454597333
62,2009,"Z Jackiewicz, Y Kuang, C Thalhauser",Numerical solution of a model for brain cancer progression after therapy,1,0,1,0,0,0,0,0,0,0,0,0,0,0,0,0,1,1,0,0,1,1,0,1,1,0,0,0,0,0,0,0,0,0,0,0,0,0,0,0,0,0,0,0,0,0,0,0,0,ARTICLE,https://doi.org/10.3846/1392-6292.2009.14.43-56,0,1,0,0,0,0,33.47768,9.436787,6.6348867,1,3,2005–2009,0.31194780178604425,0.0,0.3538854625280591
63,2010,"A Chauviere, L Preziosi, H Byrne",A model of cell migration within the extracellular matrix based on a phenotypic switching mechanism,1,0,1,0,0,0,0,0,0,0,0,0,0,0,0,0,1,1,0,0,1,1,0,1,1,0,0,0,0,0,0,0,0,0,0,0,0,0,0,1,0,1,1,1,0,0,0,0,0,ARTICLE,https://doi.org/10.1093/imammb/dqp021,0,0,1,0,0,0,33.299995,9.553658,6.6286144,1,3,2010–2013,0.31194780178604425,0.0,0.4237713656193112
64,2010,"E Milotti, R Chignola",Emergent properties of tumor microenvironment in a real-life model of multicell tumor spheroids,1,0,0,0,1,0,1,0,0,0,0,1,0,0,0,1,1,1,0,0,1,0,0,0,0,0,0,0,0,0,0,0,0,0,0,0,0,0,0,1,1,0,0,0,0,0,0,0,0,ARTICLE,https://doi.org/10.1371/journal.pone.0013942,0,0,1,0,0,0,32.574944,8.021728,7.8604007,4,4,2010–2013,0.16324676547368308,0.24569993726427547,0.1665460046908802
65,2010,"H Hatzikirou, A Deutsch",Lattice-gas cellular automaton modeling of emergent behavior in interacting cell populations,1,0,0,1,0,0,1,0,1,0,0,0,0,0,0,0,1,1,0,1,1,1,1,1,1,0,0,0,0,0,0,0,0,0,0,0,1,1,0,0,0,0,0,0,1,1,0,0,0,ARTICLE,https://doi.org/10.1007/978-3-642-12203-3_13,0,0,1,0,0,0,32.217606,10.205167,7.008314,3,3,2010–2013,0.1166483369243922,0.10676736469341137,0.5681061092021923
66,2010,"H Narayanan, SN Verner, KL Mills",In silico estimates of the free energy rates in growing tumor spheroids,1,0,1,0,1,0,1,0,0,0,0,0,0,1,0,1,1,1,1,1,1,1,1,1,0,1,1,1,0,0,0,0,0,0,0,0,1,1,1,0,0,0,0,0,0,0,0,0,0,ARTICLE,https://doi.org/10.1088/0953-8984/22/19/194122,0,0,1,0,0,0,32.538982,8.634856,7.0556602,3,4,2010–2013,0.4751945672597273,0.09885465261431564,0.6176151578458717
67,2010,"IJ Stamper, MR Owen, PK Maini",Oscillatory dynamics in a model of vascular tumour growth-implications for chemotherapy,1,0,1,0,0,0,0,0,0,0,0,0,0,0,0,0,1,1,0,1,0,1,0,1,0,1,1,1,0,1,1,0,0,0,0,0,1,0,1,0,0,0,0,0,1,1,0,0,0,ARTICLE,https://doi.org/10.1186/1745-6150-5-27,0,0,1,0,0,0,32.847847,8.997161,7.398729,3,4,2010–2013,0.31194780178604425,0.0,0.43513402832331644
68,2010,"J Jeon, V Quaranta, PT Cummings",An off-lattice hybrid discrete-continuum model of tumor growth and invasion,1,0,0,0,1,0,0,0,0,0,0,0,0,0,0,0,1,1,1,1,1,1,1,1,1,1,1,0,0,0,0,0,0,0,0,0,0,0,0,1,0,1,0,0,0,0,0,0,0,ARTICLE,https://doi.org/10.1016/j.bpj.2009.10.002,0,0,1,0,0,0,32.205124,9.2230425,6.083503,3,3,2010–2013,0.16324676547368308,0.0,0.658970260375959
69,2010,"L Rast, JG Harrison",Computational modeling of electromagnetically induced heating of magnetic nanoparticle materials for hyperthermic cancer treatment,1,0,1,0,0,0,0,0,0,0,0,0,0,0,0,0,1,1,1,0,1,0,0,0,0,1,0,0,1,0,0,0,0,0,0,0,0,0,0,0,0,0,0,0,0,0,0,0,0,ARTICLE,https://briefs.techconnect.org/wp-content/volumes/Nanotech2010v3/pdf/1433.pdf,0,0,1,0,0,0,33.60537,8.83452,7.539665,1,1,2010–2013,0.31194780178604425,0.0,0.21933460902403967
70,2010,"R Zhou, RV Mazurchuk, JH Tamburlin",Differential pharmacodynamic effects of paclitaxel formulations in an intracranial rat brain tumor model,1,1,0,0,0,0,1,1,0,0,0,0,0,0,0,1,1,1,0,1,1,1,0,0,1,1,1,1,1,0,0,0,0,0,0,0,1,0,1,1,0,1,0,0,0,0,0,0,0,ARTICLE,https://doi.org/10.1124/jpet.109.160044,0,0,1,0,0,0,32.085773,8.009423,8.536472,4,4,2010–2013,0.14639117343047398,0.40458020666655264,0.5913788037259063
71,2010,"R Rockne, JK Rockhill, M Mrugala, AM Spence, I Kalet, et al.",Predicting the efficacy of radiotherapy in individual glioblastoma patients in vivo: a mathematical modeling approach,1,0,1,0,0,0,1,1,0,0,0,0,0,0,0,0,1,1,1,1,1,1,0,0,1,0,0,0,0,0,0,0,0,0,0,0,0,0,0,0,0,0,0,0,0,0,0,0,0,ARTICLE,https://doi.org/10.1088/0031-9155/55/12/001,0,0,1,0,0,0,33.741566,10.09586,6.690476,1,1,2010–2013,0.31194780178604425,0.3320495350452222,0.38468772932071327
72,2010,"S Becker, A Mang, A Toma, TM Buzug",In-silico oncology: an approximate model of brain tumor mass effect based on directly manipulated free form deformation,1,0,1,0,0,0,1,1,1,0,0,0,0,0,0,0,1,1,0,1,1,1,0,1,1,0,0,0,0,1,0,0,0,1,0,0,0,0,0,0,0,0,0,0,0,0,0,0,0,ARTICLE,https://doi.org/10.1007/s11548-010-0531-7,0,0,1,0,0,0,33.594456,10.388092,6.4881787,1,1,2010–2013,0.31194780178604425,0.4388168997386336,0.47055827497186486
73,2010,"SY Wong, KH Chiam, CT Lim, P Matsudaira",Computational model of cell positioning: directed and collective migration in the intestinal crypt epithelium,1,0,0,1,0,0,0,0,0,0,0,0,0,0,0,0,1,1,1,1,1,1,1,1,1,0,0,0,0,1,1,0,1,1,0,0,0,0,0,0,0,0,0,0,0,0,1,0,1,ARTICLE,https://doi.org/10.1098/rsif.2010.0018.focus,0,0,1,0,0,0,31.858751,9.872864,7.0796986,3,3,2010–2013,0.1166483369243922,0.0,0.6119458732313684
74,2010,"A Gooya, G Biros, C Davatzikos",Deformable registration of glioma images using EM algorithm and diffusion reaction modeling,1,0,1,0,0,1,1,1,1,0,0,0,0,0,0,0,1,1,0,0,1,1,0,1,0,0,0,0,0,0,0,0,0,0,0,0,0,0,0,0,0,0,0,0,0,0,1,1,0,ARTICLE,https://doi.org/10.1109/tmi.2010.2078833,0,0,1,0,0,0,34.374897,8.71956,5.9217553,1,3,2010–2013,0.5737137241714507,0.4388168997386336,0.2935054313226939
75,2010,"NF Marko, RA Prayson, GH Barnett, RJ Weil",Integrated molecular analysis suggests a three-class model for low-grade gliomas: a proof-of-concept study,1,0,0,0,0,1,1,1,0,1,0,0,0,0,0,0,1,1,0,0,1,0,0,0,0,1,1,0,0,0,0,0,0,0,0,0,0,0,0,0,0,0,0,0,1,1,0,0,0,ARTICLE,https://doi.org/10.1016/j.ygeno.2009.09.007,0,0,1,0,0,0,30.52888,-7.528478,3.964795,2,2,2010–2013,0.2617659223854065,0.5046541585173396,0.27689114341758475
76,2011,"A Sottoriva, L Vermeulen, S Tavar",Modeling evolutionary dynamics of epigenetic mutations in hierarchically organized tumors,1,0,0,1,0,0,1,0,0,0,0,1,0,0,0,0,1,1,0,1,1,0,0,0,0,0,0,0,0,1,0,1,1,1,0,0,0,0,0,1,0,1,0,0,0,0,0,0,0,ARTICLE,https://doi.org/10.1371/journal.pcbi.1001132,0,0,1,0,0,0,31.960056,9.5335245,7.874065,4,4,2010–2013,0.1166483369243922,0.17316926564294505,0.3691043475262928
77,2011,"D Vasiliu, JP Tian",Periodic solutions of a model for tumor virotherapy,1,1,0,0,0,0,0,0,0,0,0,0,0,0,0,0,1,1,0,0,1,0,0,0,0,0,0,0,0,0,0,0,0,0,0,0,0,0,0,0,0,0,0,0,1,1,0,0,0,ARTICLE,https://doi.org/10.3934/dcdss.2011.4.1587,0,0,1,0,0,0,31.970724,8.555354,8.804622,4,4,2010–2013,0.14639117343047398,0.0,0.21160192186771573
78,2011,"FG VitalLopez, A Armaou, M Hutnik",Modeling the effect of chemotaxis on glioblastoma tumor progression,1,0,1,1,1,0,0,0,0,0,0,0,0,0,0,0,1,1,0,1,1,1,1,1,1,1,1,1,0,0,0,0,0,0,0,0,0,0,0,0,0,0,0,0,0,0,1,1,0,ARTICLE,https://doi.org/10.1002/aic.12296,0,0,1,0,0,0,32.119152,9.324343,6.130873,3,3,2010–2013,0.5918429041841196,0.0,0.6443291569083665
79,2011,JL Gevertz,Computational modeling of tumor response to vascular-targeting therapiespart I: validation,1,0,1,1,1,0,0,0,0,0,0,0,0,0,0,0,1,1,0,1,0,1,0,1,0,1,1,1,0,1,0,0,1,0,0,0,1,0,1,0,0,0,0,0,1,1,0,0,0,ARTICLE,https://doi.org/10.1155/2011/830515,0,0,1,0,0,0,32.57516,8.93557,7.0880384,3,4,2010–2013,0.5918429041841196,0.0,0.44858589637218477
80,2011,"M Tektonidis, H Hatzikirou, A Chauvière, M Simon, K Schaller, A Deutsch",Identification of intrinsic in vitro cellular mechanisms for glioma invasion,1,0,0,1,0,0,0,0,0,0,0,0,0,0,0,1,1,1,1,1,1,1,1,1,1,0,0,0,0,0,0,0,0,1,0,0,0,0,0,0,0,0,1,1,0,0,0,0,0,ARTICLE,https://doi.org/10.1016/j.jtbi.2011.07.012,0,0,1,0,0,0,31.91531,9.928924,7.0082564,3,3,2010–2013,0.1166483369243922,0.07253067162133041,0.5669452795798156
81,2011,"NC Atuegwu, DC Colvin, ME Loveless",Incorporation of diffusion-weighted magnetic resonance imaging data into a simple mathematical model of tumor growth,1,1,0,0,0,0,1,1,1,0,0,0,0,0,0,0,1,1,0,0,1,0,0,0,0,0,0,0,0,0,0,0,0,0,0,0,0,0,0,0,0,0,0,0,0,0,0,0,0,ARTICLE,https://doi.org/10.1088/0031-9155/57/1/225,0,0,1,0,0,0,32.478203,8.337072,8.661061,4,4,2010–2013,0.14639117343047398,0.4388168997386336,0.1550221635480459
82,2011,"R Guillevin, C Menuel, JN Valle, JP Franoise",Mathematical modeling of energy metabolism and hemodynamics of WHO grade II gliomas using in vivo MR data,1,1,0,0,0,0,1,1,0,1,0,0,0,0,0,0,1,0,0,0,0,0,0,0,0,0,0,0,0,0,0,0,0,0,0,0,1,1,1,0,0,0,0,0,0,0,0,0,0,ARTICLE,https://doi.org/10.1016/j.crvi.2010.11.002,0,0,1,0,0,0,32.901775,7.927913,8.494807,4,4,2010–2013,0.14639117343047398,0.5046541585173396,0.06335492626822785
83,2011,"R Jörnsten, T Abenius, T Kling, L Schmidt, E Johansson, et al.",Network modeling of the transcriptional effects of copy number aberrations in glioblastoma,1,1,0,0,0,0,1,0,0,0,0,1,0,0,0,0,1,1,1,1,1,0,0,0,0,0,0,0,0,0,0,0,0,0,0,0,0,0,0,0,0,0,0,0,0,0,0,0,0,ARTICLE,https://doi.org/10.1038/msb.2011.17,0,0,1,0,0,0,32.111835,8.701053,8.789719,4,4,2010–2013,0.14639117343047398,0.17316926564294505,0.2899314367839413
84,2011,"S Fedotov, A Iomin, L Ryashko",Non-Markovian models for migration-proliferation dichotomy of cancer cells: Anomalous switching and spreading rate,1,0,1,0,0,0,0,0,0,0,0,0,0,0,0,0,1,1,0,1,1,1,0,1,1,0,0,0,0,0,0,0,0,0,0,0,0,0,0,0,0,0,1,1,0,0,0,0,0,ARTICLE,https://doi.org/10.1103/physreve.84.061131,0,0,1,0,0,0,33.044468,10.121698,6.7120867,1,1,2010–2013,0.31194780178604425,0.0,0.460892595276304
85,2011,"TJ Kinsella, E Gurkan-Cavusoglu, W Du",Integration of Principles of Systems Biology and Radiation Biology: Toward Development of in silico Models to Optimize IUdR-Mediated Radiosensitization of,1,0,0,0,1,0,1,1,0,0,0,0,0,0,0,0,1,1,1,0,1,0,0,0,0,0,0,0,0,0,0,0,0,0,0,0,1,0,1,1,0,1,0,0,0,0,0,0,0,ARTICLE,https://doi.org/10.3389/fonc.2011.00020,0,0,1,0,0,0,32.381023,8.833363,7.894561,4,4,2010–2013,0.16324676547368308,0.3320495350452222,0.3005317777598413
86,2011,"Y Jiao, H Berman, TR Kiehl, S Torquato",Spatial organization and correlations of cell nuclei in brain tumors,1,0,0,0,0,0,0,0,0,0,0,0,0,0,0,0,1,1,1,1,1,1,0,1,1,0,0,0,0,0,0,0,0,0,0,0,0,0,0,0,0,0,1,1,0,0,0,0,0,ARTICLE,https://doi.org/10.1371/journal.pone.0027323,0,0,1,0,0,0,32.30221,10.078449,7.0435796,3,3,2010–2013,0.0,0.0,0.49995622381376015
87,2011,"Y Kim, S Roh, S Lawler, A Friedman",miR451 and AMPK mutual antagonism in glioma cell migration and proliferation: a mathematical model,1,1,1,0,0,0,1,0,0,0,0,1,0,0,0,0,1,1,1,1,1,1,1,1,1,0,0,0,0,0,0,0,0,0,0,0,1,1,0,1,0,1,1,1,0,0,0,0,0,ARTICLE,https://doi.org/10.1371/journal.pone.0028293,0,0,1,0,0,0,32.882824,9.715726,6.360379,3,3,2010–2013,0.45833897521651823,0.17316926564294505,0.6204758825112308
88,2011,"A Roniotis, GC Manikis, V Sakkalis",High-grade glioma diffusive modeling using statistical tissue information and diffusion tensors extracted from atlases,1,0,0,0,0,1,1,1,1,0,0,0,0,0,0,0,1,1,0,0,1,1,0,1,1,0,0,0,0,0,0,0,0,0,0,0,0,0,0,0,0,0,0,0,0,0,1,1,0,ARTICLE,https://doi.org/10.1109/titb.2011.2171190,0,0,1,0,0,0,34.253708,8.719499,5.693421,1,3,2010–2013,0.2617659223854065,0.4388168997386336,0.3882617238594659
89,2011,"BH Menze, E Stretton, E Konukoglu, N Ayache",Image-based modeling of tumor growth in patients with glioma.,1,0,1,0,0,1,1,1,1,0,0,0,1,0,0,0,1,1,0,1,1,1,0,1,1,1,0,0,1,0,0,0,0,0,0,0,0,0,0,0,0,0,0,0,0,0,1,1,0,ARTICLE,https://inria.hal.science/hal-00825866/document,0,0,1,0,0,0,34.23857,9.103402,5.745203,1,3,2010–2013,0.5737137241714507,0.5457483412476277,0.5093561854964427
90,2012,"A Mang, A Toma, TA Schuetz, S Becker",A generic framework for modeling brain deformation as a constrained parametric optimization problem to aid non-diffeomorphic image registration in brain tumor,1,0,1,0,0,0,1,1,0,0,0,0,0,0,0,0,1,1,0,0,1,1,0,0,1,0,0,0,0,0,0,0,0,0,0,0,0,0,0,0,0,0,0,0,0,0,0,0,0,ARTICLE,https://doi.org/10.3414/me11-02-0036,0,0,1,0,0,0,33.877705,9.541547,6.6845193,1,1,2010–2013,0.31194780178604425,0.3320495350452222,0.24977845608481788
91,2012,"A Mang, A Toma, TA Schuetz, S Becker",Biophysical modeling of brain tumor progression: From unconditionally stable explicit time integration to an inverse problem with parabolic PDE constraints for model,1,0,1,0,0,0,1,0,1,0,0,0,0,0,0,0,1,1,0,1,1,1,0,1,1,1,1,0,0,0,0,0,0,0,0,0,1,0,1,0,0,0,0,0,0,0,0,0,0,ARTICLE,https://doi.org/10.1118/1.4722749,0,0,1,0,0,0,33.600132,9.146514,5.669893,1,3,2010–2013,0.31194780178604425,0.10676736469341137,0.5627418994092601
92,2012,"A Szabó, K Varga, T Garay, B Hegedus, A Czirók",Invasion from a cell aggregate--the roles of active cell motion and mechanical equilibrium,1,0,0,1,0,0,0,0,0,0,0,0,0,0,0,0,1,0,0,0,0,1,0,1,1,0,0,0,0,0,0,0,0,0,0,0,0,0,0,1,0,1,0,0,0,0,1,1,0,ARTICLE,https://doi.org/10.1088/1478-3975/9/1/016010,0,0,1,0,0,0,32.385635,9.600693,7.140693,3,3,2010–2013,0.1166483369243922,0.0,0.2919639753528665
93,2012,"A Toma, A Rgnier-Vigouroux, A Mang",In-silico modelling of tumour-immune system interactions for glioblastomas,1,0,0,0,1,0,0,0,0,0,0,0,0,0,0,0,1,1,0,0,1,1,1,0,1,0,0,0,0,0,0,0,0,0,0,0,0,0,0,0,0,0,0,0,1,1,0,0,0,ARTICLE,https://doi.org/10.3182/20120215-3-AT-3016.00219,0,0,1,0,0,0,32.427204,9.04975,6.659416,3,3,2010–2013,0.16324676547368308,0.0,0.35252010242517656
94,2012,"A Toma, K Holl-Ulrich, S Becker, A Mang",A mathematical model to simulate glioma growth and radiotherapy at the microscopic level,1,0,0,0,1,0,0,0,0,0,0,0,0,0,0,0,1,1,1,0,1,1,1,1,1,0,0,0,0,0,0,0,0,0,0,0,0,0,0,0,0,0,0,0,0,0,0,0,0,ARTICLE,https://doi.org/10.1515/bmt-2012-4081,0,0,1,0,0,0,32.1835,9.327294,6.5074277,3,3,2010–2013,0.16324676547368308,0.0,0.43911097908620417
95,2012,"A Martinez-Gonzalez, GF Calvo, LA Perez Romasanta, VM Perez-Garcia",Hypoxic cell waves around necrotic cores in glioblastoma: a biomathematical model and its therapeutic implications,1,0,1,0,0,0,0,0,0,0,0,0,0,0,0,0,1,1,0,0,1,1,0,1,1,1,1,1,0,0,0,0,0,0,0,0,0,0,0,1,0,1,0,0,0,0,0,0,0,ARTICLE,https://doi.org/10.1007/s11538-012-9786-1,0,0,1,0,0,0,32.736282,8.891178,5.859622,3,3,2010–2013,0.31194780178604425,0.0,0.5266697778992779
96,2012,"AC Lesart, B van Der Sanden, L Hamard, F Estve",On the importance of the submicrovascular network in a computational model of tumour growth,1,0,0,1,1,0,1,0,0,0,0,0,0,1,0,0,1,1,0,1,1,1,1,0,0,1,0,1,0,0,0,0,0,0,0,0,1,0,1,0,0,0,0,0,0,0,0,0,0,ARTICLE,https://doi.org/10.1016/j.mvr.2012.06.001,0,0,1,0,0,0,32.632244,8.54123,7.295439,3,4,2010–2013,0.2798951023980753,0.02632398099298523,0.3935219456799701
97,2012,"B Ribba, G Kaloshi, M Peyre, D Ricard, V Calvez",A tumor growth inhibition model for low-grade glioma treated with chemotherapy or radiotherapy,1,1,0,0,0,0,1,1,0,0,0,0,0,0,0,0,1,1,1,1,1,1,0,1,0,0,0,0,0,0,0,0,0,0,0,0,0,0,0,0,0,0,0,0,1,1,0,0,0,ARTICLE,https://doi.org/10.1158/1078-0432.ccr-12-0084,0,0,1,0,0,0,31.996296,8.476574,8.908394,4,4,2010–2013,0.14639117343047398,0.3320495350452222,0.45061820154685234
98,2012,"C Gerin, J Pallud, B Grammaticos, E Mandonnet, C Deroulers, P Varlet, et al.",Improving the time-machine: estimating date of birth of grade II gliomas,1,0,1,0,0,0,1,1,0,0,0,0,0,0,0,0,1,1,0,1,1,1,0,1,1,0,0,0,0,1,0,0,0,1,0,0,0,0,0,0,0,0,0,0,0,0,0,0,0,ARTICLE,https://doi.org/10.1111/j.1365-2184.2011.00790.x,0,0,1,0,0,0,33.504158,10.346958,6.5747614,1,1,2010–2013,0.31194780178604425,0.3320495350452222,0.47055827497186486
99,2012,"C Suarez, F Maglietti, M Colonna, K Breitburd",Mathematical modeling of human glioma growth based on brain topological structures: study of two clinical cases,1,0,1,0,0,0,1,1,0,1,0,0,1,0,0,0,1,1,0,0,1,1,0,1,1,1,1,0,0,1,0,0,1,1,0,0,0,0,0,0,0,0,0,0,0,0,0,0,0,ARTICLE,https://doi.org/10.1371/journal.pone.0039616,0,0,1,0,0,0,33.837097,9.485371,6.263259,1,3,2010–2013,0.31194780178604425,0.6115856000263338,0.470273867771464
100,2012,"K Pham, A Chauviere, H Hatzikirou, X Li, HM Byrne, V Cristini, J Lowengrub",Density-dependent quiescence in glioma invasion: instability in a simple reaction--diffusion model for the migration/proliferation dichotomy,1,1,0,1,0,0,0,0,0,0,0,0,0,0,0,0,0,1,1,0,0,1,1,0,1,1,0,0,0,0,0,0,0,0,0,0,0,0,0,0,0,0,0,1,1,0,0,0,0,ARTICLE,https://doi.org/10.1080/17513758.2011.590610,0,0,1,0,0,0,32.129364,9.284496,8.162577,4,4,2010–2013,0.26303951035486617,0.0,0.1911432971447227
101,2012,"E Beretta, V Capasso, N Morozova",Mathematical modelling of cancer stem cells population behavior,1,1,0,0,0,0,0,0,0,0,0,0,0,0,0,0,1,1,0,1,0,0,0,0,0,0,0,0,0,1,0,0,1,0,0,0,0,0,0,0,0,0,1,1,0,0,0,0,0,ARTICLE,https://doi.org/10.1051/mmnp/20127113,0,0,1,0,0,0,32.301632,8.716241,8.947512,4,4,2010–2013,0.14639117343047398,0.0,0.1372791486964143
102,2012,"E Kim, S Stamatelos, J Cebulla, ZM Bhujwalla",Multiscale imaging and computational modeling of blood flow in the tumor vasculature,1,0,0,0,1,0,1,1,1,0,0,1,0,1,0,0,1,0,0,0,0,1,0,1,0,1,1,1,0,1,0,0,0,1,0,0,0,0,0,1,0,1,0,0,1,1,0,0,0,ARTICLE,https://doi.org/10.1007/s10439-012-0585-5,0,0,1,0,0,0,30.309074,-7.481308,4.222497,2,2,2010–2013,0.16324676547368308,0.6383101463745638,0.3542982478794965
103,2012,"E Khain, M Katkowski, N Charteris, F Jiang, M Chopp",Migration of adhesive glioma cells: Front propagation and fingering,1,0,1,1,0,0,0,0,0,0,0,0,0,0,0,0,1,1,0,1,1,1,0,1,1,0,0,0,0,0,0,0,0,0,0,0,0,0,0,0,0,0,0,0,0,0,0,0,0,ARTICLE,https://doi.org/10.1103/PhysRevE.86.011904,0,0,1,0,0,0,32.518887,10.125855,7.0124,3,3,2010–2013,0.42859613871043645,0.0,0.44973110722649834
104,2012,Gu et al.,Applying a patient-specific bio-mathematical model of glioma growth to develop virtual [18F]-FMISO-PET images,1,0,1,0,0,0,1,1,0,0,0,0,1,0,0,0,1,1,0,1,1,1,0,0,1,0,0,0,0,0,0,0,0,0,0,0,0,0,0,0,0,0,0,0,0,0,0,0,0,ARTICLE,https://doi.org/10.1093/imammb/dqr002,0,0,1,0,0,0,33.93744,9.922729,6.5943165,1,1,2010–2013,0.31194780178604425,0.43898097655421636,0.3456241007832571
105,2012,"H Hatzikirou, D Basanta, M Simon, K Schaller, A Deutsch",Go or Grow': The key to the emergence of invasion in tumour progression?,1,1,0,1,0,0,1,0,0,1,0,0,0,0,0,0,1,1,0,1,1,1,0,1,1,0,0,0,0,0,0,0,0,0,0,0,0,0,0,0,0,0,0,0,0,0,0,0,0,ARTICLE,https://doi.org/10.1093/imammb/dqq011,0,0,1,0,0,0,32.058,9.946178,7.1759467,3,3,2010–2013,0.26303951035486617,0.17260462347211739,0.44973110722649834
106,2012,J Gevertz,Optimization of vascular-targeting drugs in a computational model of tumor growth,1,0,0,0,1,0,0,0,0,0,0,0,0,0,0,0,1,1,0,0,1,0,0,0,0,1,1,1,0,0,0,0,0,0,0,0,0,0,0,0,0,0,0,0,0,0,0,0,0,ARTICLE,https://doi.org/10.1103/physreve.85.041914,0,0,1,0,0,0,32.838264,8.279297,7.355821,3,4,2010–2013,0.16324676547368308,0.0,0.2690820638778183
107,2012,"JCL Alfonso, G Buttazzo, B García-Archilla, MA Herrero, L Núñez",A class of optimization problems in radiotherapy dosimetry planning,1,1,0,0,0,0,1,1,0,0,0,0,0,0,0,0,1,1,0,1,1,1,0,1,1,0,0,0,0,0,0,0,0,0,0,0,0,0,0,0,0,0,1,1,0,0,0,0,0,ARTICLE,http://dx.doi.org/10.3934/dcdsb.2012.17.1651,0,0,1,0,0,0,33.22003,10.533481,6.635758,1,1,2010–2013,0.14639117343047398,0.3320495350452222,0.460892595276304
108,2012,"K Böttger, H Hatzikirou, A Chauviere, A Deutsch",Investigation of the migration/proliferation dichotomy and its impact on avascular glioma invasion,1,0,0,1,0,0,0,0,0,0,0,0,0,0,0,0,1,1,0,1,1,1,0,1,1,0,0,0,0,0,0,0,0,0,0,0,0,0,0,0,0,0,1,1,0,0,0,0,0,ARTICLE,https://doi.org/10.1051/mmnp/20127106,0,0,1,0,0,0,32.273376,10.110687,7.1164856,3,3,2010–2013,0.1166483369243922,0.0,0.460892595276304
109,2012,"KR Swanson, RC Rockne, J Claridge, MA Chaplain, EC Alvord Jr, AR Anderson",Quantifying the role of angiogenesis in malignant progression of gliomas: In silico modeling integrates imaging and histology,1,0,1,0,0,0,1,1,0,0,0,0,0,0,0,0,1,1,0,1,0,1,0,0,1,0,1,0,0,0,0,0,0,0,0,0,0,0,0,0,0,1,0,0,0,0,0,0,0,ARTICLE,https://doi.org/10.1158/0008-5472.CAN-11-1399,0,0,1,0,0,0,33.839294,9.800712,6.6719427,1,1,2010–2013,0.31194780178604425,0.3320495350452222,0.3146155738265267
110,2012,"M Scianna, L Preziosi",A hybrid model describing different morphologies of tumor invasion fronts,1,0,1,1,1,0,0,0,0,0,0,0,0,0,0,0,1,1,0,0,1,1,1,1,0,0,0,0,0,1,1,0,0,0,0,0,1,0,1,1,0,1,0,0,0,0,0,0,0,ARTICLE,https://doi.org/10.1051/mmnp/20127105,0,0,1,0,0,0,32.63335,8.788126,6.79686,3,4,2010–2013,0.5918429041841196,0.0,0.4285571915856163
111,2012,"M Scianna, L Preziosi, K Wolf",A Cellular Potts Model simulating cell migration on and in matrix environments,1,0,0,1,0,0,1,0,0,0,0,0,0,1,0,0,1,1,0,0,1,1,1,1,1,1,1,0,0,0,0,0,0,0,0,0,0,0,0,0,0,0,0,0,1,1,1,1,0,ARTICLE,https://doi.org/10.3934/mbe.2013.10.235,0,0,1,0,0,0,32.156517,9.531913,6.411261,3,3,2010–2013,0.1166483369243922,0.02632398099298523,0.5562925917496936
112,2012,"MJ Tindall, L Dyson, K Smallbone, PK Maini",Modelling acidosis and the cell cycle in multicellular tumour spheroids,1,0,1,0,0,0,0,0,0,0,0,0,0,0,0,1,1,1,0,0,1,0,0,0,0,0,0,0,0,0,0,0,0,0,0,0,0,0,0,0,0,0,0,0,0,0,0,0,0,ARTICLE,https://doi.org/10.1016/j.jtbi.2011.11.009,0,0,1,0,0,0,33.493908,8.826709,7.47636,1,1,2010–2013,0.31194780178604425,0.07253067162133041,0.1550221635480459
113,2012,"P Gerlee, S Nelander",The impact of phenotypic switching on glioblastoma growth and invasion,1,0,1,0,0,0,1,1,0,0,0,0,0,0,0,0,1,1,0,1,1,1,0,1,1,0,0,0,0,0,0,0,0,0,0,0,0,0,0,0,0,0,1,1,0,0,0,0,0,ARTICLE,https://doi.org/10.1371/journal.pcbi.1002556,0,0,1,0,0,0,33.386387,10.391469,6.5314054,1,1,2010–2013,0.31194780178604425,0.3320495350452222,0.460892595276304
114,2012,"S Benzekry, N Andr, A Benabdallah",Modeling the impact of anticancer agents on metastatic spreading,1,0,1,0,0,0,0,0,0,0,0,0,0,0,0,0,1,1,0,1,1,0,0,0,0,1,0,1,0,0,0,0,0,0,0,0,0,0,0,0,0,0,0,0,0,0,0,0,0,ARTICLE,https://doi.org/10.1051/mmnp/20127114,0,0,1,0,0,0,33.32483,8.786037,7.587027,1,1,2010–2013,0.31194780178604425,0.0,0.2996384870263885
115,2012,"T Colin, A Iollo, D Lombardi, O Saut",System identification in tumor growth modeling using semi-empirical eigenfunctions,1,0,1,0,0,0,0,0,0,0,0,0,0,0,0,0,1,1,0,1,1,0,0,0,0,0,0,0,0,0,0,0,0,0,0,0,1,0,1,0,0,0,0,0,0,0,0,0,0,ARTICLE,https://hal.science/hal-04485448/file/Math.%20Mod.%20Meth.%20Appl.%20Sci.%202012%20COLIN.pdf,0,0,1,0,0,0,33.48375,8.856899,7.5658875,1,1,2010–2013,0.31194780178604425,0.0,0.29858937887937786
116,2012,"TA Schuetz, S Moeller, S Becker, A Mang",A Cross-scale Model of Tumor Growth: Do We Need to Model Molecular Interactions in Separate Artificial Compartments within a Cell?,1,0,1,1,1,0,1,1,0,0,0,0,0,0,0,0,1,1,0,0,1,1,1,0,1,0,0,0,0,0,0,0,0,0,0,0,0,0,0,0,0,0,0,0,0,0,0,0,0,ARTICLE,https://doi.org/10.3182/20120215-3-AT-3016.00230,0,0,1,0,0,0,32.69136,9.150441,6.5377026,3,3,2010–2013,0.5918429041841196,0.3320495350452222,0.29594034410550674
117,2012,"V Andasari, RT Roper, MH Swat, MAJ Chaplain",Integrating intracellular dynamics using CompuCell3D and Bionetsolver: applications to multiscale modelling of cancer cell growth and invasion,1,1,0,0,1,0,1,0,0,0,0,1,0,0,0,0,1,1,0,1,0,1,0,1,0,0,0,0,0,0,0,0,0,0,0,0,0,0,0,0,0,0,1,1,0,0,0,0,0,ARTICLE,https://doi.org/10.1371/journal.pone.0033726,0,0,1,0,0,0,32.526527,8.773086,8.820296,4,4,2010–2013,0.30963793890415703,0.17316926564294505,0.21111413919148608
118,2012,"X Sun, L Zhang, H Tan, J Bao, C Strouthos, X Zhou",Multi-scale agent-based brain cancer modeling and prediction of TKI treatment response: incorporating EGFR signaling pathway and angiogenesis,1,1,1,1,1,0,0,0,0,0,0,0,0,0,0,0,1,1,1,0,1,1,1,1,1,1,1,1,0,0,0,0,0,0,0,0,1,0,1,1,0,1,0,0,0,0,0,0,0,ARTICLE,https://doi.org/10.1186/1471-2105-13-218,0,0,1,0,0,0,32.06291,9.182238,5.8359056,3,3,2010–2013,0.7382340776145936,0.0,0.6596168650903158
119,2012,"Y Wu, Y Lu, W Chen, J Fu, R Fan",In silico Experimentation of Glioma Microenvironment Development and Anti-tumor Therapy,1,1,0,0,1,0,1,0,0,0,0,0,0,0,0,0,1,1,1,1,1,0,0,0,0,0,0,0,0,1,0,0,1,1,0,0,0,0,0,1,0,1,0,0,1,1,0,0,0,ARTICLE,https://doi.org/10.1371/journal.pcbi.1002355,0,0,1,0,0,0,31.75594,8.793549,8.787214,4,4,2010–2013,0.30963793890415703,0.0,0.45633479383859354
120,2013,"A Toma, LRC Castillo, TA Schuetz",A validated mathematical model of tumour-immune interactions for glioblastoma,1,0,1,1,1,0,0,0,0,0,0,0,0,0,0,1,1,1,1,1,1,1,1,1,1,0,0,0,0,0,0,0,0,0,0,0,0,0,0,0,0,0,0,0,1,1,0,0,0,ARTICLE,https://doi.org/10.2174/1573405611309020010,0,0,1,0,0,0,32.0162,9.63405,6.340649,3,3,2010–2013,0.5918429041841196,0.07253067162133041,0.5915363821043133
121,2013,"A Hawkins-Daarud, S Prudhomme, KG van der Zee, J Tinsley Oden","Bayesian calibration, validation, and uncertainty quantification of diffuse interface modes of tumor growth",1,1,1,0,0,0,0,0,0,0,0,0,0,0,0,0,1,1,0,1,1,0,0,0,0,0,0,0,0,0,0,0,0,0,0,0,0,0,0,0,0,0,0,0,0,0,1,1,0,ARTICLE,https://doi.org/10.1007/s00285-012-0595-9,0,0,1,0,0,0,33.290565,8.7868805,7.817676,1,1,2010–2013,0.45833897521651823,0.0,0.28524406957789195
122,2013,"C Engwer, T Hillen, MP Knappitsch, C Surulescu",A multiscale model for glioma growth: Formal diffusion limit and application to diffusion tensor imaging data,1,0,1,0,1,0,1,1,1,1,0,1,0,0,0,0,1,1,0,0,1,1,1,1,1,0,0,0,0,0,0,0,0,0,0,0,0,0,0,0,0,0,0,0,1,1,1,1,0,ARTICLE,https://doi.org/10.3934/mbe.2015011,0,0,1,0,0,0,33.980106,8.703062,5.587537,1,3,2010–2013,0.4751945672597273,0.784590788853696,0.4910033701998246
123,2013,"D Yang, JP Tian, J Wang",A solvable hyperbolic free boundary problem modelling tumour regrowth,1,0,1,0,0,0,1,0,0,0,0,1,0,0,0,0,1,1,0,0,1,0,0,0,0,0,0,0,0,0,0,0,0,0,0,0,0,0,0,0,0,0,0,0,0,0,0,0,0,ARTICLE,https://doi.org/10.1080/00036811.2012.692366,0,0,1,0,0,0,33.62507,8.69959,7.487866,1,1,2010–2013,0.31194780178604425,0.17316926564294505,0.1550221635480459
124,2013,"G Meral, C Stinner, C Surulescu",On a multiscale model involving cell contractivity and its effects on tumor invasion,1,0,1,0,1,0,0,0,0,0,0,0,0,0,0,0,1,1,0,0,1,1,1,1,1,0,0,0,0,0,0,0,0,0,0,0,0,0,0,0,0,0,0,0,0,0,0,0,0,ARTICLE,https://doi.org/10.3934/dcdsb.2015.20.189,0,0,1,0,0,0,32.547855,9.223725,6.4102535,3,3,2010–2013,0.4751945672597273,0.0,0.40004735054874796
125,2013,"J Belmonte-Beitia, TE Woolley, JG Scott",Modelling biological invasions: Individual to population scales at interfaces,1,0,1,0,1,0,1,0,0,0,0,1,0,0,0,0,1,1,0,0,1,1,0,1,0,0,0,0,0,0,0,0,0,0,0,0,0,0,0,0,0,0,0,0,0,0,0,0,0,ARTICLE,https://doi.org/10.1016/j.jtbi.2013.05.033,0,0,1,0,0,0,33.72431,8.9380245,7.116726,1,1,2010–2013,0.4751945672597273,0.17316926564294505,0.2591291699912871
126,2013,"J Yuan, L Liu, Q Hu",Mathematical modeling of brain glioma growth using modified reactiondiffusion equation on brain MR images,1,0,1,0,0,0,1,0,1,0,0,0,0,0,0,0,1,1,0,1,1,1,0,1,1,0,0,0,0,0,0,0,0,0,0,0,0,0,0,0,0,0,0,0,0,0,1,1,0,ARTICLE,https://doi.org/10.1016/j.compbiomed.2013.09.023,0,0,1,0,0,0,34.2075,8.841242,5.930642,1,3,2010–2013,0.31194780178604425,0.10676736469341137,0.48410736855790515
127,2013,"KJ Painter, T Hillen",Mathematical modelling of glioma growth: the use of diffusion tensor imaging (DTI) data to predict the anisotropic pathways of cancer invasion,1,0,1,0,1,0,1,1,1,0,0,0,0,0,0,0,1,1,0,0,1,1,0,1,1,1,0,1,0,0,0,0,0,0,0,0,0,0,0,0,0,0,0,0,1,1,1,1,0,ARTICLE,https://doi.org/10.1016/j.jtbi.2013.01.014,0,0,1,0,0,0,34.077007,8.711412,5.607567,1,3,2010–2013,0.4751945672597273,0.4388168997386336,0.4936121609590391
128,2013,"M Papadogiorgaki, P Koliou, X Kotsiakis, M.E Zervakis",Mathematical modelling of spatio-temporal glioma evolution,1,0,1,0,0,0,1,1,1,1,0,0,1,0,0,0,1,1,0,1,0,1,0,1,1,1,1,1,0,1,0,1,0,0,0,0,1,1,1,0,0,0,0,0,1,1,1,1,0,ARTICLE,https://doi.org/10.1186/1742-4682-10-47,0,0,1,0,0,0,33.812035,9.049499,5.6183214,1,3,2010–2013,0.31194780178604425,0.7183529647197451,0.5714927304723545
129,2013,"M Welter, H Rieger",Interstitial fluid flow and drug delivery in vascularized tumors: a computational model,1,0,1,0,0,0,0,0,0,0,0,0,0,0,0,0,1,1,0,0,1,0,0,0,0,1,1,1,0,0,0,0,0,0,0,0,0,0,0,1,0,1,0,0,0,0,1,0,1,ARTICLE,https://doi.org/10.1371/journal.pone.0070395,0,0,1,0,0,0,33.15959,8.208797,6.997299,1,4,2010–2013,0.31194780178604425,0.0,0.3368763967731528
130,2013,"M Lewis Neal, AD Trister, S Ahn, A Baldock, CA Bridge, L Guyman, et al.",Response classification based on a minimal model of glioblastoma growth is prognostic for clinical outcomes and distinguishes progression from pseudoprogression,1,0,1,0,0,0,1,1,0,0,0,0,0,0,0,0,1,1,1,1,1,0,0,0,0,0,0,0,0,0,0,0,0,0,0,0,0,0,0,0,0,0,0,0,0,0,0,0,0,ARTICLE,https://doi.org/10.1158/0008-5472.can-12-3588,0,0,1,0,0,0,33.649284,9.374246,7.6334567,1,1,2010–2013,0.31194780178604425,0.3320495350452222,0.2899314367839413
131,2013,"M Lewis Neal, AD Trister, T Cloke, R Sodt, S Ahn, AL Baldock, et al.","Discriminating survival outcomes in patients with glioblastoma using a simulation-based, patient-specific response metric",1,0,1,0,0,0,1,1,0,0,0,0,0,0,0,0,1,1,0,0,1,1,0,1,0,0,0,0,0,0,0,0,0,0,0,0,0,0,0,0,0,0,0,0,0,0,0,0,0,ARTICLE,https://doi.org/10.1371/journal.pone.0051951,0,0,1,0,0,0,33.98869,9.140015,6.831802,1,1,2010–2013,0.31194780178604425,0.3320495350452222,0.2591291699912871
132,2013,"N Andre, D Barbolosi, F Billy, G Chapuisat",Mathematical model of cancer growth controled by metronomic chemotherapies,1,0,1,0,0,0,0,0,0,0,0,0,0,0,0,0,1,1,0,0,1,0,0,0,0,1,1,1,0,1,0,0,0,1,0,0,1,0,1,0,0,0,0,0,0,0,0,0,0,ARTICLE,https://hal.science/hal-00751645v1,0,0,1,0,0,0,33.22138,8.39399,7.378495,1,4,2010–2013,0.31194780178604425,0.0,0.33763080225607756
133,2013,"TA Schuetz, S Becker, A Mang, A Toma",Modelling of glioblastoma growth by linking a molecular interaction network with an agent-based model,1,1,1,1,1,0,0,0,0,0,0,0,0,0,0,0,1,1,1,0,1,1,0,1,1,0,0,0,0,0,0,0,0,0,0,0,1,1,1,0,0,0,1,1,0,0,0,0,0,ARTICLE,https://doi.org/10.1080/13873954.2013.777748,0,0,1,0,0,0,31.94861,9.649922,6.0845475,3,3,2010–2013,0.7382340776145936,0.0,0.4674655053835488
134,2013,"X Gao, J Tyson McDonald, L Hlatky, H Enderling",Acute and fractionated irradiation differentially modulate glioma stem cell division kinetics,1,0,0,1,0,0,0,0,0,0,0,0,0,0,0,0,1,1,1,1,1,1,0,1,0,0,0,0,0,0,0,0,1,0,0,0,0,0,0,0,0,0,0,0,0,0,0,0,0,ARTICLE,https://doi.org/10.1158/0008-5472.CAN-12-3429,0,0,1,0,0,0,32.106052,9.7833395,7.5483966,4,4,2010–2013,0.1166483369243922,0.0,0.42431045917535193
135,2013,"Y Kim, S Roh",A hybrid model for cell proliferation and migration in glioblastoma,1,1,0,0,1,0,1,0,0,1,0,0,0,0,0,0,1,1,1,1,1,1,1,1,1,0,0,0,0,1,0,0,1,1,0,0,1,1,1,1,0,1,0,0,1,1,1,1,1,ARTICLE,https://doi.org/10.3934/dcdsb.2013.18.969,0,0,1,0,0,0,32.354866,9.647977,5.9452395,3,3,2010–2013,0.30963793890415703,0.17260462347211739,0.8081610862928185
136,2013,Y Kim,Regulation of cell proliferation and migration in glioblastoma: new therapeutic approach,1,1,1,0,1,0,0,0,0,0,0,0,0,0,0,0,1,1,0,1,1,1,0,1,1,0,0,0,0,0,0,0,0,0,0,0,0,0,0,0,0,0,0,0,0,0,0,0,0,ARTICLE,https://doi.org/10.3389/fonc.2013.00053,0,0,1,0,0,0,33.086002,10.402808,6.631208,1,1,2010–2013,0.6215857406902013,0.0,0.44973110722649834
137,2013,"RP Aguiar, L Silveira Jr, ET Falcao, MT Tavares Pacheco, RA Zângaro, CA Pasqualucci",Discriminating Neoplastic and Normal Brain Tissues in Vitro Through Raman Spectroscopy: A Principal Components Analysis Classification Model,1,0,0,0,0,1,1,0,0,1,0,0,0,0,0,1,1,0,0,0,0,0,0,0,0,0,0,0,0,0,0,0,0,0,0,0,1,0,1,0,0,0,0,0,0,0,0,0,0,ARTICLE,https://doi.org/10.1089/pho.2012.3460,0,0,1,0,0,0,31.825872,-7.698267,4.320622,2,2,2010–2013,0.2617659223854065,0.24513529509344778,0.047721570632892715
138,2014,"AG Johnpillai, FM Mahomed",Fundamental solution via invariant approach for a brain tumor model and its extensions,1,0,1,0,0,0,0,0,0,0,0,0,0,0,0,0,1,1,0,0,1,0,0,0,0,0,0,0,0,0,0,0,0,0,0,0,0,0,0,0,0,0,0,0,0,0,1,1,0,ARTICLE,https://doi.org/10.5560/zna.2014-0064,0,0,0,1,0,0,33.69653,8.635748,7.281,1,1,2014–2017,0.31194780178604425,0.0,0.1893984248794527
139,2014,"D Chen, AA Bobko, AC Gross, R Evans, CB Marsh, VV Khramtsov, TD Eubank, A Friedman","Involvement of tumor macrophage HIFs in chemotherapy effectiveness: mathematical modeling of oxygen, pH, and glutathione",1,1,1,0,1,0,0,0,0,0,0,0,0,0,0,0,1,1,1,0,1,1,0,1,1,1,1,1,0,1,1,0,0,0,0,0,1,1,1,1,0,1,0,0,1,1,0,0,0,ARTICLE,https://doi.org/10.1371/journal.pone.0107511,0,0,0,1,0,0,32.021008,9.206783,5.925392,3,3,2014–2017,0.6215857406902013,0.0,0.7024882389239331
140,2014,"E Lima, JT Oden, RC Almeida",A hybrid ten-species phase-field model of tumor growth,1,0,1,0,1,0,0,0,0,0,0,0,0,0,0,0,1,1,0,0,1,1,1,0,0,1,1,1,0,1,1,0,0,0,0,0,1,0,1,0,0,0,0,0,0,0,0,0,0,ARTICLE,https://doi.org/10.1142/S0218202514500304,0,0,0,1,0,0,32.885582,8.408686,7.2250834,3,4,2014–2017,0.4751945672597273,0.0,0.379785670430701
141,2014,"F Milde, G Tauriello, H Haberkern","SEM++: A particle model of cellular growth, signaling and migration",1,0,1,0,1,0,1,0,0,0,0,0,0,1,0,0,1,1,0,0,1,1,0,0,1,0,0,0,0,0,0,0,0,0,0,0,0,0,0,0,0,0,0,0,0,0,1,1,0,ARTICLE,https://doi.org/10.1007/s40571-014-0017-4,0,0,0,1,0,0,33.509438,8.934195,6.725599,1,3,2014–2017,0.4751945672597273,0.02632398099298523,0.28415471741622467
142,2014,"GJ Baker, V Nand Yadav, S Motsch, C Koschmann, A-A Calinescu, et al.","Mechanisms of glioma formation: iterative perivascular glioma growth and invasion leads to tumor progression, VEGF-independent vascularization, and resistance to antiangiogenic therapy",1,1,0,1,0,0,1,0,0,1,0,0,0,1,0,0,1,1,0,1,1,1,0,1,1,1,1,1,1,1,0,0,1,0,0,0,0,0,0,0,0,0,0,0,0,0,0,0,0,ARTICLE,https://doi.org/10.1016/j.neo.2014.06.003,0,0,0,1,0,0,31.849533,9.793108,7.246281,3,3,2014–2017,0.26303951035486617,0.1989286044651026,0.6193118404429777
143,2014,"H Enderling, M AJ Chaplain",Mathematical modeling of tumor growth and treatment,1,1,1,0,0,0,1,0,0,0,0,1,0,0,0,0,1,1,1,1,1,1,1,1,1,1,1,1,0,1,0,0,1,0,0,0,0,0,0,0,0,0,0,0,0,0,0,0,0,ARTICLE,https://doi.org/10.2174/1381612819666131125150434,0,0,0,1,0,0,32.472675,9.117162,5.48013,3,3,2014–2017,0.45833897521651823,0.17316926564294505,0.6792885400625852
144,2014,"JCL Alfonso, N Jagiella, L Núñez, MA Herrero, D Drasdo",Estimating dose painting effects in radiotherapy: a mathematical model,1,0,0,1,0,0,0,0,0,0,0,0,0,0,0,0,1,1,1,1,1,1,0,0,1,0,0,0,0,1,0,1,1,0,0,0,0,0,0,0,0,0,0,0,1,1,0,0,0,ARTICLE,https://doi.org/10.1371/journal.pone.0089380,0,0,0,1,0,0,31.947681,9.655872,7.7405963,4,4,2014–2017,0.1166483369243922,0.0,0.47995244413337773
145,2014,"K Leder, K Pitter, Q LaPlant, D Hambardzumyan, et al.",Mathematical modeling of PDGF-driven glioblastoma reveals optimized radiation dosing schedules,1,1,0,0,0,0,1,1,0,0,0,0,0,0,0,0,1,1,1,0,1,0,0,0,0,0,0,0,0,1,0,0,1,0,0,0,0,0,0,0,0,0,1,1,0,0,0,0,0,ARTICLE,https://doi.org/10.1016/j.cell.2013.12.029,0,0,0,1,0,0,32.191746,8.277587,8.679577,4,4,2014–2017,0.14639117343047398,0.3320495350452222,0.23551929608347716
146,2014,"M Badoual, C Gerin, C Deroulers, B Grammaticos, et al.",Oedema-based model for diffuse low-grade gliomas: application to clinical cases under radiotherapy,1,0,1,0,0,0,1,1,0,1,0,0,0,0,0,0,1,1,0,1,1,0,0,0,1,0,0,0,0,1,0,1,0,0,0,0,0,0,0,0,0,0,0,0,0,0,0,0,0,ARTICLE,https://doi.org/10.1111/cpr.12114,0,0,0,1,0,0,33.87119,9.920456,6.621803,1,1,2014–2017,0.31194780178604425,0.5046541585173396,0.35403704132808234
147,2014,"N Charteris, E Khain",Modeling chemotaxis of adhesive cells: stochastic lattice approach and continuum description,1,0,1,0,1,0,0,0,0,0,0,0,0,0,0,0,1,1,0,0,1,1,1,1,1,0,0,0,0,0,0,0,0,0,0,0,0,0,0,0,0,0,0,0,0,0,0,0,0,ARTICLE,https://doi.org/10.1088/1367-2630/16/2/025002,0,0,0,1,0,0,32.6063,9.1996565,6.4503655,3,3,2014–2017,0.4751945672597273,0.0,0.40004735054874796
148,2014,Saut et al.,A Multilayer Grow-or-Go Model for GBM: Effects of Invasive Cells and Anti-Angiogenesis on Growth,1,0,1,0,0,0,1,1,0,0,0,0,1,0,0,0,1,1,0,1,1,0,0,1,0,1,1,0,0,0,0,0,0,0,0,0,0,0,0,0,0,0,0,0,0,0,0,0,0,ARTICLE,https://doi.org/10.1007/s11538-014-0007-y,0,0,0,1,0,0,34.089146,9.335238,6.323493,1,3,2014–2017,0.31194780178604425,0.43898097655421636,0.42026403623959535
149,2014,"TA Schuetz, A Mang, S Becker, A Toma, Thorsten M Buzug",Identification of crucial parameters in a mathematical multiscale model of glioblastoma growth,1,0,1,1,1,0,1,0,0,0,0,1,0,0,0,0,1,0,0,0,0,1,0,0,1,0,0,0,0,1,0,0,1,0,1,1,0,0,0,0,0,0,0,0,1,1,0,0,0,ARTICLE,https://doi.org/10.1155/2014/437094,0,0,0,1,0,0,32.0605,8.566691,7.37564,3,4,2014–2017,0.5918429041841196,0.17316926564294505,0.18621984560671664
150,2014,"Unkelbach J, Menze BH, Konukoglu E, Dittmann F, Ayache N, Shih HA",Radiotherapy planning for glioblastoma based on a tumour growth model: implications for spatial dose redistribution,1,0,1,0,0,0,1,1,0,0,0,0,0,0,0,0,1,1,1,0,0,0,0,0,0,0,0,0,0,0,0,0,0,0,0,0,0,0,0,1,1,0,0,0,0,0,0,0,0,ARTICLE,https://doi.org/10.1088/0031-9155/59/3/771,0,0,0,1,0,0,33.843643,8.748466,7.6554236,1,1,2014–2017,0.31194780178604425,0.3320495350452222,0.05058746968029047
151,2014,JB Nikas,A mathematical model for short-term vs. long-term survival in patients with glioma,1,0,0,0,0,1,1,0,0,0,0,1,0,0,0,0,1,1,1,0,1,0,0,0,0,0,0,0,0,0,0,0,0,0,0,0,0,0,0,0,0,0,0,0,1,1,0,0,0,ARTICLE,https://pmc.ncbi.nlm.nih.gov/articles/PMC4266718/,0,0,0,1,0,0,31.490257,-6.939854,4.315417,2,2,2014–2017,0.2617659223854065,0.17316926564294505,0.2506655504051719
152,2015,"A Caiazzo, I Ramis-Conde",Multiscale modelling of palisade formation in gliobastoma multiforme,1,0,1,0,1,0,1,0,0,0,0,0,0,1,0,0,1,1,0,0,1,1,0,1,0,0,0,0,0,0,0,0,0,0,0,0,0,0,0,1,1,0,0,0,0,0,1,1,0,ARTICLE,https://doi.org/10.1016/j.jtbi.2015.07.021,0,0,0,1,0,0,33.717438,8.874591,6.7506847,1,1,2014–2017,0.4751945672597273,0.02632398099298523,0.3050292724655282
153,2015,"K Abernathy, J Burke",Modeling the Treatment of Glioblastoma Multiforme and Cancer Stem Cells with Ordinary Differential Equations,1,1,0,1,0,0,0,0,0,0,0,0,0,0,0,0,1,0,0,0,0,0,0,0,0,0,0,0,0,1,1,0,1,1,0,0,0,0,0,0,0,0,0,0,1,1,0,0,0,ARTICLE,https://doi.org/10.1155/2016/1239861,0,0,0,1,0,0,32.286777,8.74045,8.873695,4,4,2014–2017,0.26303951035486617,0.0,0.12449908991250686
154,2015,"C Engwer, T Hillen, M Knappitsch, C Surulescu",Glioma follow white matter tracts: a multiscale DTI-based model,1,0,1,0,1,0,1,1,1,1,0,1,0,0,0,0,1,1,0,0,1,1,1,1,1,1,1,0,0,0,0,0,0,0,0,0,0,0,0,0,0,0,0,0,1,1,1,1,0,ARTICLE,https://doi.org/10.1007/s00285-014-0822-7,0,0,0,1,0,0,33.67555,8.735656,5.468404,1,3,2014–2017,0.4751945672597273,0.784590788853696,0.5562925917496936
155,2015,E Özuğurlu,A note on the numerical approach for the reactiondiffusion problem to model the density of the tumor growth dynamics,1,0,1,0,0,0,0,0,0,0,0,0,0,0,0,0,1,1,0,1,1,1,0,1,1,0,0,0,0,0,0,0,0,0,0,0,1,0,1,0,0,0,0,0,1,1,0,0,0,ARTICLE,https://doi.org/10.1016/j.camwa.2015.04.018,0,0,0,1,0,0,33.178566,9.799549,6.5524874,1,3,2014–2017,0.31194780178604425,0.0,0.554032436179061
156,2015,"H Hatzikirou, J C L Alfonso, S Mühle, C Stern, S Weiss, M Meyer-Hermann",Cancer therapeutic potential of combinatorial immuno-and vasomodulatory interventions,1,1,0,0,0,0,1,0,0,1,0,0,0,0,0,0,1,1,0,1,1,0,0,0,0,1,1,1,0,0,0,0,0,0,0,0,0,0,0,0,0,0,0,0,1,1,0,0,0,ARTICLE,https://doi.org/10.1098/rsif.2015.0439,0,0,0,1,0,0,31.746572,8.383544,9.012187,4,4,2014–2017,0.14639117343047398,0.17260462347211739,0.42150746689592733
157,2015,"K Böttger, H Hatzikirou, A Voss-Böhme, E Ada Cavalcanti-Adam, MA Herrero, A Deutsch",An emerging allee effect is critical for tumor initiation and persistence,1,0,1,0,0,0,0,0,0,0,0,0,0,0,0,0,1,1,1,1,1,1,0,1,1,1,0,0,0,0,0,0,0,0,0,0,0,0,0,1,0,1,1,1,0,0,0,0,0,ARTICLE,https://doi.org/10.1371/journal.pcbi.1004366,0,0,0,1,0,0,32.94977,9.9511175,6.712247,3,3,2014–2017,0.31194780178604425,0.0,0.5586806388552067
158,2015,"M Carletti, M Montani, V Meschini, M Bianchi",Stochastic modelling of PTEN regulation in brain tumors: A model for glioblastoma multiforme,1,1,0,1,0,0,1,1,0,0,0,0,0,0,0,0,1,0,0,0,0,0,0,0,0,0,0,0,0,1,0,0,0,1,0,0,0,0,0,0,0,0,0,0,0,0,0,0,0,ARTICLE,https://doi.org/10.3934/mbe.2015.12.965,0,0,0,1,0,0,32.643337,8.363962,8.748183,4,4,2014–2017,0.26303951035486617,0.3320495350452222,0.020827167745366543
159,2015,"M Sturrock, W Hao, J Schwartzbaum",A mathematical model of pre-diagnostic glioma growth,1,1,0,0,0,0,1,1,0,0,0,0,0,0,0,0,1,1,0,1,0,0,0,0,0,1,1,0,0,1,1,0,1,0,0,0,0,0,0,0,0,0,0,0,1,1,0,0,0,ARTICLE,https://doi.org/10.1016/j.jtbi.2015.06.003,0,0,0,1,0,0,32.197495,8.674006,9.038737,4,4,2014–2017,0.14639117343047398,0.3320495350452222,0.2648067884154486
160,2015,"MC Colombo, C Giverso, E Faggiano, C Boffano",Towards the personalized treatment of glioblastoma: integrating patient-specific clinical data in a continuous mechanical model,1,0,1,0,0,0,1,1,1,0,0,0,1,0,0,0,1,1,0,0,1,1,1,1,1,1,1,1,0,1,1,0,1,0,0,0,0,0,0,1,0,1,0,0,1,1,1,1,0,ARTICLE,https://doi.org/10.1371/journal.pone.0132887,0,0,0,1,0,0,33.409767,8.85315,5.4607844,1,3,2014–2017,0.31194780178604425,0.5457483412476277,0.710879849418514
161,2015,"ST Johnston, MJ Simpson, RE Baker",Modelling the movement of interacting cell populations: a moment dynamics approach,1,1,1,1,0,0,0,0,0,0,0,0,0,0,0,0,1,1,0,0,1,1,0,1,0,0,0,0,0,0,0,0,0,0,0,0,0,0,0,0,0,0,0,0,0,0,0,0,0,ARTICLE,https://doi.org/10.1016/j.jtbi.2015.01.025,0,0,0,1,0,0,33.4457,8.931505,7.104409,1,1,2014–2017,0.5749873121409105,0.0,0.2591291699912871
162,2015,"T Buder, A Deutsch, B Klink, A Voss-Böhme",Model-based evaluation of spontaneous tumor regression in pilocytic astrocytoma,1,0,0,1,0,0,1,1,0,0,0,0,0,0,0,0,1,1,0,1,1,0,0,0,0,0,0,0,0,0,0,0,0,0,0,0,0,0,0,0,0,0,0,0,0,0,0,0,0,ARTICLE,https://doi.org/10.1371/journal.pcbi.1004662,0,0,0,1,0,0,32.306084,9.50674,7.784366,4,4,2014–2017,0.1166483369243922,0.3320495350452222,0.25086780824648514
163,2015,"T Galochkina, A Bratus, VM Prez-Garca",Optimal radiation fractionation for low-grade gliomas: Insights from a mathematical model,1,1,1,0,0,0,1,1,0,0,0,0,0,0,0,0,1,1,0,0,1,0,0,0,0,0,0,0,0,1,0,1,0,0,0,0,0,0,0,1,0,1,0,0,0,0,0,0,0,ARTICLE,https://doi.org/10.1016/j.mbs.2015.05.006,0,0,0,1,0,0,33.160492,8.672382,8.005803,1,1,2014–2017,0.45833897521651823,0.3320495350452222,0.22215951913431767
164,2015,"XL Li, WO Oduola, L Qian",Mathematical modeling reveals a critical role for cyclin D1 dynamics in phenotype switching during glioma differentiation,1,1,0,1,0,0,1,1,0,0,0,1,0,0,0,0,1,1,1,0,1,0,0,0,0,1,1,0,0,1,0,0,1,0,0,0,0,0,0,0,0,0,0,0,0,0,0,0,0,ARTICLE,https://doi.org/10.1016/j.febslet.2015.07.014,0,0,0,1,0,0,32.2147,8.201758,8.570572,4,4,2014–2017,0.26303951035486617,0.5052188006881673,0.2896470295835405
165,2015,"Y Kim, G Powathil, H Kang, D Trucu, H Kim, S Lawler",Strategies of eradicating glioma cells: A multi-scale mathematical model with miR-451-AMPK-mTOR control,1,1,1,0,1,0,1,1,0,1,0,0,0,0,0,0,1,1,1,1,1,1,1,1,1,1,0,1,1,1,0,0,0,1,0,0,1,1,1,1,0,1,0,0,0,0,1,1,1,ARTICLE,https://doi.org/10.1371/journal.pone.0114370,0,0,0,1,0,0,32.434372,9.605118,5.811517,3,3,2014–2017,0.6215857406902013,0.5046541585173396,0.7953288077434201
166,2015,"YY Victoria, D Nguyen, F Pajonk, P Kupelian",Incorporating cancer stem cells in radiation therapy treatment response modeling and the implication in glioblastoma multiforme treatment resistance,1,1,0,0,0,0,1,1,0,0,0,0,0,0,0,0,1,1,1,0,1,0,0,0,0,1,0,1,0,1,0,0,1,0,0,0,0,0,0,0,0,0,0,0,1,1,0,0,0,ARTICLE,https://doi.org/10.1016/j.ijrobp.2014.12.004,0,0,0,1,0,0,32.09756,8.251261,8.710958,4,4,2014–2017,0.14639117343047398,0.3320495350452222,0.3297082451332447
167,2015,"KE Emblem, MC Pinho, FG Zllner, P Due-Tonnessen",A generic support vector machine model for preoperative glioma survival associations,1,0,0,0,0,1,1,0,0,1,0,0,0,0,0,0,1,1,0,0,1,0,0,0,0,0,0,0,0,0,0,0,0,0,0,0,0,0,0,0,0,0,0,0,0,0,0,0,0,ARTICLE,https://doi.org/10.1148/radiol.14140770,0,0,0,1,0,0,30.86305,-7.0579934,4.1565275,2,2,2014–2017,0.2617659223854065,0.17260462347211739,0.1550221635480459
168,2015,"VG Kanas, EI Zacharaki, C Davatzikos",A low cost approach for brain tumor segmentation based on intensity modeling and 3D Random Walker,1,0,0,0,0,1,1,0,0,1,0,0,0,0,0,0,1,0,0,0,0,0,0,0,0,1,0,0,1,0,0,0,0,0,0,0,0,0,0,0,0,0,0,0,1,1,0,0,0,ARTICLE,https://doi.org/10.1016/j.bspc.2015.06.004,0,0,0,1,0,0,30.758665,-7.5331287,4.3410263,2,2,2014–2017,0.2617659223854065,0.17260462347211739,0.08182857525820741
169,2016,"A Gholami, A Mang, G Biros",An inverse problem formulation for parameter estimation of a reactiondiffusion model of low grade gliomas,1,0,1,0,0,0,1,0,1,0,0,0,0,0,0,0,1,1,0,0,1,1,1,1,1,1,1,0,0,0,0,0,0,0,0,0,0,0,0,0,0,0,0,0,0,0,1,1,0,ARTICLE,https://doi.org/10.1007/s00285-015-0888-x,0,0,0,1,0,0,33.637646,8.676182,5.6491265,1,3,2014–2017,0.31194780178604425,0.10676736469341137,0.49971283343002376
170,2016,"A Hawkins-Daarud, K Swanson",Precision medicine in the clinic: Personalizing a model of glioblastoma through parameterization,1,0,1,0,0,0,1,0,0,1,0,0,0,0,0,0,1,1,0,0,1,1,0,1,0,0,0,0,0,0,0,0,0,0,0,0,0,0,0,0,0,0,0,0,0,0,0,0,0,ARTICLE,https://doi.org/10.1101/037424,0,0,0,1,0,0,33.742737,8.994113,7.108086,1,1,2014–2017,0.31194780178604425,0.17260462347211739,0.2591291699912871
171,2016,"A Zhigun, C Surulescu, A Hunt",Global existence for a degenerate haptotaxis model of tumor invasion under the go-or-grow dichotomy hypothesis,1,1,1,0,0,0,0,0,0,0,0,0,0,0,0,0,1,1,0,0,1,1,1,1,1,0,0,0,0,0,0,0,0,0,0,0,0,0,0,0,0,0,0,0,0,0,0,0,0,ARTICLE,https://doi.org/10.48550/arXiv.1605.09226,0,0,0,1,0,0,33.017567,9.29437,6.6134853,3,3,2014–2017,0.45833897521651823,0.0,0.40004735054874796
172,2016,"A I Reppas, J C L Alfonso, H Hatzikirou",In silico tumor control induced via alternating immunostimulating and immunosuppressive phases,1,1,0,0,0,0,1,0,0,1,0,0,0,0,0,0,1,1,0,1,1,0,0,0,0,1,0,1,0,0,0,0,0,0,0,0,0,0,0,0,0,0,0,0,1,1,0,0,0,ARTICLE,https://doi.org/10.1080/21505594.2015.1076614,0,0,0,1,0,0,31.795801,8.532682,9.068483,4,4,2014–2017,0.14639117343047398,0.17260462347211739,0.35621824534605834
173,2016,"D Mantzavinos, MG Papadomanolaki",Fokas transform method for a brain tumor invasion model with heterogeneous diffusion in 1+ 1 dimensions,1,0,1,0,0,0,0,0,0,0,0,0,0,0,0,0,1,1,0,1,1,1,0,1,1,0,0,0,0,0,0,0,0,0,0,0,0,0,0,0,0,0,0,0,0,0,0,0,0,ARTICLE,https://doi.org/10.1016/j.apnum.2014.09.006,0,0,0,1,0,0,33.204826,10.123207,6.6832767,1,1,2014–2017,0.31194780178604425,0.0,0.44973110722649834
174,2016,"F Ziebert, J Lber, IS Aranson",Macroscopic model of substrate-based cell motility,1,0,1,0,0,0,0,0,0,0,0,0,0,0,0,0,1,1,0,0,1,0,0,0,0,0,0,0,0,0,0,0,0,0,0,0,0,0,0,0,0,0,0,0,0,0,0,0,0,ARTICLE,https://doi.org/10.1007/978-3-319-24448-8_1,0,0,0,1,0,0,33.51472,8.798838,7.4614334,1,1,2014–2017,0.31194780178604425,0.0,0.1550221635480459
175,2016,"GG Powathil, AJ Munro, MAJ Chaplain",Bystander effects and their implications for clinical radiation therapy: Insights from multiscale in silico experiments,1,1,1,1,1,0,0,0,0,0,0,0,0,0,0,0,1,0,0,0,0,0,0,0,0,0,0,0,0,1,1,0,0,0,0,0,0,0,0,0,0,0,0,0,0,0,0,0,0,ARTICLE,https://doi.org/10.1016/j.jtbi.2016.04.010,0,0,0,1,0,0,33.08741,8.567264,7.920114,1,1,2014–2017,0.7382340776145936,0.0,0.016820147899301075
176,2016,"Giovanni Borasi, Alan Nahum",Modelling the radiotherapy effect in the reaction-diffusion equation,1,0,1,0,0,0,0,0,0,0,0,0,0,0,0,0,0,0,0,0,0,0,0,0,0,0,0,0,0,0,0,0,0,0,0,0,0,0,0,0,0,0,0,0,0,0,0,0,0,ARTICLE,https://doi.org/10.1016/j.ejmp.2016.08.020,0,0,0,1,0,0,33.666153,8.570438,7.6867414,1,1,2014–2017,0.31194780178604425,0.0,0.0
177,2016,"H Garcke, KF Lam, E Sitka, V Styles",A Cahn-Hilliard-Darcy model for tumour growth with chemotaxis and active transport,1,0,1,0,0,0,0,0,0,0,0,0,0,0,0,0,1,1,0,0,1,1,1,0,0,0,0,0,0,0,0,0,0,0,0,0,0,0,0,0,0,0,0,0,0,0,0,0,0,ARTICLE,https://doi.org/10.48550/arXiv.1508.00437,0,0,0,1,0,0,33.38461,8.656928,7.620993,1,1,2014–2017,0.31194780178604425,0.0,0.20118405156873478
178,2016,"J Ortiz-Pla, E Fuster-Garcia, J Juan-Albarracin",GBM Modeling with Proliferation and Migration Phenotypes: A Proposal of Initialization for Real Cases,1,0,1,0,0,0,0,0,0,0,0,0,0,0,0,0,1,1,0,0,1,1,1,1,1,1,1,0,0,0,0,0,0,0,0,0,0,0,0,1,0,1,0,0,0,0,0,0,0,ARTICLE,https://doi.org/10.1007/978-3-319-46630-9_7,0,0,0,1,0,0,32.70486,9.153278,5.8669243,3,3,2014–2017,0.31194780178604425,0.0,0.5240609871400634
179,2016,"JG Scott, AG Fletcher, ARA Anderson",Spatial metrics of tumour vascular organisation predict radiation efficacy in a computational model,1,0,1,1,1,0,1,0,0,1,0,0,0,0,0,0,1,1,1,1,1,0,0,0,0,1,1,1,0,1,1,1,0,0,0,0,1,1,1,1,0,1,0,0,0,0,0,0,0,ARTICLE,https://doi.org/10.1371/journal.pcbi.1004712,0,0,0,1,0,0,32.36865,8.572982,7.109104,3,4,2014–2017,0.5918429041841196,0.17260462347211739,0.5513037668675144
180,2016,"M Elita, S Zeinali",Modeling and simulation of EGF-CSF-1 pathway to investigate glioma-macrophage interaction in brain tumors,1,0,1,0,0,0,1,1,0,0,0,1,0,0,0,0,1,1,0,0,1,1,1,1,1,1,1,0,1,1,0,0,1,0,0,0,0,0,0,1,0,1,0,0,1,1,0,0,0,ARTICLE,http://dx.doi.org/10.19070/2167-9118-SI05001,0,0,0,1,0,0,33.098118,9.041355,5.6091337,3,3,2014–2017,0.31194780178604425,0.5052188006881673,0.6361615783464404
181,2016,"M L, H Delingette, J Kalpathy-Cramer",MRI based Bayesian personalization of a tumor growth model,1,0,1,0,0,0,1,0,1,0,0,0,0,0,0,0,1,1,0,0,1,1,0,1,0,1,1,0,0,0,0,0,0,0,0,0,0,0,0,0,0,0,0,0,0,0,1,1,0,ARTICLE,https://doi.org/10.1109/tmi.2016.2561098,0,0,0,1,0,0,33.993813,8.68971,5.9268136,1,3,2014–2017,0.31194780178604425,0.10676736469341137,0.3587946528725629
182,2016,"P Mascheroni, et al.",Predicting the growth of glioblastoma multiforme spheroids using a multiphase porous media model,1,0,1,0,0,0,1,0,0,0,0,0,0,1,0,1,1,1,0,1,0,0,0,0,0,0,0,0,0,0,0,0,0,0,0,0,0,0,1,1,0,1,0,0,0,0,1,1,0,ARTICLE,https://doi.org/10.1007/s10237-015-0755-0,0,0,0,1,0,0,33.606037,8.377297,7.6640754,1,1,2014–2017,0.31194780178604425,0.09885465261431564,0.23666789170418523
183,2016,"V Lopez de Rioja, N Isern, J Fort",A mathematical approach to virus therapy of glioblastomas,1,0,1,0,0,0,0,0,0,0,0,0,0,0,0,1,1,1,0,1,1,0,0,0,1,0,0,0,0,0,0,0,0,1,0,0,0,0,0,0,0,0,0,0,0,0,0,0,0,ARTICLE,https://doi.org/10.1186/s13062-015-0100-7,0,0,0,1,0,0,33.18011,9.873608,6.980339,1,1,2014–2017,0.31194780178604425,0.07253067162133041,0.36645126852862364
184,2016,"Y Cai, J Wu, Z Li, Q Long","Mathematical modelling of a brain tumour initiation and early development: a coupled model of glioblastoma growth, pre-existing vessel co-option",1,0,1,1,1,0,1,0,0,1,0,0,0,0,0,0,1,1,0,0,1,1,1,1,1,1,1,1,0,1,1,0,0,0,0,0,0,0,0,1,1,1,0,0,0,0,0,0,0,ARTICLE,https://doi.org/10.1371/journal.pone.0150296,0,0,0,1,0,0,32.304893,9.053213,5.8890038,3,3,2014–2017,0.5918429041841196,0.17260462347211739,0.6011756549621022
185,2016,"Y Kim, H Jeon, H Othmer",The role of the tumor microenvironment in glioblastoma: A mathematical model,1,0,1,0,0,0,1,0,0,1,0,0,0,0,0,1,1,1,0,1,1,1,1,1,1,0,0,0,0,1,0,0,0,1,0,0,0,0,0,1,0,1,0,0,1,1,0,0,0,ARTICLE,https://doi.org/10.1109/tbme.2016.2637828,0,0,0,1,0,0,32.86783,9.86444,6.1299353,3,3,2014–2017,0.31194780178604425,0.24513529509344778,0.6320243363536702
186,2016,"Y Watanabe, EL Dahlman, KZ Leder, SK Hui",A mathematical model of tumor growth and its response to single irradiation,1,1,0,0,0,0,1,1,0,1,0,1,0,0,0,0,1,1,1,1,1,0,0,0,0,1,1,1,1,1,0,0,1,0,0,0,0,0,0,0,0,0,0,0,0,0,0,0,0,ARTICLE,https://doi.org/10.1186/s12976-016-0032-7,0,0,0,1,0,0,32.05055,8.128932,8.68556,4,4,2014–2017,0.14639117343047398,0.6778234241602847,0.45951217000042066
187,2016,B Yener,Cell-graphs: image-driven modeling of structure-function relationship,1,0,0,0,0,1,1,0,0,1,0,0,0,0,0,0,1,1,0,0,1,0,0,0,0,0,0,0,0,0,0,0,0,0,0,0,0,0,0,0,0,0,0,0,0,0,0,0,0,ARTICLE,https://doi.org/10.1145/2960404,0,0,0,1,0,0,30.825947,-7.010965,4.2269015,2,2,2014–2017,0.2617659223854065,0.17260462347211739,0.1550221635480459
188,2017,"A Bratus, I Samokhin, I Yegorov, D Yurchenko",Maximization of viability time in a mathematical model of cancer therapy,1,0,1,0,0,0,0,0,0,0,0,0,0,0,0,0,1,1,1,1,0,1,0,0,0,0,0,0,0,0,0,0,0,0,0,0,0,0,0,0,0,0,0,0,1,1,0,0,0,ARTICLE,https://doi.org/10.1016/j.mbs.2017.10.011,0,0,0,1,0,0,33.57325,8.99186,7.984286,1,1,2014–2017,0.31194780178604425,0.0,0.19148903155556524
189,2017,"A Elazab, H Bai, YM Abdulazeem, T Abdelhamid, et al.",Post-surgery glioma growth modeling from magnetic resonance images for patients with treatment,1,0,1,0,0,0,1,1,1,0,0,0,0,0,0,0,1,1,1,1,1,1,0,1,1,1,0,0,1,0,0,0,0,0,0,0,0,0,0,0,0,0,0,0,0,0,1,1,0,ARTICLE,https://doi.org/10.1038/s41598-017-01189-2,0,0,0,1,0,0,34.358624,8.910593,5.828843,1,3,2014–2017,0.31194780178604425,0.4388168997386336,0.5484198140338988
190,2017,"A Hunt, C Surulescu",A multiscale modeling approach to glioma invasion with therapy,1,0,1,0,0,0,1,1,1,1,0,1,1,0,0,0,1,1,1,1,1,1,1,1,1,1,1,0,0,1,0,0,1,0,0,0,0,0,0,1,0,1,0,0,0,0,0,0,0,ARTICLE,https://d-nb.info/1069938726/34,0,0,0,1,0,0,33.03877,9.079089,5.397973,3,3,2014–2017,0.31194780178604425,0.8915222303626902,0.6892422763241284
191,2017,"A Hussain, MS Muthuvalu, I Faye, et al.",Numerical simulation of brain tumor growth model using two-stage Gauss-Seidel method,1,0,1,0,0,0,0,0,0,0,0,0,0,0,0,0,1,1,0,1,1,0,0,0,0,0,0,0,0,0,0,0,0,0,0,0,0,0,0,0,0,0,0,0,0,0,0,0,0,ARTICLE,https://doi.org/10.1016/j.compbiomed.2022.106429,0,0,0,1,0,0,33.40764,9.038041,7.656714,1,1,2014–2017,0.31194780178604425,0.0,0.25086780824648514
192,2017,"A Jalalimanesh, HS Haghighi, A Ahmadi",Simulation-based optimization of radiotherapy: Agent-based modeling and reinforcement learning,1,0,1,1,1,0,0,0,0,0,0,0,0,0,0,0,1,1,1,0,1,1,0,1,1,1,1,0,0,1,1,0,1,0,0,0,0,0,0,0,0,0,0,0,1,1,0,0,0,ARTICLE,https://doi.org/10.1016/j.matcom.2016.05.008,0,0,0,1,0,0,31.847202,9.530294,6.3140073,3,3,2014–2017,0.5918429041841196,0.0,0.5619102347825247
193,2017,"A Timalsina, JP Tian, J Wang",Mathematical and computational modeling for tumor virotherapy with mediated immunity,1,0,1,0,0,0,0,0,0,0,0,0,0,0,0,0,1,1,0,1,1,0,0,0,0,1,1,0,0,0,0,0,0,0,0,0,0,0,0,0,0,0,0,0,1,1,0,0,0,ARTICLE,https://doi.org/10.1007/s11538-017-0304-3,0,0,0,1,0,0,33.459946,9.048275,7.7225657,1,1,2014–2017,0.31194780178604425,0.0,0.37273678811602395
194,2017,"D Ambrosi, P Ciarletta, E Danesi, C Falco",A multiscale modeling approach to transport of nano-constructs in biological tissues,1,0,1,0,1,0,0,0,0,0,0,0,0,0,0,0,1,0,0,0,0,0,0,0,0,1,0,1,0,0,0,0,0,0,0,0,1,0,1,1,0,1,0,0,0,0,1,1,0,ARTICLE,https://doi.org/10.1007/978-3-319-73371-5_6,0,0,0,1,0,0,33.429768,8.208788,7.5173993,1,1,2014–2017,0.4751945672597273,0.0,0.18959292578564937
195,2017,"D Reher, B Klink, A Deutsch, A Voss-Bhme",Cell adhesion heterogeneity reinforces tumour cell dissemination: novel insights from a mathematical model,1,1,0,1,1,0,1,0,1,0,0,0,0,0,0,0,1,1,0,0,1,1,0,1,1,0,0,0,0,1,1,0,1,1,0,0,0,0,0,0,0,0,0,0,0,0,0,0,0,ARTICLE,https://doi.org/10.1186/s13062-017-0188-z,0,0,0,1,0,0,31.906584,9.848545,7.002313,3,3,2014–2017,0.4262862758285493,0.10676736469341137,0.4218047941208961
196,2017,"E Ollier, P Mazzocco, D Ricard",Analysis of temozolomide resistance in lowgrade gliomas using a mechanistic mathematical model,1,1,0,0,0,0,1,1,0,0,0,0,0,0,0,0,1,1,1,1,1,0,0,0,0,0,0,0,0,1,0,0,1,0,0,0,0,0,0,0,0,0,0,0,0,0,0,0,0,ARTICLE,https://doi.org/10.1111/fcp.12259,0,0,0,1,0,0,32.089024,8.282777,8.7293,4,4,2014–2017,0.14639117343047398,0.3320495350452222,0.3202034527321107
197,2017,"E Scribner, HM Fathallah-Shaykh",Single cell mathematical model successfully replicates key features of GBM: go-or-grow is not necessary,1,0,1,0,0,0,1,1,0,0,0,1,0,0,0,0,1,1,0,0,1,1,0,1,1,1,1,0,1,0,0,0,0,0,0,0,0,0,0,0,0,0,0,0,0,0,0,0,0,ARTICLE,https://doi.org/10.1371/journal.pone.0169434,0,0,0,1,0,0,33.728527,9.418301,6.5691338,1,3,2014–2017,0.31194780178604425,0.5052188006881673,0.44442350101646566
198,2017,"EM Rutter, TL Stepien, BJ Anderies, JD Plasencia",Mathematical analysis of glioma growth in a murine model,1,0,1,0,0,0,1,1,1,0,0,0,1,0,0,1,1,1,1,1,1,1,0,1,1,1,1,1,1,1,1,0,0,0,0,0,0,0,0,0,0,0,0,0,1,1,1,1,0,ARTICLE,https://doi.org/10.1038/s41598-017-02462-0,0,0,0,1,0,0,34.155872,9.0756235,5.6835775,1,3,2014–2017,0.31194780178604425,0.6182790128689581,0.7358796205826422
199,2017,"F Ansarizadeh, M Singh, D Richards",Modelling of tumor cells regression in response to chemotherapeutic treatment,1,0,1,0,0,0,1,0,0,0,0,1,0,0,0,0,1,0,0,0,0,0,0,0,0,0,0,0,0,0,0,0,0,0,0,0,0,0,0,0,0,0,0,0,0,0,1,1,0,ARTICLE,https://doi.org/10.1016/j.apm.2017.03.045,0,0,0,1,0,0,33.75493,8.598639,7.4746737,1,1,2014–2017,0.31194780178604425,0.17316926564294505,0.03437626133140679
200,2017,"F Pourhasanzade, SH Sabzpoushan",An agent-based model of avascular tumor growth: Immune response tendency to prevent cancer development,1,0,0,1,1,0,0,0,0,0,0,0,0,0,0,0,1,1,0,0,1,0,0,0,0,1,0,1,0,0,0,0,0,0,0,0,1,0,1,1,0,1,0,0,1,1,0,0,0,ARTICLE,https://doi.org/10.1177/0037549717699072,0,0,0,1,0,0,32.375626,8.489613,7.2925816,3,4,2014–2017,0.2798951023980753,0.0,0.3668185863219583
201,2017,"H Yan, M Romero-Lpez, LI Benitez, K Di, HB Frieboes",3D mathematical modeling of glioblastoma suggests that transdifferentiated vascular endothelial cells mediate resistance to current standard-of-care therapy,1,0,1,0,0,0,1,0,1,1,0,0,0,0,0,0,1,1,1,0,1,1,0,1,1,1,1,1,1,1,0,0,1,0,0,0,0,0,0,1,0,1,0,0,0,0,0,0,0,ARTICLE,https://doi.org/10.1158/0008-5472.CAN-16-3094,0,0,0,1,0,0,32.843834,8.833221,5.5867615,3,3,2014–2017,0.31194780178604425,0.2793719881655288,0.6212542393234411
202,2017,"I Hidrovo, J Dey, ME Chesal, D Shumilov",Experimental method and statistical analysis to fit tumor growth model using SPECT/CT imaging: a preclinical study,1,1,0,0,0,0,1,1,0,0,0,0,1,0,0,1,1,1,0,1,1,0,0,0,0,0,0,0,0,0,0,0,0,0,0,0,0,0,0,0,0,0,0,0,0,0,0,0,0,ARTICLE,https://doi.org/10.21037/qims.2017.06.05,0,0,0,1,0,0,32.18469,8.438677,8.905211,4,4,2014–2017,0.14639117343047398,0.5115116481755467,0.25086780824648514
203,2017,"J Caccavale, D Fiumara, M Stapf, L Sweitzer",A simple and accurate rule-based modeling framework for simulation of autocrine/paracrine stimulation of glioblastoma cell motility and proliferation by,1,0,0,1,0,0,1,0,0,0,0,1,0,0,0,1,1,1,1,0,1,1,1,1,1,0,0,0,0,0,0,0,0,0,0,0,0,0,0,0,0,0,0,0,0,0,0,0,0,ARTICLE,https://doi.org/10.1186/s12918-017-0516-z,0,0,0,1,0,0,31.91091,9.796122,6.9111066,3,3,2014–2017,0.1166483369243922,0.24569993726427547,0.43911097908620417
204,2017,"K Kaouri, PK Maini, SJ Chapman",Mathematical modelling of calcium signalling taking into account mechanical effects,1,1,0,0,0,0,0,0,0,0,0,0,0,0,0,0,1,1,0,0,1,0,0,0,0,0,0,0,0,0,0,0,0,0,0,0,0,0,0,0,0,0,0,0,0,0,0,0,0,ARTICLE,https://doi.org/10.48550/arXiv.1703.00540,0,0,0,1,0,0,32.414467,8.584187,8.558116,4,4,2014–2017,0.14639117343047398,0.0,0.1550221635480459
205,2017,"K Talkenberger, EA Cavalcanti-Adam, A Voss-Böhme, A Deutsch",Amoeboid-mesenchymal migration plasticity promotes invasion only in complex heterogeneous microenvironments,1,0,0,1,0,0,0,0,0,0,0,0,0,0,0,0,1,0,0,0,0,1,1,1,1,0,0,0,0,1,0,1,0,0,0,0,0,0,1,1,0,0,1,1,0,0,0,0,0,ARTICLE,https://doi.org/10.1038/s41598-017-09300-3,0,0,0,1,0,0,32.275406,10.007347,7.2051754,3,3,2014–2017,0.1166483369243922,0.0,0.3123211862282257
206,2017,"L Pei, SMS Reza, W Li, C Davatzikos",Improved brain tumor segmentation by utilizing tumor growth model in longitudinal brain MRI,1,0,1,0,0,1,0,0,0,0,0,0,0,0,0,0,1,1,0,0,1,1,0,1,0,0,0,0,0,0,0,0,0,0,0,0,0,0,0,0,0,0,0,0,0,0,1,1,0,ARTICLE,https://doi.org/10.1117/12.2254034,0,0,0,1,0,0,34.13732,8.746672,6.3750415,1,3,2014–2017,0.5737137241714507,0.0,0.2935054313226939
207,2017,"L Peng, D Trucu, P Lin, A Thompson",A multiscale mathematical model of tumour invasive growth,1,0,1,0,1,0,0,0,0,0,0,0,0,0,0,0,1,1,0,0,1,1,1,0,1,0,0,0,0,0,0,0,0,0,0,0,0,0,0,0,0,0,0,0,0,0,0,0,0,ARTICLE,https://doi.org/10.1007/s11538-016-0237-2,0,0,0,1,0,0,32.62476,8.990984,6.6352806,3,4,2014–2017,0.4751945672597273,0.0,0.29594034410550674
208,2017,"ME Oraiopoulou, E Tzamali, G Tzedakis",In Vitro/In Silico Study on the Role of Doubling Time Heterogeneity among Primary Glioblastoma Cell Lines,1,0,1,1,0,0,1,1,0,1,0,1,0,0,0,1,1,1,1,1,1,1,0,1,0,1,1,0,0,1,0,0,1,0,0,0,0,0,0,0,0,0,0,0,0,0,0,0,0,ARTICLE,https://doi.org/10.1155/2017/8569328,0,0,0,1,0,0,32.170666,9.710208,7.595882,4,4,2014–2017,0.42859613871043645,0.7503540957816152,0.4895996807252209
209,2017,"MI Titze, J Frank, M Ehrhardt, S Smola, N Graf",A generic viral dynamic model to systematically characterize the interaction between oncolytic virus kinetics and tumor growth,1,1,0,0,0,0,0,0,0,0,0,0,0,0,0,1,1,1,0,1,1,0,0,0,0,0,0,0,0,0,0,0,0,0,0,0,0,0,0,0,0,0,0,0,1,1,0,0,0,ARTICLE,https://doi.org/10.1016/j.ejps.2016.11.003,0,0,0,1,0,0,31.921623,8.734828,9.083332,4,4,2014–2017,0.14639117343047398,0.07253067162133041,0.30744756656615496
210,2017,"MM Rahman, Y Feng, TE Yankeelov",A fully coupled spacetime multiscale modeling framework for predicting tumor growth,1,1,1,1,1,0,1,1,0,0,0,1,0,0,0,1,1,1,0,1,1,0,0,0,0,0,0,0,0,1,0,0,1,0,0,0,1,0,1,0,0,0,0,0,0,0,1,1,1,ARTICLE,https://doi.org/10.1016/j.cma.2017.03.021,0,0,0,1,0,0,32.71472,7.939691,7.8219094,4,4,2014–2017,0.7382340776145936,0.5777494723094977,0.3723075740128421
211,2017,"MU Bogdaska, M Bodnar, J Belmonte-Beitia",A mathematical model of low grade gliomas treated with temozolomide and its therapeutical implications,1,1,0,0,0,0,1,1,0,1,0,0,0,0,0,0,1,1,0,1,1,0,0,0,0,1,0,0,1,1,0,0,1,0,0,0,1,0,1,0,0,0,0,0,0,0,0,0,0,ARTICLE,https://doi.org/10.1016/j.mbs.2017.02.003,0,0,0,1,0,0,32.139442,8.247709,8.724888,4,4,2014–2017,0.14639117343047398,0.5046541585173396,0.35411021176608487
212,2017,"MU Bogdaska, M Bodnar, MJ Piotrowska, M Murek",A mathematical model describes the malignant transformation of low grade gliomas: Prognostic implications,1,0,1,0,0,0,1,1,0,1,0,0,0,0,0,0,1,1,0,0,1,0,0,0,0,1,1,1,0,0,0,0,0,0,0,0,0,0,0,1,0,1,0,0,0,0,0,0,0,ARTICLE,https://doi.org/10.1371/journal.pone.0179999,0,0,0,1,0,0,33.21345,8.175361,6.9988008,1,4,2014–2017,0.31194780178604425,0.5046541585173396,0.3278064789192648
213,2017,"N Meghdadi, H Niroomand-Oscuii, M Soltani",Brain tumor growth simulation: model validation through uncertainty quantification,1,0,1,0,0,0,0,0,0,0,0,0,0,0,0,0,1,1,0,0,1,1,0,1,1,0,0,0,0,0,0,0,0,0,0,0,0,0,0,0,0,0,0,0,0,0,1,1,0,ARTICLE,https://doi.org/10.1007/s13198-017-0577-9,0,0,0,1,0,0,33.804996,8.891875,6.344232,1,3,2014–2017,0.31194780178604425,0.0,0.3882617238594659
214,2017,Patel and Hathout,Image-driven modeling of the proliferation and necrosis of glioblastoma multiforme,1,0,1,0,0,0,1,1,0,0,0,0,0,0,0,0,1,1,0,0,1,1,0,0,1,0,0,0,0,0,0,0,0,0,0,0,0,0,0,0,0,0,0,0,0,0,0,0,0,ARTICLE,https://doi.org/10.1186/s12976-017-0056-7,0,0,0,1,0,0,33.850384,9.558353,6.732194,1,1,2014–2017,0.31194780178604425,0.3320495350452222,0.24977845608481788
215,2017,"RC Rockne, P Frankel",Mathematical modeling in radiation oncology: Translating mathematical models into the clinic,1,1,0,0,1,0,1,1,1,0,0,0,1,0,0,0,1,1,0,1,1,1,0,1,1,0,0,0,0,1,0,0,1,0,0,0,0,0,0,0,0,0,0,0,0,0,0,0,0,ARTICLE,https://doi.org/10.1186/s13014-025-02626-7,0,0,0,1,0,0,33.157295,10.547145,6.6198936,1,1,2014–2017,0.30963793890415703,0.5457483412476277,0.48000312317466776
216,2017,"S Khajanchi, S Banerjee",Quantifying the role of immunotherapeutic drug T11 target structure in progression of malignant gliomas: Mathematical modeling and dynamical perspective,1,1,0,0,0,0,1,1,1,0,0,0,0,0,0,0,1,1,0,1,1,0,0,0,0,1,0,0,1,0,0,0,0,0,0,0,0,0,0,0,0,0,0,0,1,1,0,0,0,ARTICLE,https://doi.org/10.1016/j.mbs.2017.04.006,0,0,0,1,0,0,32.060013,8.441073,9.028005,4,4,2014–2017,0.14639117343047398,0.4388168997386336,0.33269638350469255
217,2017,"SR McCurdy, A Molinaro, L Pachter",A latent variable model for survival time prediction with censoring and diverse covariates,1,0,0,0,0,1,1,0,0,0,0,1,0,0,0,0,1,1,0,1,0,0,0,0,0,0,0,0,0,0,0,0,0,0,0,0,0,0,0,0,0,0,0,0,0,0,0,0,0,ARTICLE,https://arxiv.org/abs/1706.06995,0,0,0,1,0,0,31.822027,-7.60176,3.5584803,2,2,2014–2017,0.2617659223854065,0.17316926564294505,0.09584564469843923
218,2017,"T Roque, L Risser, V Kersemans",A DCE-MRI driven 3-D reaction-diffusion model of solid tumor growth,1,0,1,0,0,0,1,1,1,0,0,0,0,0,0,0,1,1,1,0,1,1,1,1,0,0,0,0,0,0,0,0,0,0,0,0,0,0,0,0,0,0,0,0,0,0,1,1,0,ARTICLE,https://doi.org/10.1109/tmi.2017.2779811,0,0,0,1,0,0,34.471516,8.703447,5.911731,1,3,2014–2017,0.31194780178604425,0.4388168997386336,0.378730947880839
219,2017,"W Lee, S Lim, Y Kim",The role of myosin II in glioma invasion: A mathematical model,1,0,0,0,1,0,0,0,0,0,0,0,0,0,0,0,1,1,1,0,1,1,1,1,1,1,1,1,0,1,0,0,1,0,0,0,0,0,0,1,1,1,0,0,1,1,1,1,1,ARTICLE,https://doi.org/10.1371/journal.pone.0171312,0,0,0,1,0,0,32.149902,9.180436,6.0572715,3,3,2014–2017,0.16324676547368308,0.0,0.7537170890533915
220,2018,"A Swan, T Hillen, JC Bowman, AD Murtha",A patient-specific anisotropic diffusion model for brain tumour spread,1,0,1,0,0,0,1,0,1,1,0,0,0,0,0,0,1,1,0,1,1,1,0,1,0,0,0,0,0,0,0,0,0,0,0,0,0,0,0,0,0,0,0,0,0,0,1,1,0,ARTICLE,https://doi.org/10.1007/s11538-017-0271-8,0,0,0,0,1,0,34.484127,8.723043,5.9506445,1,3,2018–2021,0.31194780178604425,0.2793719881655288,0.38935107602113317
221,2018,"A Zhigun, C Surulescu, A Hunt",A strongly degenerate diffusionhaptotaxis model of tumour invasion under the goorgrow dichotomy hypothesis,1,0,1,0,1,0,1,0,0,1,0,0,0,0,0,0,1,1,0,0,1,1,0,1,0,0,0,0,0,0,0,0,0,0,0,0,0,0,0,0,0,0,0,0,0,0,0,0,0,ARTICLE,https://ui.adsabs.harvard.edu/link_gateway/2018MMAS...41.2403Z/doi:10.1002/mma.4749,0,0,0,0,1,0,33.69628,9.013935,7.028021,1,1,2018–2021,0.4751945672597273,0.17260462347211739,0.2591291699912871
222,2018,"E Fernndez-Cara, J Lmaco",Optimal control of a two-equation model of radiotherapy,1,1,1,0,0,0,0,0,0,0,0,0,0,0,0,0,1,1,0,0,1,0,0,0,0,0,0,0,0,0,0,0,0,0,0,0,0,0,0,0,0,0,0,0,0,0,0,0,0,ARTICLE,https://doi.org/10.3934/mcrf.2018005,0,0,0,0,1,0,33.25456,8.620833,7.8738303,1,1,2018–2021,0.45833897521651823,0.0,0.1550221635480459
223,2018,"H Xie, Y Jiao, Q Fan, M Hai, J Yang, Z Hu, Y Yang",Modeling three-dimensional invasive solid tumor growth in heterogeneous microenvironment under chemotherapy,1,1,1,0,1,0,0,0,0,0,0,0,0,0,0,0,1,1,0,0,1,1,1,0,0,1,0,1,0,1,1,1,0,1,0,0,1,0,1,0,0,0,0,0,0,0,0,0,0,ARTICLE,https://doi.org/10.1371/journal.pone.0206292,0,0,0,0,1,0,32.99087,8.429599,7.4070168,1,4,2018–2021,0.6215857406902013,0.0,0.3437365571710237
224,2018,"DA Hormuth II, et al.",Mechanically Coupled Reaction-Diffusion Model to Predict Glioma Growth: Methodological Details,1,0,1,0,0,0,1,1,1,0,0,0,0,0,0,0,1,1,0,1,1,1,0,1,0,0,0,0,0,0,0,0,0,0,0,0,0,0,0,0,0,0,0,0,0,0,1,1,0,ARTICLE,https://doi.org/10.1007/978-1-4939-7493-1_11,0,0,0,0,1,0,34.422295,8.707697,5.967006,1,3,2018–2021,0.31194780178604425,0.4388168997386336,0.38935107602113317
225,2018,"J Kroos, C Stinner, C Surulescu, N Surulescu",SDE-driven modeling of phenotypically heterogeneous tumors: The influence of cancer cell stemness,1,0,1,0,1,0,0,0,0,0,0,0,0,0,0,0,1,1,0,0,1,0,0,0,0,0,0,0,0,1,1,0,1,0,0,0,0,0,0,1,0,1,0,0,0,0,0,0,0,ARTICLE,https://doi.org/10.3934/dcdsb.2019157,0,0,0,0,1,0,33.241745,8.769549,7.313117,1,1,2018–2021,0.4751945672597273,0.0,0.2608387424369629
226,2018,"KS Saili, TJ Zurlinden, TB Knudsen",Modeling the Neurovascular Unit in vitro and in silico,1,0,0,1,0,0,1,0,0,0,0,1,0,0,0,1,1,1,0,0,1,0,0,0,0,1,0,1,1,1,0,0,1,0,0,0,1,0,1,1,1,0,0,0,0,0,0,0,0,ARTICLE,https://doi.org/10.1016/B978-0-12-809405-1.00011-0,0,0,0,0,1,0,32.544476,8.046936,7.824509,4,4,2018–2021,0.1166483369243922,0.24569993726427547,0.31855908699038327
227,2018,"M Papadogiorgaki, P Koliou, ME Zervakis",Glioma growth modeling based on the effect of vital nutrients and metabolic products,1,0,1,0,0,0,1,1,0,0,0,0,1,0,0,0,1,1,0,1,1,1,0,1,1,1,1,0,1,1,1,1,0,0,0,0,1,1,1,1,0,1,0,0,0,0,0,0,0,ARTICLE,https://doi.org/10.1007/s11517-018-1809-0,0,0,0,0,1,0,33.810642,9.690523,5.9905815,1,3,2018–2021,0.31194780178604425,0.43898097655421636,0.6875815754687057
228,2018,"S Angeli, KE Emblem, P Due-Tonnessen",Towards patient-specific modeling of brain tumor growth and formation of secondary nodes guided by DTI-MRI,1,0,1,0,0,0,1,1,1,0,0,0,0,0,0,0,1,1,0,1,1,1,0,1,1,1,1,0,0,0,0,0,0,0,0,0,1,1,1,0,0,0,0,0,1,1,1,1,0,ARTICLE,https://doi.org/10.1016/j.nicl.2018.08.032,0,0,0,0,1,0,33.702965,8.9965315,5.55253,1,3,2018–2021,0.31194780178604425,0.4388168997386336,0.669331274695672
229,2018,"S Motsch, D Peurichard",From short-range repulsion to Hele-Shaw problem in a model of tumor growth,1,0,1,1,0,0,0,0,0,0,0,0,0,0,0,0,1,1,0,1,1,1,0,0,1,0,0,0,0,0,0,0,0,0,0,0,0,0,0,0,0,0,0,0,0,0,0,0,0,ARTICLE,https://doi.org/10.1007/s00285-017-1143-4,0,0,0,0,1,0,32.80207,9.8339205,7.265717,3,3,2018–2021,0.42859613871043645,0.0,0.3456241007832571
230,2018,"S Stein, R Zhao, H Haeno, I Vivanco",Mathematical modeling identifies optimum lapatinib dosing schedules for the treatment of glioblastoma patients,1,1,1,0,0,0,1,1,0,1,0,1,0,0,0,1,1,1,0,1,1,0,0,0,1,1,0,0,1,0,0,0,0,0,0,0,0,0,0,1,0,1,0,0,0,0,0,0,0,ARTICLE,https://doi.org/10.1371/journal.pcbi.1005924,0,0,0,0,1,0,33.378376,9.933774,6.4147573,1,1,2018–2021,0.45833897521651823,0.7503540957816152,0.4295973327632412
231,2018,"SH Sabzpoushan, F Pourhasanzade",A new method for shrinking tumor based on microenvironmental factors: Introducing a stochastic agent-based model of avascular tumor growth,1,0,0,1,0,0,1,0,0,1,0,0,0,0,0,0,1,1,0,1,1,0,0,0,0,1,1,1,0,1,1,0,0,1,0,0,0,0,0,1,0,1,0,0,1,1,0,0,0,ARTICLE,https://doi.org/10.1016/j.physa.2018.05.131,0,0,0,0,1,0,31.64484,8.405842,8.992365,4,4,2018–2021,0.1166483369243922,0.17260462347211739,0.5178791975820415
232,2018,"WO Oduola, X Li",Multiscale tumor modeling with drug pharmacokinetic and pharmacodynamic profile using stochastic hybrid system,1,1,0,0,1,0,1,0,0,0,0,1,0,0,0,0,1,1,1,0,1,0,0,0,0,1,1,0,0,1,0,0,1,0,0,0,1,0,1,0,0,0,0,0,0,0,0,0,0,ARTICLE,https://doi.org/10.1177/1176935118790262,0,0,0,0,1,0,32.400978,7.9382944,8.166774,4,4,2018–2021,0.30963793890415703,0.17316926564294505,0.3373686002164332
233,2018,"Y Zheng, J Bao, Q Zhao, T Zhou, X Sun",A spatio-temporal model of macrophage-mediated drug resistance in glioma immunotherapy,1,0,1,0,0,0,1,0,0,0,0,1,0,0,0,0,1,1,0,1,1,1,1,1,1,0,0,0,0,1,0,1,1,0,0,0,1,1,1,1,0,1,0,0,1,1,0,0,0,ARTICLE,https://doi.org/10.1158/1535-7163.mct-17-0634,0,0,0,0,1,0,32.960777,9.44426,6.026516,3,3,2018–2021,0.31194780178604425,0.17316926564294505,0.7132370513695262
234,2018,"YT Nguyen Edalgo, AN Ford Versypt",Mathematical modeling of metastatic cancer migration through a remodeling extracellular matrix,1,0,1,0,0,0,0,0,0,0,0,0,0,0,0,0,1,1,0,0,1,1,1,1,1,1,1,1,0,1,0,0,0,1,0,0,1,0,1,1,0,1,0,0,0,0,1,1,0,ARTICLE,https://doi.org/10.3390/pr6050058,0,0,0,0,1,0,32.689095,9.078372,5.8179584,3,3,2018–2021,0.31194780178604425,0.0,0.6757566656296329
235,2018,"A Miranda, T Cova, J Sousa, C Vitorino",Computational modeling in glioblastoma: from the prediction of bloodbrain barrier permeability to the simulation of tumor behavior,1,0,0,0,1,1,1,0,0,0,0,1,0,0,0,0,1,1,1,0,1,1,0,1,1,1,1,0,1,1,1,0,0,0,0,0,0,0,0,1,1,1,0,0,0,0,0,0,0,ARTICLE,https://doi.org/10.4155/fmc-2017-0128,0,0,0,0,1,0,30.904705,-6.415993,4.949909,2,2,2018–2021,0.42501268785908963,0.17316926564294505,0.5705555336375038
236,2018,"A Tietze, A Nielsen, I Klrke Mikkelsen, M Bo Hansen",Bayesian modeling of Dynamic Contrast Enhanced MRI data in cerebral glioma patients improves the diagnostic quality of hemodynamic parameter maps,1,0,0,0,0,1,1,1,0,1,0,0,0,0,0,0,1,0,0,0,0,0,0,0,0,1,0,1,1,0,0,0,0,0,0,0,0,0,0,0,0,0,0,0,0,0,0,0,0,ARTICLE,https://doi.org/10.1371/journal.pone.0202906,0,0,0,0,1,0,30.970875,-8.223419,3.5988204,2,2,2018–2021,0.2617659223854065,0.5046541585173396,0.07401949571844094
237,2018,"C Ma, G Luo, K Wang",Concatenated and connected random forests with multiscale patch driven active contour model for automated brain tumor segmentation of MR images,1,0,0,0,0,1,1,1,0,0,0,0,0,0,0,0,1,1,0,1,0,0,0,0,0,0,0,0,0,0,0,0,0,0,0,0,0,0,0,0,0,0,0,0,0,0,0,0,0,ARTICLE,https://doi.org/10.1109/TMI.2018.2805821,0,0,0,0,1,0,31.704254,-8.77224,3.5688884,2,2,2018–2021,0.2617659223854065,0.3320495350452222,0.09584564469843923
238,2018,"D Kang, JE Park, YH Kim, JH Kim, JY Oh, J Kim",Diffusion radiomics as a diagnostic model for atypical manifestation of primary central nervous system lymphoma: development and multicenter external validation,1,0,0,0,0,1,1,1,1,0,0,1,0,0,0,0,1,0,0,0,0,0,0,0,0,0,0,0,0,0,0,0,0,0,0,0,1,1,0,1,0,1,0,0,1,1,0,0,0,ARTICLE,https://doi.org/10.1093/neuonc/noy021,0,0,0,0,1,0,31.912079,-7.7947764,3.095987,2,2,2018–2021,0.2617659223854065,0.6119861653815786,0.13093752899645147
239,2018,"E Audureau, A Chivet, R Ursu, R Corns",Prognostic factors for survival in adult patients with recurrent glioblastoma: a decision-tree-based model,1,0,0,0,0,1,0,0,0,0,0,0,0,0,0,0,0,0,0,0,0,0,0,0,0,0,0,0,0,0,0,0,0,0,0,0,0,0,0,0,0,0,0,0,0,0,0,0,0,ARTICLE,https://doi.org/10.1007/s11060-017-2685-4,0,0,0,0,1,0,31.548439,-7.788913,3.8885477,2,2,2018–2021,0.2617659223854065,0.0,0.0
240,2018,"JA Molina-Mora, M Kop-Montero",A hybrid mathematical modeling approach of the metabolic fate of a fluorescent sphingolipid analogue to predict cancer chemosensitivity,1,1,0,0,1,1,0,0,0,0,0,0,0,0,0,0,1,1,1,0,0,0,0,0,0,0,0,0,0,0,0,0,0,0,0,0,1,0,1,0,0,0,0,0,0,0,0,0,0,ARTICLE,https://doi.org/10.1016/j.compbiomed.2018.04.008,0,0,0,0,1,0,31.93646,-7.785175,4.350408,2,2,2018–2021,0.5714038612895636,0.0,0.0867851991703489
241,2018,"JW Koehler, AD Miller, CR Miller",A revised diagnostic classification of canine glioma: towards validation of the canine glioma patient as a naturally occurring preclinical model for human glioma,1,0,0,0,0,1,1,0,0,1,0,0,1,0,0,0,1,1,0,0,1,1,0,1,1,1,0,1,1,1,1,0,0,0,0,0,0,0,0,0,0,0,0,0,1,1,0,0,0,ARTICLE,https://doi.org/10.1093/jnen/nly085,0,0,0,0,1,0,30.710634,-7.667127,4.6463118,2,2,2018–2021,0.2617659223854065,0.2795360649811115,0.501304864465471
242,2018,"M Kim, I Tagkopoulos",Data integration and predictive modeling methods for multi-omics datasets,1,0,0,0,0,1,1,0,0,0,0,1,0,0,0,0,1,1,0,1,0,0,0,0,0,0,0,0,0,0,0,0,0,0,0,0,0,0,0,0,0,0,0,0,0,0,0,0,0,ARTICLE,https://doi.org/10.1039/C7MO00051K,0,0,0,0,1,0,31.832203,-7.5956,3.5573246,2,2,2018–2021,0.2617659223854065,0.17316926564294505,0.09584564469843923
243,2018,"ME Oraiopoulou, E Tzamali, G Tzedakis, et al.",Integrating in vitro experiments with in silico approaches for Glioblastoma invasion: the role of cell-to-cell adhesion heterogeneity,1,0,1,1,1,0,1,0,0,0,0,1,0,1,0,1,1,1,0,0,1,1,1,1,1,0,0,0,0,0,0,0,0,0,0,0,0,0,1,0,0,0,0,0,0,0,1,1,1,ARTICLE,https://doi.org/10.1038/s41598-018-34521-5,0,0,0,0,1,0,32.628742,9.364343,6.3792567,3,3,2018–2021,0.5918429041841196,0.2720239182572607,0.4912151003669355
244,2018,"MR Ismael, I Abdel-Qader",Brain Tumor Classification via Statistical Features and Back-Propagation Neural Network,1,0,0,0,1,1,1,0,0,1,0,0,0,0,0,0,1,0,0,0,0,0,0,0,0,1,0,0,1,0,0,0,0,0,0,0,0,0,0,0,0,0,0,0,0,0,0,0,0,ARTICLE,https://doi.org/10.1109/EIT.2018.8500308,0,0,0,0,1,0,30.971731,-7.5645986,4.1875143,2,2,2018–2021,0.42501268785908963,0.17260462347211739,0.025248816938537574
245,2018,"Q Mo, R Shen, C Guo, M Vannucci, KS Chan",A fully Bayesian latent variable model for integrative clustering analysis of multi-type omics data,1,0,0,0,0,1,1,0,0,0,0,1,0,0,0,0,1,1,1,0,1,1,0,0,1,0,0,0,0,1,0,0,0,1,0,0,0,0,0,0,0,0,0,0,1,1,0,0,0,ARTICLE,https://doi.org/10.1093/biostatistics/kxx017,0,0,0,0,1,0,31.391014,-6.8317842,4.385915,2,2,2018–2021,0.2617659223854065,0.17316926564294505,0.3662490106873104
246,2018,"S Kuthuru, W Deaderick, H Bai, C Su, T Vu","A visually interpretable, dictionary-based approach to imaging-genomic modeling, with low-grade glioma as a case study",1,0,0,0,0,1,1,0,0,1,0,1,0,0,0,0,1,0,0,0,0,0,0,0,0,0,0,0,0,0,0,0,0,0,0,0,1,0,1,0,0,0,0,0,0,0,0,0,0,ARTICLE,https://doi.org/10.1177/1176935118802796,0,0,0,0,1,0,31.776176,-7.4027314,4.2271895,2,2,2018–2021,0.2617659223854065,0.34577388911506246,0.047721570632892715
247,2019,"A Allahverdy, AK Moghaddam, S Rahbar",An agent-based model for investigating the effect of myeloid-derived suppressor cells and its depletion on tumor immune surveillance,1,0,0,1,1,0,0,0,0,0,0,0,0,0,0,0,1,0,0,0,0,0,0,0,0,0,0,0,0,0,0,0,0,0,0,0,0,0,0,1,0,1,0,0,1,1,0,0,0,ARTICLE,https://doi.org/10.4103/jmss.jmss_33_18,0,0,0,0,1,0,32.04479,8.525168,7.4351306,4,4,2018–2021,0.2798951023980753,0.0,0.11530417336111634
248,2019,"A Kusek, M o, M Paszyski",Efficient model of tumor dynamics simulated in multi-GPU environment,1,0,1,1,1,0,0,0,0,0,0,0,0,0,0,0,1,1,0,0,1,0,0,0,0,1,0,1,0,0,0,0,0,0,0,0,0,0,0,0,0,0,0,0,0,0,0,0,0,ARTICLE,https://doi.org/10.1177/1094342018816772,0,0,0,0,1,0,32.969276,8.454174,7.4211125,3,4,2018–2021,0.5918429041841196,0.0,0.20379284232794928
249,2019,"A Perrillat-Mercerot, N Bourmeyster, C Guillevin",Mathematical modeling of substrates fluxes and tumor growth in the brain,1,1,0,0,0,0,0,0,0,0,0,0,0,0,0,0,1,0,0,0,0,0,0,0,0,1,0,1,0,1,1,0,0,0,0,0,1,1,1,1,0,1,0,0,0,0,0,0,0,ARTICLE,https://doi.org/10.1007/s10441-019-09343-1,0,0,0,0,1,0,33.06577,7.9942713,8.2934265,4,1,2018–2021,0.14639117343047398,0.0,0.1876701679888788
250,2019,"A Stephanou, A Ballesta",pH as a potential therapeutic target to improve temozolomide antitumor efficacy: A mechanistic modeling study,1,1,1,0,1,0,1,0,0,0,0,1,1,0,0,0,1,1,0,0,1,0,0,0,0,1,1,1,1,0,0,0,0,0,0,0,1,1,1,1,0,1,0,0,0,0,0,0,0,ARTICLE,https://doi.org/10.1002/prp2.454,0,0,0,0,1,0,33.018047,8.053935,7.9526157,4,4,2018–2021,0.6215857406902013,0.2801007071519392,0.41641022212603024
251,2019,"D Abler, RC Rockne, P Büchler",Evaluating the Effect of Tissue Anisotropy on Brain Tumour Growth Using a Mechanically Coupled Reaction–Diffusion Model,1,0,1,0,0,0,1,1,1,0,0,0,0,0,0,0,1,1,0,0,1,1,0,1,1,0,0,0,0,0,0,0,0,0,0,0,0,0,0,0,0,0,0,0,0,0,1,1,0,BOOK,https://doi.org/10.1007/978-3-030-23073-9_3,0,0,0,0,1,0,34.21499,8.781406,5.769678,1,3,2018–2021,0.31194780178604425,0.4388168997386336,0.3882617238594659
252,2019,"D Abler, P Büchler, RC Rockne",Towards model-based characterization of biomechanical tumor growth phenotypes,1,0,1,0,0,0,1,1,0,0,0,0,0,0,0,0,1,1,0,0,1,1,0,1,0,0,0,0,0,0,0,0,0,0,0,0,0,0,0,0,0,0,0,0,0,0,1,1,0,ARTICLE,https://doi.org/10.1007/978-3-030-35210-3_6,0,0,0,0,1,0,34.2805,8.775823,6.431533,1,3,2018–2021,0.31194780178604425,0.3320495350452222,0.2935054313226939
253,2019,"D Sigal, M Przedborski, D Sivaloganathan",Mathematical modelling of cancer stem cell-targeted immunotherapy,1,1,0,0,0,0,1,0,0,0,0,1,0,0,0,0,1,1,0,1,0,0,0,0,0,0,0,0,0,1,0,0,1,0,0,0,0,0,0,0,0,0,0,0,1,1,0,0,0,ARTICLE,https://doi.org/10.1016/j.mbs.2019.108269,0,0,0,0,1,0,32.090267,8.731228,8.947624,4,4,2018–2021,0.14639117343047398,0.17316926564294505,0.18269741896627847
254,2019,"G Kimmel, J Barnholtz-Sloan, H Ji, P Altrock",Modeling the Evolution of Ploidy in a Resource Restricted Environment,1,0,1,1,0,0,0,0,0,0,0,0,0,0,0,0,1,1,1,0,1,1,1,1,1,1,1,0,0,0,0,0,0,0,0,0,0,0,0,0,0,0,1,1,1,1,0,0,0,ARTICLE,https://doi.org/10.1007/978-3-030-35210-3_2,0,0,0,0,1,0,31.860746,9.62275,6.2876153,3,3,2018–2021,0.42859613871043645,0.0,0.5721414470055487
255,2019,"GKH Zupanc, FB Zupanc, R Sipahi",Stochastic cellular automata model of tumorous neurosphere growth: Roles of developmental maturity and cell death,1,0,0,1,0,0,0,0,0,0,0,0,0,0,0,0,1,1,1,1,1,1,0,1,1,0,0,0,0,1,0,1,1,1,0,0,0,0,0,1,0,1,0,0,1,1,0,0,0,ARTICLE,https://doi.org/10.1016/j.jtbi.2019.01.028,0,0,0,0,1,0,31.840836,9.59861,7.7344127,4,4,2018–2021,0.1166483369243922,0.0,0.6636110333634321
256,2019,"IC Sorribes, MNJ Moore, HM Byrne, HV Jain",A biomechanical model of tumor-induced intracranial pressure and edema in brain tissue,1,0,1,0,0,0,1,1,0,0,0,0,0,0,0,0,1,1,0,1,0,1,0,1,0,1,1,0,1,0,0,0,0,0,0,0,0,0,0,0,0,0,0,0,0,0,1,1,0,ARTICLE,https://doi.org/10.1016/j.bpj.2019.02.030,0,0,0,0,1,0,34.32106,9.070315,6.5714154,1,3,2018–2021,0.31194780178604425,0.3320495350452222,0.3248669509614938
257,2019,"J Ayensa-Jimnez, MH Doweidar, T Randelovic",On the simulation of organ-on-chip cell processes: Application to an in vitro model of glioblastoma evolution,1,1,1,0,0,0,1,0,0,1,0,0,0,0,0,1,1,1,0,1,1,1,1,0,1,0,0,0,0,0,0,0,0,0,0,0,1,0,1,1,0,1,0,0,0,0,0,0,0,BOOK,https://doi.org/10.1016/B978-0-12-816390-0.00016-9,0,0,0,0,1,0,32.920254,9.8660755,6.2749863,3,3,2018–2021,0.45833897521651823,0.24513529509344778,0.4982319744782852
258,2019,J Malinzi,Mathematical analysis of a mathematical model of chemovirotherapy: effect of drug infusion method,1,1,0,0,0,0,0,0,0,0,0,0,0,0,0,0,1,1,0,1,0,0,0,0,0,0,0,0,0,0,0,0,0,0,0,0,0,0,0,0,0,0,0,0,0,0,0,0,0,ARTICLE,https://doi.org/10.1155/2019/7576591,0,0,0,0,1,0,32.371365,8.790198,8.932927,4,4,2018–2021,0.14639117343047398,0.0,0.09584564469843923
259,2019,"J Zhao, JP Tian",Spatial model for oncolytic virotherapy with lytic cycle delay,1,1,0,0,0,0,0,0,0,0,0,0,0,0,0,0,1,1,0,1,1,0,0,0,0,0,0,0,0,0,0,0,0,0,0,0,0,0,0,0,0,0,0,0,1,1,0,0,0,ARTICLE,https://doi.org/10.1007/s11538-019-00611-2,0,0,0,0,1,0,31.947582,8.703554,9.051882,4,4,2018–2021,0.14639117343047398,0.0,0.30744756656615496
260,2019,"J Jacobs, R Rockne, A Hawkins-Daarud, P Jackson, et al.",Improved model prediction of glioma growth utilizing tissue-specific boundary effects,1,0,1,0,0,0,1,1,0,0,0,0,0,0,0,0,1,1,0,1,1,1,0,1,1,0,0,0,0,0,0,0,0,0,0,0,0,0,0,1,1,0,0,0,0,0,0,0,0,ARTICLE,https://doi.org/10.1016/j.mbs.2019.04.004,0,0,0,0,1,0,33.627403,10.601827,6.38468,1,1,2018–2021,0.31194780178604425,0.3320495350452222,0.4612549483693326
261,2019,"JG Scott, A Dhawan, A Hjelmeland, J Lathia",Recasting the cancer stem cell hypothesis: unification using a continuum model of microenvironmental forces,1,0,1,0,0,0,0,0,0,0,0,0,0,0,0,0,1,1,0,1,1,0,0,0,0,0,0,0,0,1,1,0,0,0,0,0,0,0,0,1,0,1,1,1,0,0,0,0,0,ARTICLE,https://doi.org/10.1007/s40778-019-0153-0,0,0,0,0,1,0,33.4261,9.229466,7.414792,1,1,2018–2021,0.31194780178604425,0.0,0.33757385923703837
262,2019,"K Peskov, I Azarov, L Chu, V Voronova",Quantitative mechanistic modeling in support of pharmacological therapeutics development in immuno-oncology,1,1,0,0,1,0,1,0,0,0,0,1,0,0,0,0,1,0,0,0,0,0,0,0,0,0,0,0,0,0,0,0,0,0,0,0,0,0,0,1,0,1,0,0,1,1,0,0,0,ARTICLE,https://doi.org/10.3389/fimmu.2019.00924,0,0,0,0,1,0,31.860367,8.652496,8.659147,4,4,2018–2021,0.30963793890415703,0.17316926564294505,0.11530417336111634
263,2019,"KA Norton, C Gong, S Jamalian, AS Popel",Multiscale agent-based and hybrid modeling of the tumor immune microenvironment,1,0,1,1,1,0,1,0,0,0,0,0,0,1,0,0,1,1,0,0,1,1,1,1,1,1,0,1,0,1,0,0,1,0,0,0,1,1,0,1,0,1,0,0,1,1,1,0,1,ARTICLE,https://doi.org/10.3390/pr7010037,0,0,0,0,1,0,32.0501,9.251374,6.2653327,3,3,2018–2021,0.5918429041841196,0.02632398099298523,0.6190974921271603
264,2019,"LA Harris, S Beik, PMM Ozawa, L Jimenez",Modeling heterogeneous tumor growth dynamics and cellcell interactions at single-cell and cell-population resolution,1,0,0,0,1,0,1,0,0,0,0,1,0,0,0,0,1,1,1,1,1,1,0,0,1,1,1,1,0,1,0,1,1,1,0,0,1,0,1,1,0,1,0,0,1,1,0,0,0,ARTICLE,https://doi.org/10.1016/j.coisb.2019.09.005,0,0,0,0,1,0,31.743877,9.120759,7.820688,4,4,2018–2021,0.16324676547368308,0.17316926564294505,0.721285497882856
265,2019,"LC Franssen, T Lorenzi, AEF Burgess",A mathematical framework for modelling the metastatic spread of cancer,1,0,1,0,1,0,1,0,1,0,0,0,0,0,0,0,1,1,0,0,1,1,1,0,0,1,0,1,0,1,1,0,0,0,0,0,0,0,0,1,0,1,0,0,0,0,1,1,0,ARTICLE,https://doi.org/10.1007/s11538-019-00597-x,0,0,0,0,1,0,32.940937,8.409128,7.175937,3,4,2018–2021,0.4751945672597273,0.10676736469341137,0.3598755546207925
266,2019,"M Antonopoulos, D Dionysiou, G Stamatakos",Three-dimensional tumor growth in time-varying chemical fields: a modeling framework and theoretical study,1,0,0,0,1,0,1,0,1,0,0,0,1,0,0,0,1,1,1,0,1,1,1,0,0,1,1,1,0,1,0,1,0,0,0,0,1,1,1,1,0,1,0,0,1,1,1,1,0,ARTICLE,https://doi.org/10.1186/s12859-019-2997-9,0,0,0,0,1,0,32.51566,8.445867,6.653759,3,4,2018–2021,0.16324676547368308,0.2136988062024055,0.5757558819415396
267,2019,"P Feng, Z Dai, D Wallace",On a 2d model of avascular tumor with weak allee effect,1,0,1,0,0,0,0,0,0,0,0,0,0,0,0,0,1,1,0,1,0,0,0,0,0,0,0,0,0,0,0,0,0,0,0,0,0,0,0,0,0,0,0,0,0,0,0,0,0,ARTICLE,https://doi.org/10.1155/2019/9581072,0,0,0,0,1,0,33.63494,8.851959,7.766389,1,1,2018–2021,0.31194780178604425,0.0,0.09584564469843923
268,2019,"PT Sowndarrajan, J Manimaran",Distributed optimal control of a tumor growth treatment model with cross-diffusion effect,1,0,1,0,0,0,0,0,0,0,0,0,0,0,0,0,1,1,0,1,0,1,1,0,0,0,0,0,0,0,0,0,0,0,0,0,0,0,0,0,0,0,0,0,1,1,0,0,0,ARTICLE,https://doi.org/10.1140/epjp/i2019-12866-8,0,0,0,0,1,0,33.520496,8.963209,7.933391,1,1,2018–2021,0.31194780178604425,0.0,0.19858729103879794
269,2019,S Khajanchi,Stability analysis of a mathematical model for glioma-immune interaction under optimal therapy,1,1,0,0,0,0,1,1,0,0,0,0,0,0,0,0,1,1,0,1,1,0,0,0,0,1,0,0,1,0,0,0,0,0,0,0,0,0,0,1,0,1,0,0,1,1,0,0,0,ARTICLE,https://doi.org/10.1515/ijnsns-2017-0206?urlappend=%3Futm_source%3Dresearchgate.net%26utm_medium%3Darticle,0,0,0,0,1,0,31.802248,8.705983,9.061249,4,4,2018–2021,0.14639117343047398,0.3320495350452222,0.39142079854613904
270,2019,"S Subramanian, A Gholami, G Biros",Simulation of glioblastoma growth using a 3D multispecies tumor model with mass effect,1,0,1,0,1,0,1,1,1,1,0,0,1,0,0,0,1,1,0,0,1,1,1,1,1,1,1,0,0,0,0,0,0,0,0,0,0,0,0,1,0,1,0,0,0,0,1,1,0,ARTICLE,https://doi.org/10.1007/s00285-019-01383-y,0,0,0,0,1,0,33.59918,8.735764,5.441942,1,3,2018–2021,0.4751945672597273,0.7183529647197451,0.5584372484714702
271,2019,"W Liang, Y Zheng, J Zhang, X Sun",Multiscale modeling reveals angiogenesis-induced drug resistance in brain tumors and predicts a synergistic drug combination targeting EGFR and VEGFR,1,0,0,1,1,0,1,0,0,0,1,1,0,0,0,0,1,1,1,0,1,1,1,0,1,1,1,1,0,0,0,0,0,0,1,1,0,0,0,1,0,1,0,0,0,0,0,0,0,ARTICLE,https://doi.org/10.1186/s12859-019-2737-1,0,0,0,0,1,0,31.909529,9.136156,6.169608,3,3,2018–2021,0.2798951023980753,0.1808921377534945,0.5124000668162872
272,2019,"X Feng, DA Hormuth, TE Yankeelov",An adjoint-based method for a linear mechanically-coupled tumor model: application to estimate the spatial variation of murine glioma growth based on diffusion,1,0,1,0,0,0,1,1,0,0,0,0,0,0,0,1,1,1,0,1,1,1,0,1,0,0,0,0,0,0,0,0,0,0,0,0,1,0,1,0,0,0,0,0,0,0,1,1,0,ARTICLE,https://doi.org/10.1007/s00466-018-1589-2,0,0,0,0,1,0,34.44455,8.747782,6.225656,1,3,2018–2021,0.31194780178604425,0.40458020666655264,0.4370726466540259
273,2019,"Y Kim, J Lee, D Lee, HG Othmer",Synergistic effects of bortezomib-OV therapy and anti-invasive strategies in glioblastoma: a mathematical model,1,0,0,0,1,0,1,1,0,0,0,0,0,0,0,0,1,1,0,0,1,1,1,1,1,1,1,0,1,1,1,0,1,0,0,0,0,0,0,1,1,1,0,0,1,1,0,0,0,ARTICLE,https://doi.org/10.3390/cancers11020215,0,0,0,0,1,0,32.86461,8.677253,5.7257566,3,3,2018–2021,0.16324676547368308,0.3320495350452222,0.6645055673885758
274,2019,"A Elazab, AM Anter, H Bai, Q Hu, Z Hussain, D Ni",An optimized generic cerebral tumor growth modeling framework by coupling biomechanical and diffusive models with treatment effects,1,0,1,0,0,1,1,1,1,0,0,0,1,0,0,0,1,1,0,0,1,1,0,1,1,1,1,0,0,0,0,0,0,0,0,0,1,0,1,0,0,0,0,0,0,0,1,1,0,ARTICLE,https://doi.org/10.1016/j.asoc.2019.04.034,0,0,0,0,1,0,34.167736,8.884019,5.698793,1,3,2018–2021,0.5737137241714507,0.5457483412476277,0.5012725160422276
275,2019,AFI Osman,A multi-parametric MRI-based radiomics signature and a practical ML model for stratifying glioblastoma patients based on survival toward precision oncology,1,0,0,0,0,1,1,1,1,0,0,0,0,0,0,0,0,0,0,0,0,0,0,0,0,0,0,0,0,0,0,0,0,0,0,0,0,0,0,0,0,0,0,0,0,0,0,0,0,ARTICLE,https://doi.org/10.3389/fncom.2019.00058,0,0,0,0,1,0,31.67771,-8.249236,3.5612547,2,2,2018–2021,0.2617659223854065,0.4388168997386336,0.0
276,2019,"CC Pan, J Liu, J Tang, X Chen, F Chen, Y Wu",A machine learning-based prediction model of H3K27M mutations in brainstem gliomas using conventional MRI and clinical features,1,0,0,0,0,1,1,0,1,0,0,1,0,0,0,0,1,1,0,1,1,1,0,0,1,0,0,0,0,1,0,0,1,1,0,0,0,0,0,0,0,0,0,0,0,0,0,0,0,ARTICLE,https://doi.org/10.1016/j.radonc.2018.07.011,0,0,0,0,1,0,31.623762,-7.189678,3.760103,2,2,2018–2021,0.2617659223854065,0.2799366303363564,0.39672328447679306
277,2019,"I Ezhov, et al.",Neural Parameters Estimation for Brain Tumor Growth Modeling,1,0,1,0,0,1,1,1,1,0,0,0,0,0,0,0,1,1,0,1,1,1,0,0,1,0,0,0,0,0,0,0,0,0,0,0,0,0,0,0,0,0,0,0,0,0,0,0,0,ARTICLE,https://doi.org/10.1007/978-3-030-32245-8_87,0,0,0,0,1,0,34.185738,9.824555,6.504257,1,1,2018–2021,0.5737137241714507,0.4388168997386336,0.3456241007832571
278,2019,"J Lipkova, et al.","Personalized Radiotherapy Design for Glioblastoma: Integrating Mathematical Tumor Models, Multimodal Scans, and Bayesian Inference",1,0,1,0,0,1,0,1,0,0,0,0,1,0,0,0,1,1,0,1,1,1,0,0,1,0,0,0,0,0,0,0,0,0,0,0,0,0,0,0,0,0,0,0,0,0,0,0,0,ARTICLE,https://doi.org/10.1109/TMI.2019.2902044,0,0,0,0,1,0,34.23263,9.786961,6.483883,1,1,2018–2021,0.5737137241714507,0.43898097655421636,0.3456241007832571
279,2019,"RT Woodall, DA Hormuth II",Integrating quantitative imaging and computational modeling to predict the spatiotemporal distribution of 186Re nanoliposomes for recurrent glioblastoma treatment,1,0,0,0,0,1,1,1,0,0,0,0,0,0,0,0,1,1,0,0,1,0,0,0,0,1,0,0,1,0,0,0,0,0,0,0,0,0,0,0,0,0,0,0,0,0,0,0,0,ARTICLE,https://doi.org/10.1117/12.2512867,0,0,0,0,1,0,31.228333,-7.9689093,3.3670897,2,2,2018–2021,0.2617659223854065,0.3320495350452222,0.18027098048658347
280,2019,"T Mizutani, T Magome, H Igaki, A Haga",Optimization of treatment strategy by using a machine learning model to predict survival time of patients with malignant glioma after radiotherapy -> dose-volume histogram + clinical,1,0,0,0,1,1,0,0,0,0,0,0,0,0,0,0,1,0,0,0,0,0,0,0,0,1,0,0,1,1,0,0,1,0,0,0,0,0,0,0,0,0,0,0,0,0,0,0,0,ARTICLE,https://doi.org/10.1093/jrr/rrz066,0,0,0,0,1,0,31.147367,-7.727042,4.1807017,2,2,2018–2021,0.42501268785908963,0.0,0.05552083288670699
281,2019,"U Baid, S Talbar, S Rane, S Gupta, MH Thakur",Deep learning radiomics algorithm for gliomas (drag) model: a novel approach using 3d unet based deep convolutional neural network for predicting survival in,1,0,0,0,0,1,1,1,0,0,0,0,0,0,0,0,0,0,0,0,0,0,0,0,0,0,0,0,0,0,0,0,0,0,0,0,0,0,0,0,0,0,0,0,0,0,0,0,0,ARTICLE,https://doi.org/10.1007/978-3-030-11726-9_33,0,0,0,0,1,0,31.700212,-8.4107895,3.516125,2,2,2018–2021,0.2617659223854065,0.3320495350452222,0.0
282,2019,"Y Yang, LF Yan, X Zhang, HY Nan",Optimizing texture retrieving model for multimodal MR imagebased support vector machine for classifying glioma,1,0,0,0,0,1,1,0,1,1,0,0,0,0,0,0,1,1,0,0,1,0,0,0,0,0,0,0,0,0,0,0,0,0,0,0,1,0,1,0,0,0,0,0,0,0,0,0,0,ARTICLE,https://doi.org/10.1002/jmri.26524,0,0,0,0,1,0,30.80876,-6.9872494,4.189069,2,2,2018–2021,0.2617659223854065,0.2793719881655288,0.2027437341809386
283,2020,"A Lasri, V Juric, M Verreault, F Bielle",Phenotypic selection through cell death: stochastic modelling of o-6-methylguanine-dna methyltransferase dynamics,1,0,0,0,1,0,1,0,0,0,0,1,0,0,0,0,1,1,0,1,0,0,0,0,0,0,0,0,0,0,0,0,0,0,0,0,0,0,0,0,0,0,0,0,0,0,0,0,0,ARTICLE,https://doi.org/10.1098/rsos.191243?urlappend=%3Futm_source%3Dresearchgate.net%26utm_medium%3Darticle,0,0,0,0,1,0,31.91895,-7.411669,3.607221,2,2,2018–2021,0.16324676547368308,0.17316926564294505,0.09584564469843923
284,2020,"A Mang, S Bakas, S Subramanian",Integrated biophysical modeling and image analysis: application to neuro-oncology,1,0,1,0,0,0,1,1,0,1,0,0,1,0,0,0,1,1,0,1,1,1,0,1,1,1,0,0,1,0,0,0,0,0,0,0,0,0,0,1,0,1,0,0,0,0,1,1,0,ARTICLE,https://doi.org/10.1146/annurev-bioeng-062117-121105,0,0,0,0,1,0,33.792282,9.966793,6.125643,1,1,2018–2021,0.31194780178604425,0.6115856000263338,0.5680806005378892
285,2020,"C Meaney, S Rhebergen",In silico analysis of hypoxia activated prodrugs in combination with anti angiogenic therapy through nanocell delivery,1,0,1,0,0,0,1,0,0,0,0,0,1,0,0,0,1,1,0,1,1,1,1,0,0,1,1,1,0,0,0,0,0,0,0,0,0,0,0,0,0,0,0,0,0,0,0,0,0,ARTICLE,https://doi.org/10.1371/journal.pcbi.1007926,0,0,0,0,1,0,33.3312,8.823399,7.6299357,1,1,2018–2021,0.31194780178604425,0.10693144150899414,0.4110895965969464
286,2020,"CM Phillips, EABF Lima, RT Woodall, A Brock",A hybrid model of tumor growth and angiogenesis: In silico experiments,1,0,0,0,1,0,1,0,0,0,0,0,0,0,1,0,1,1,0,0,1,1,1,0,1,1,1,1,0,0,0,0,0,0,0,0,0,0,0,1,0,1,0,0,0,0,0,0,0,ARTICLE,https://doi.org/10.1371/journal.pone.0231137,0,0,0,0,1,0,32.285595,8.763501,6.213215,3,3,2018–2021,0.16324676547368308,0.0019002449124447935,0.4687246594767256
287,2020,"JA Gallaher, SC Massey, A Hawkins-Daarud, et al.",From cells to tissue: How cell scale heterogeneity impacts glioblastoma growth and treatment response,1,0,1,1,1,0,1,1,0,1,0,0,0,0,0,1,1,1,0,1,1,1,1,1,1,0,0,0,0,0,0,0,0,0,0,0,0,0,0,1,1,1,0,0,0,0,0,0,0,ARTICLE,https://doi.org/10.1371/journal.pcbi.1007672,0,0,0,0,1,0,32.8939,10.031902,6.1978464,3,3,2018–2021,0.5918429041841196,0.5771848301386701,0.5661412514314681
288,2020,"J Hesse, D Malhan, M Yalin, O Aboumanify, A Basti",An optimal time for treatmentpredicting circadian time by machine learning and mathematical modelling,1,1,0,0,0,1,1,0,0,0,0,1,0,0,0,0,1,1,0,0,1,0,0,0,0,0,0,0,0,0,0,0,0,0,0,0,1,0,1,0,0,0,0,0,0,0,0,0,0,ARTICLE,https://doi.org/10.3390/cancers12113103,0,0,0,0,1,0,31.694828,-7.1197715,4.295141,2,2,2018–2021,0.4081570958158805,0.17316926564294505,0.2027437341809386
289,2020,"J Prez-Beteta, J Belmonte-Beitia",Tumor width on T1-weighted MRI images of glioblastoma as a prognostic biomarker: a mathematical model,1,1,1,0,0,0,1,1,0,0,0,0,0,0,0,0,1,1,0,0,1,1,0,1,0,1,0,1,0,0,0,0,0,0,0,0,0,0,0,0,0,0,0,0,0,0,0,0,0,ARTICLE,https://doi.org/10.1051/mmnp/2019022,0,0,0,0,1,0,33.883167,9.008194,6.9819913,1,1,2018–2021,0.45833897521651823,0.3320495350452222,0.3078998487711905
290,2020,"J Ayensa-Jiménez, M Pérez-Aliacar, T Randelovic, et al.",Mathematical formulation and parametric analysis of in vitro cell models in microfluidic devices: application to different stages of glioblastoma evolution,1,0,1,0,0,0,0,0,0,0,0,0,0,0,0,1,1,1,0,0,1,1,1,1,1,0,0,0,0,0,0,0,0,0,0,0,0,0,0,1,0,1,0,0,0,0,0,0,0,ARTICLE,https://doi.org/10.1038/s41598-020-78215-3,0,0,0,0,1,0,32.849052,9.614826,6.0356207,3,3,2018–2021,0.31194780178604425,0.07253067162133041,0.45877176559019445
291,2020,"JPW Heidbuechel, D Abate-Daga, CE Engeland",Mathematical modeling of oncolytic virotherapy,1,1,0,0,0,0,1,0,0,1,0,0,0,0,0,0,1,1,1,1,1,1,0,0,1,1,0,1,0,0,0,0,0,0,0,0,0,0,0,1,0,1,0,0,1,1,0,0,0,ARTICLE,https://doi.org/10.1007/978-1-4939-9794-7_21,0,0,0,0,1,0,31.726568,8.597018,9.00397,4,4,2018–2021,0.14639117343047398,0.17260462347211739,0.548762581461733
292,2020,"K Scheufele, S Subramanian, A Mang",Image-driven biophysical tumor growth model calibration,1,0,1,0,1,1,1,1,0,0,0,0,0,0,0,0,1,1,0,0,1,1,1,0,1,1,1,0,0,0,0,0,0,0,0,0,0,0,0,0,0,0,0,0,0,0,1,1,0,ARTICLE,https://doi.org/10.1137/19m1275280,0,0,0,0,1,0,34.240505,9.218584,6.227806,1,3,2018–2021,0.7369604896451338,0.3320495350452222,0.39560582698678254
293,2020,"K Scheufele, S Subramanian, G Biros",Automatic MRI-driven model calibration for advanced brain tumor progression analysis,1,0,1,0,0,1,1,1,0,0,0,0,0,0,0,0,1,1,0,0,1,1,0,0,1,0,0,0,0,0,0,0,0,0,0,0,0,0,0,0,0,0,0,0,0,0,0,0,0,ARTICLE,https://arxiv.org/abs/2001.09173,0,0,0,0,1,0,34.247116,9.578785,6.496743,1,1,2018–2021,0.5737137241714507,0.3320495350452222,0.24977845608481788
294,2020,"KM Storey, SE Lawler, TL Jackson","Modeling oncolytic viral therapy, immune checkpoint inhibition, and the complex dynamics of innate and adaptive immunity in glioblastoma treatment",1,1,0,0,0,0,0,0,0,0,0,0,0,0,0,0,1,1,0,1,0,0,0,0,0,0,0,0,0,0,0,0,0,0,0,0,0,0,0,1,0,1,0,0,1,1,0,0,0,ARTICLE,https://doi.org/10.3389/fphys.2020.00151,0,0,0,0,1,0,31.949888,8.759055,9.058877,4,4,2018–2021,0.14639117343047398,0.0,0.21114981805955557
295,2020,"L Adenis, E Gontran, C Deroulers, B Grammaticos",Experimental and modeling study of the formation of cell aggregates with differential substrate adhesion,1,1,0,1,0,0,1,0,0,0,0,0,0,1,0,1,1,1,0,0,1,1,1,0,1,0,0,0,0,0,0,0,0,0,0,0,0,0,0,0,0,0,0,0,0,0,0,0,0,ARTICLE,https://doi.org/10.1371/journal.pone.0222371,0,0,0,0,1,0,32.13713,9.231648,8.194489,4,4,2018–2021,0.26303951035486617,0.09885465261431564,0.29594034410550674
296,2020,"LS Prahl, MR Stanslaski, P Vargas, M Piel, DJ Odde",Predicting confined 1D cell migration from parameters calibrated to a 2D motor-clutch model,1,0,0,1,1,0,1,0,0,0,0,1,0,1,0,0,1,1,0,1,1,1,0,1,1,0,0,0,0,1,0,0,1,0,0,0,0,0,0,0,0,0,0,0,1,1,0,0,0,ARTICLE,https://doi.org/10.1016/j.bpj.2020.01.048,0,0,0,0,1,0,32.092224,9.332793,6.7103424,3,3,2018–2021,0.2798951023980753,0.19949324663593027,0.5365828814943376
297,2020,"M Conte, L Gerardo-Giorda, M Groppi",Glioma invasion and its interplay with nervous tissue and therapy: A multiscale model,1,1,1,0,1,0,1,1,1,0,0,1,0,0,0,0,1,1,0,1,1,1,0,1,1,1,0,1,0,0,0,0,0,0,0,0,0,0,0,0,0,0,0,0,1,1,1,1,0,ARTICLE,https://doi.org/10.1016/j.jtbi.2019.110088,0,0,0,0,1,0,34.0279,8.734278,5.5524783,1,3,2018–2021,0.6215857406902013,0.6119861653815786,0.5894578056574784
298,2020,"M Dehghan, N Narimani",Radial basis function-generated finite difference scheme for simulating the brain cancer growth model under radiotherapy in various types of computational domains,1,0,1,0,1,0,1,1,1,0,0,0,0,0,0,0,1,1,0,0,1,1,0,1,1,1,1,0,0,0,0,0,0,0,0,0,0,0,0,0,0,0,0,0,0,0,1,1,0,ARTICLE,https://doi.org/10.1016/j.cmpb.2020.105641,0,0,0,0,1,0,34.063786,8.658298,5.6544156,1,3,2018–2021,0.4751945672597273,0.4388168997386336,0.4535509454093349
299,2020,"M Ebenbeck, P Knopf",Optimal control theory and advanced optimality conditions for a diffuse interface model of tumor growth,1,0,1,0,0,1,0,0,0,0,0,0,0,0,0,0,1,1,0,0,1,1,1,0,0,1,0,1,0,0,0,0,0,0,0,0,0,0,0,0,0,0,0,0,0,0,0,0,0,ARTICLE,https://arxiv.org/abs/1903.00333,0,0,0,0,1,0,33.350895,8.582463,7.616546,1,1,2018–2021,0.5737137241714507,0.0,0.24995473034863816
300,2020,"M Hajishamsaei, A Pishevar, O Bavi",A novel in silico platform for a fully automatic personalized brain tumor growth,1,0,1,0,0,0,1,1,0,0,0,0,1,0,0,0,1,1,0,0,1,1,0,1,1,1,1,0,0,0,0,0,0,0,0,0,0,0,0,0,0,0,0,0,1,1,0,0,0,ARTICLE,https://doi.org/10.1016/j.mri.2019.12.012,0,0,0,0,1,0,33.85015,9.318361,6.105435,1,3,2018–2021,0.31194780178604425,0.43898097655421636,0.4757544423975979
301,2020,M Kuznetsov,Mathematical modeling shows that the response of a solid tumor to antiangiogenic therapy depends on the type of growth,1,1,0,0,0,0,0,0,0,0,0,0,0,0,0,0,1,1,0,0,1,1,0,1,1,1,1,1,0,0,0,0,0,0,0,0,1,0,1,0,0,0,0,0,0,0,0,0,0,ARTICLE,https://doi.org/10.3390/math8050760,0,0,0,0,1,0,32.41096,8.626317,8.05229,4,4,2018–2021,0.14639117343047398,0.0,0.5156669334907241
302,2020,"M Kuznetsov, A Kolobov",Investigation of solid tumor progression with account of proliferation/migration dichotomy via Darwinian mathematical model,1,0,1,0,0,0,0,0,0,0,0,0,0,0,0,0,1,1,0,1,1,1,0,0,1,0,0,0,0,1,0,1,0,0,1,1,1,1,1,0,0,0,0,0,0,0,0,0,0,ARTICLE,https://doi.org/10.1007/s00285-019-01434-4,0,0,0,0,1,0,33.28889,9.451973,7.278372,1,1,2018–2021,0.31194780178604425,0.0,0.42200374639841565
303,2020,"M Sarhaddi, M Yaghoobi",A new approach in cancer treatment regimen using adaptive fuzzy back-stepping sliding mode control and tumor-immunity fractional order model,1,1,0,0,0,0,0,0,0,0,0,0,0,0,0,0,1,1,0,1,1,0,0,0,0,0,0,0,0,0,0,0,0,0,0,0,0,0,0,0,0,0,0,0,1,1,0,0,0,ARTICLE,https://doi.org/10.1016/j.bbe.2020.09.003,0,0,0,0,1,0,31.940296,8.681745,8.987509,4,4,2018–2021,0.14639117343047398,0.0,0.30744756656615496
304,2020,"N Kolbe, N Sfakianakis, C Stinner, C Surulescu","Modeling multiple taxis: tumor invasion with phenotypic heterogeneity, haptotaxis, and unilateral interspecies repellence",1,0,1,0,1,0,1,0,1,0,0,0,0,0,0,0,1,1,1,0,1,1,1,1,1,1,1,0,0,0,0,0,0,0,0,0,1,1,0,1,0,1,0,0,0,0,0,0,0,ARTICLE,https://arxiv.org/abs/2005.01444,0,0,0,0,1,0,32.458965,9.064477,5.86509,3,3,2018–2021,0.4751945672597273,0.10676736469341137,0.5787579713128549
305,2020,"N Meghdadi, M Soltani, H Niroomand-Oscuii",Personalized image-based tumor growth prediction in a convectiondiffusionreaction model,1,0,1,0,1,0,1,1,0,0,0,0,1,0,0,0,1,1,0,0,1,1,0,1,0,1,0,1,0,0,0,0,0,0,0,0,1,1,1,0,0,0,0,0,0,0,1,1,0,ARTICLE,https://doi.org/10.1007/s13760-018-0973-1,0,0,0,0,1,0,34.31217,8.680868,6.4226427,1,3,2018–2021,0.4751945672597273,0.43898097655421636,0.40563103637082515
306,2020,"N Swinburne, E LoCastro, R Paudyal, JH Oh",Computational modeling of interstitial fluid pressure and velocity in non-small cell lung cancer brain metastases treated with stereotactic radiosurgery,1,0,1,0,0,0,1,0,0,1,0,0,0,0,0,0,1,0,0,0,0,0,0,0,0,1,1,1,0,0,0,0,0,0,0,0,0,0,0,1,0,1,0,0,0,0,0,0,0,ARTICLE,https://doi.org/10.3389/fneur.2020.00402,0,0,0,0,1,0,33.22533,8.18231,7.0926514,1,4,2018–2021,0.31194780178604425,0.17260462347211739,0.17278431537121888
307,2020,"P Kumar, C Surulescu",A flux-limited model for glioma patterning with hypoxia-induced angiogenesis,1,0,1,0,0,0,1,0,1,1,0,1,0,0,0,0,1,1,0,1,1,1,1,1,1,1,1,1,0,0,0,0,0,0,0,0,0,0,0,1,0,1,0,0,0,0,1,1,0,ARTICLE,https://doi.org/10.3390/sym12111870,0,0,0,0,1,0,32.737267,8.994736,5.364021,3,3,2018–2021,0.31194780178604425,0.4525412538084738,0.703053571949813
308,2020,"S Alfonso, AL Jenner, M Craig",Translational approaches to treating dynamical diseases through in silico clinical trials,1,1,0,0,0,0,1,0,0,0,0,1,0,0,0,0,1,1,0,0,1,0,0,0,0,0,0,0,0,0,0,0,0,0,0,0,0,0,0,1,0,1,0,0,1,1,0,0,0,ARTICLE,https://doi.org/10.1063/5.0019556,0,0,0,0,1,0,31.815458,8.487317,8.690555,4,4,2018–2021,0.14639117343047398,0.17316926564294505,0.27032633690916225
309,2020,"SA Carvalho, ML Martins",Biochemical warfare between living organisms for survival: Mathematical modeling,1,0,1,0,0,0,1,0,0,0,0,1,0,0,0,0,1,0,0,0,0,1,0,1,0,0,0,0,0,0,0,0,0,0,0,0,0,0,0,1,0,1,0,0,1,1,0,0,0,ARTICLE,https://doi.org/10.1007/978-3-319-76887-8_52-1,0,0,0,0,1,0,33.721024,9.220899,7.3401804,1,1,2018–2021,0.31194780178604425,0.17316926564294505,0.21941117980435754
310,2020,"T Koch, M Schneider, R Helmig, P Jenny",Modeling tissue perfusion in terms of 1d-3d embedded mixed-dimension coupled problems with distributed sources,1,0,1,0,1,0,1,1,0,0,0,0,0,0,0,0,1,0,0,0,0,0,0,0,0,1,0,1,0,0,0,0,0,0,0,0,1,0,1,0,0,0,0,0,0,0,0,0,0,ARTICLE,https://doi.org/10.1016/j.jcp.2020.109370,0,0,0,0,1,0,33.402943,8.1409235,7.4675403,1,1,2018–2021,0.4751945672597273,0.3320495350452222,0.09649224941279608
311,2020,V Kalinin,Cell extracellular matrix interaction in glioma growth. In silico model,1,0,1,0,0,0,1,0,0,0,0,1,0,1,0,0,1,1,0,1,1,1,0,1,1,1,1,0,0,0,0,0,0,0,0,0,0,0,0,0,0,0,0,0,0,0,1,0,1,ARTICLE,https://doi.org/10.1515/jib-2020-0027,0,0,0,0,1,0,33.140305,10.010136,6.769274,1,1,2018–2021,0.31194780178604425,0.19949324663593027,0.5240902466302554
312,2020,"Y Li, P Heijster, R Marangell, MJ Simpson",Travelling wave solutions in a negative nonlinear diffusion reaction model,1,0,1,0,0,0,0,0,0,0,0,0,0,0,0,0,1,1,0,1,1,1,1,0,0,0,0,0,0,0,0,0,0,0,0,0,0,0,0,0,0,0,0,0,0,0,0,0,0,ARTICLE,https://doi.org/10.1007/s00285-020-01547-1,0,0,0,0,1,0,33.433407,8.890847,7.7401557,1,1,2018–2021,0.31194780178604425,0.0,0.297029696267174
313,2020,"BS Jang, AJ Park, SH Jeon, IH Kim, DH Lim, SH Park",Machine learning model to predict pseudoprogression versus progression in glioblastoma using MRI: A multi-institutional study (KROG 18-07),1,0,0,0,0,1,1,0,0,1,0,0,1,0,0,0,1,0,0,0,0,1,0,1,0,0,0,0,0,0,0,0,0,0,0,0,0,0,0,0,0,0,0,0,0,0,0,0,0,ARTICLE,https://doi.org/10.3390/cancers12092706,0,0,0,0,1,0,30.946718,-7.449866,4.599199,2,2,2018–2021,0.2617659223854065,0.2795360649811115,0.10410700644324121
314,2020,"H Cao, EZ Erson-Omay, X Li, M Gnel, J Moliterno",A quantitative model based on clinically relevant MRI features differentiates lower grade gliomas and glioblastoma,1,0,0,0,0,1,1,1,0,0,0,0,0,0,0,0,1,0,0,0,0,0,0,0,0,1,0,0,1,1,0,0,0,1,0,0,0,0,0,0,0,0,0,0,0,0,0,0,0,ARTICLE,https://doi.org/10.1007/s00330-019-06632-8,0,0,0,0,1,0,31.633356,-8.428905,3.4604087,2,2,2018–2021,0.2617659223854065,0.3320495350452222,0.046075984683904114
315,2020,"H Yang, Q Wei, D Li, Z Wang",Cancer classification based on chromatin accessibility profiles with deep adversarial learning model,1,0,0,0,0,1,1,0,0,0,0,1,0,0,0,0,1,1,0,0,1,0,0,0,0,0,0,0,0,1,0,0,0,1,1,1,0,0,0,0,0,0,0,0,0,0,0,0,0,ARTICLE,https://doi.org/10.1371/journal.pcbi.1008405,0,0,0,0,1,0,31.474144,-7.252608,3.706482,2,2,2018–2021,0.2617659223854065,0.17316926564294505,0.18046111009551788
316,2020,"I Ezhov, T Mot, S Shit, J Lipkova",Real-time bayesian personalization via a learnable brain tumor growth model,1,0,1,0,0,1,1,0,0,0,0,0,1,0,0,0,1,1,0,0,1,1,0,1,1,0,0,0,0,0,0,0,0,0,0,0,0,0,0,0,0,0,0,0,0,0,0,0,0,ARTICLE,https://arxiv.org/pdf/2009.04240.pdf,0,0,0,0,1,0,33.984203,9.421029,6.47512,1,3,2018–2021,0.5737137241714507,0.10693144150899414,0.3538854625280591
317,2020,"J Amin, M Sharif, M Raza, T Saba, R Sial",Brain tumor detection: a long short-term memory (LSTM)-based learning model,1,0,0,0,1,1,1,1,0,0,0,0,0,0,0,0,1,1,0,1,0,0,0,0,0,0,0,0,0,0,0,0,0,0,0,0,0,0,0,0,0,0,0,0,0,0,0,0,0,ARTICLE,https://doi.org/10.1007/s00521-019-04650-7,0,0,0,0,1,0,31.719332,-8.764292,3.4736073,2,2,2018–2021,0.42501268785908963,0.3320495350452222,0.09584564469843923
318,2020,"J Dong, M Yu, Y Miao, H Shen, Y Sui, Y Liu",Differential Diagnosis of Solitary Fibrous Tumor/Hemangiopericytoma and Angiomatous Meningioma Using Three-Dimensional Magnetic Resonance Imaging Texture Feature Model,1,0,0,0,0,1,1,0,0,0,0,1,0,0,0,0,1,0,0,0,0,0,0,0,0,1,0,1,1,0,0,0,0,0,0,0,0,0,0,0,0,0,0,0,1,1,0,0,0,ARTICLE,https://doi.org/10.1155/2020/5042356,0,0,0,0,1,0,31.04679,-7.9055257,3.8930433,2,2,2018–2021,0.2617659223854065,0.17316926564294505,0.13059925403811076
319,2020,"J Yang, HE Moon, HW Park, A McDowell",Brain tumor diagnostic model and dietary effect based on extracellular vesicle microbiome data in serum,1,0,0,0,0,1,1,0,0,0,0,1,0,0,0,0,1,1,0,0,1,0,0,0,0,1,0,0,1,1,1,0,0,0,0,0,1,0,1,0,0,0,0,0,1,1,0,0,0,ARTICLE,https://doi.org/10.1155/2020/5042356,0,0,0,0,1,0,31.570684,-7.21308,4.234288,2,2,2018–2021,0.2617659223854065,0.17316926564294505,0.3013924573384471
320,2020,"J Zhang, K Yao, P Liu, Z Liu, T Han, Z Zhao, Y Cao",A radiomics model for preoperative prediction of brain invasion in meningioma non-invasively based on MRI: A multicentre study,1,0,0,0,0,1,1,1,0,0,0,1,0,0,0,0,1,1,0,0,1,1,0,1,0,1,0,0,1,0,0,0,0,0,0,0,0,0,0,0,0,0,0,0,0,0,0,0,0,ARTICLE,https://doi.org/10.1016/j.ebiom.2020.102933,0,0,0,0,1,0,31.448093,-7.743802,3.2257078,2,2,2018–2021,0.2617659223854065,0.5052188006881673,0.2843779869298247
321,2020,"K Chen, B Huang, S Yan, S Xu, K Li, K Zhang",Two machine learning methods identify a metastasis-related prognostic model that predicts overall survival in medulloblastoma patients,1,0,0,0,0,1,1,1,0,0,0,1,0,0,0,0,1,1,0,0,1,0,0,0,0,0,0,0,0,0,0,0,0,0,0,0,0,0,0,0,0,0,0,0,0,0,0,0,0,ARTICLE,https://doi.org/10.18632/aging.103923,0,0,0,0,1,0,31.772013,-7.806333,3.1581626,2,2,2018–2021,0.2617659223854065,0.5052188006881673,0.1550221635480459
322,2020,"K Jang, C Russo, A Di Ieva",Radiomics in gliomas: clinical implications of computational modeling and fractal-based analysis,1,0,0,0,0,1,1,1,0,1,0,1,1,0,0,0,1,1,0,0,1,1,0,1,0,1,0,0,1,0,0,0,0,0,1,1,1,0,1,0,0,0,0,0,0,0,0,0,0,ARTICLE,https://doi.org/10.1007/s00234-020-02403-1,0,0,0,0,1,0,31.178516,-7.656007,3.498366,2,2,2018–2021,0.2617659223854065,0.7847548656692789,0.33671133636482287
323,2020,"K Wang, Z Qiao, X Zhao, X Li, X Wang, T Wu",Individualized discrimination of tumor recurrence from radiation necrosis in glioma patients using an integrated radiomics-based model,1,0,0,0,0,1,1,0,0,0,0,1,1,0,0,0,1,0,0,0,0,0,0,0,0,0,0,0,0,0,0,0,0,0,0,0,1,0,1,0,0,0,0,0,0,0,0,0,0,ARTICLE,https://doi.org/10.1007/s00259-019-04604-0,0,0,0,0,1,0,31.619709,-7.461761,4.4896374,2,2,2018–2021,0.2617659223854065,0.2801007071519392,0.047721570632892715
324,2020,"M Kim, SY Jung, JE Park, Y Jo, SY Park, SJ Nam",Diffusion-and perfusion-weighted MRI radiomics model may predict isocitrate dehydrogenase (IDH) mutation and tumor aggressiveness in diffuse lower grade glioma,1,0,0,0,0,1,1,0,1,1,0,0,0,0,0,0,1,0,0,0,0,0,0,0,0,1,1,0,0,0,0,0,0,0,0,0,0,0,0,0,0,0,0,0,0,0,0,0,0,ARTICLE,https://doi.org/10.1007/s00330-019-06548-3,0,0,0,0,1,0,30.871025,-7.283517,4.171846,2,2,2018–2021,0.2617659223854065,0.2793719881655288,0.065289221549869
325,2020,"N Wijethilake, M Islam, H Ren",Radiogenomics model for overall survival prediction of glioblastoma,1,0,0,0,0,1,1,1,0,0,0,1,0,0,0,0,1,1,0,0,1,0,0,0,0,0,0,0,0,0,0,0,0,0,0,0,0,0,0,0,0,0,0,0,0,0,0,0,0,ARTICLE,https://doi.org/10.1007/s11517-020-02179-9,0,0,0,0,1,0,31.73997,-7.762986,3.1240373,2,2,2018–2021,0.2617659223854065,0.5052188006881673,0.1550221635480459
326,2020,"P Mascheroni, S Savvopoulos, JCL Alfonso",Bayesian combination of mechanistic modeling and machine learning (BaM3): improving personalized tumor growth predictions,1,1,1,0,0,1,1,0,0,0,0,1,0,0,0,0,1,1,1,1,1,0,0,0,0,1,1,1,0,0,0,0,0,0,0,0,0,0,0,1,0,1,1,1,0,0,0,0,0,ARTICLE,https://doi.org/10.1101/2020.05.06.080242 ,0,0,0,0,1,0,32.825882,8.541241,6.31511,3,4,2018–2021,0.7201048976019248,0.17316926564294505,0.4738772402049658
327,2020,"P Saxena, A Maheshwari, S Maheshwari",Predictive modeling of brain tumor: a deep learning approach,1,0,0,0,0,1,1,1,0,0,0,0,0,0,0,0,1,1,0,1,0,0,0,0,0,0,0,0,0,0,0,0,0,0,0,0,0,0,0,0,0,0,0,0,0,0,0,0,0,ARTICLE,https://doi.org/10.1007/978-981-15-6067-5_30,0,0,0,0,1,0,31.69035,-8.740896,3.5631356,2,2,2018–2021,0.2617659223854065,0.3320495350452222,0.09584564469843923
328,2020,"PR Jackson, A Hawkins-Daarud",Simulated diffusion weighted images based on model-predicted tumor growth,1,0,0,0,0,1,1,1,0,1,0,0,1,0,0,0,1,1,0,0,1,1,0,1,0,1,1,1,0,0,0,0,0,0,0,0,0,0,0,0,0,0,0,0,0,0,0,0,0,ARTICLE,https://doi.org/10.1007/978-3-030-59520-3_4,0,0,0,0,1,0,30.484049,-7.4679146,4.328039,2,2,2018–2021,0.2617659223854065,0.6115856000263338,0.37318907032105947
329,2020,"S Bae, C An, SS Ahn, H Kim, K Han, SW Kim, JE Park",Robust performance of deep learning for distinguishing glioblastoma from single brain metastasis using radiomic features: model development and validation,1,0,0,0,0,1,1,0,0,1,0,0,0,0,0,0,1,1,0,0,1,0,0,0,0,0,0,0,0,0,0,0,0,0,0,0,0,0,0,0,0,0,0,0,0,0,0,0,0,ARTICLE,https://doi.org/10.1038/s41598-020-68980-6,0,0,0,0,1,0,30.78628,-6.9659142,4.221256,2,2,2018–2021,0.2617659223854065,0.17260462347211739,0.1550221635480459
330,2020,S Benzekry,Artificial intelligence and mechanistic modeling for clinical decision making in oncology,1,0,0,0,0,1,1,1,0,0,0,1,1,0,0,0,1,1,0,1,0,0,0,0,0,0,0,0,0,1,0,1,0,0,0,0,0,0,0,0,0,0,0,0,1,1,0,0,0,ARTICLE,https://doi.org/10.1002/cpt.1951,0,0,0,0,1,0,31.744993,-8.44187,3.3489175,2,2,2018–2021,0.2617659223854065,0.6121502421971614,0.1608383435629343
331,2020,"W Deng, Q Shi, M Wang, B Zheng, N Ning",Deep learning-based HCNN and CRF-RRNN model for brain tumor segmentation,1,0,0,0,0,1,1,1,0,0,0,0,0,0,0,0,1,0,0,0,0,0,0,0,0,0,0,0,0,0,0,0,0,0,0,0,1,0,1,0,0,0,0,0,0,0,0,0,0,ARTICLE,https://doi.org/10.1109/ACCESS.2020.2966879,0,0,0,0,1,0,31.828787,-8.154673,3.896848,2,2,2018–2021,0.2617659223854065,0.3320495350452222,0.047721570632892715
332,2020,"Y Ding, F Wang, X Lei, B Liao",Deep belief networkbased matrix factorization model for MicroRNA-disease associations prediction,1,0,0,0,0,1,1,0,0,0,0,1,0,0,0,0,1,1,0,0,1,0,0,0,0,0,0,0,0,0,0,0,0,0,0,0,1,0,1,0,0,0,0,0,0,0,0,0,0,ARTICLE,https://doi.org/10.1177/1176934320919707,0,0,0,0,1,0,31.635073,-7.1887093,4.2357993,2,2,2018–2021,0.2617659223854065,0.17316926564294505,0.2027437341809386
333,2020,"Y Shimizu, K Kudo, H Kameda, T Harada",Prediction of Hypoxia in Brain Tumors Using a Multivariate Model Built from MR Imaging and 18F-Fluorodeoxyglucose Accumulation Data,1,0,0,0,0,1,1,1,0,0,0,0,1,0,0,0,1,1,0,0,1,0,0,0,0,1,1,1,1,0,0,0,0,0,0,0,1,0,1,0,0,0,0,0,0,0,0,0,0,ARTICLE,https://doi.org/10.2463/mrms.mp.2019-0049,0,0,0,0,1,0,31.032682,-7.894595,3.5551922,2,2,2018–2021,0.2617659223854065,0.43898097655421636,0.3420524514492486
334,2021,"A Collin, C Copol, V Pianet, T Colin",Spatiotemporal dynamics of a glioma immune interaction model,1,0,1,0,0,0,1,1,1,0,0,0,0,0,0,0,1,1,0,1,1,1,1,1,1,1,1,0,1,1,0,0,1,0,0,0,1,0,1,0,0,0,0,0,1,1,0,0,0,ARTICLE,https://doi.org/10.1038/s41598-021-00985-1,0,0,0,0,1,0,33.492943,9.02497,5.5862584,1,3,2018–2021,0.31194780178604425,0.4388168997386336,0.7210043786363258
335,2021,"A Corti, M Colombo, F Migliavacca",Multiscale modeling of glioma pseudopalisades: contributions from the tumor microenvironment,1,1,1,0,1,0,1,0,1,1,0,1,0,0,0,0,1,1,0,1,1,1,1,1,1,1,1,1,0,0,0,0,0,0,0,0,1,1,0,1,0,1,0,0,0,0,0,0,0,ARTICLE,https://doi.org/10.1007/s00285-021-01599-x,0,0,0,0,1,0,32.68911,8.964494,5.1893873,3,3,2018–2021,0.6215857406902013,0.4525412538084738,0.6843106662537414
336,2021,"A Lasri, M Sturrock",Theoretical and numerical analysis for a hybrid tumor model with diffusion depending on vasculature,1,1,1,0,0,0,1,0,0,1,0,0,0,0,0,0,1,1,0,0,1,1,1,0,0,1,0,1,0,0,0,0,0,0,0,0,0,0,0,0,0,0,0,0,0,0,0,0,0,ARTICLE,https://doi.org/10.1016/j.jmaa.2021.125325,0,0,0,0,1,0,33.353622,8.679117,7.7422934,1,1,2018–2021,0.45833897521651823,0.17260462347211739,0.24995473034863816
337,2021,"A Perrillat-Mercerot, A Miranville",Phase-specific cancer-immune model considering acquired resistance to therapeutic agents,1,1,0,0,0,0,0,0,0,0,0,0,0,0,0,0,1,1,0,1,1,0,0,0,0,0,0,0,0,1,0,0,1,1,0,0,0,0,0,1,0,1,0,0,1,1,0,0,0,ARTICLE,https://doi.org/10.1016/j.amc.2020.125555,0,0,0,0,1,0,31.722303,8.789206,8.877534,4,4,2018–2021,0.14639117343047398,0.0,0.4172711653011374
338,2021,"B Tun, DA Hormuth II, G Biros",Modular microenvironment components reproduce vascular dynamics de novo in a multi-scale agent-based model,1,0,0,1,1,0,0,0,0,0,0,0,0,0,0,0,1,1,0,1,1,1,0,0,1,1,1,1,0,1,0,0,1,0,0,0,1,1,1,1,0,1,0,0,0,0,0,0,0,ARTICLE,https://doi.org/10.1016/j.cels.2021.05.007,0,0,0,0,1,0,32.3131,8.577617,7.210515,3,4,2018–2021,0.2798951023980753,0.0,0.6120353583708733
339,2021,"F Acerbi, A Agosti, J Falco, S Marchesi, IG Vetrano, et al.",Mechano-biological features in a patient-specific computational model of glioblastoma,1,0,1,0,0,0,1,1,1,1,0,1,1,0,0,0,1,1,0,1,1,1,0,1,1,1,1,0,1,1,0,0,1,0,0,0,1,1,0,1,0,1,0,0,0,0,0,0,0,ARTICLE,https://doi.org/10.1007/978-1-0716-0856-2_12,0,0,0,0,1,0,33.3343,9.257186,5.510226,1,3,2018–2021,0.31194780178604425,0.8915222303626902,0.6448989323398561
340,2021,"G Corbin, A Klar, C Surulescu, C Engwer, et al.",Modeling glioma invasion with anisotropy-and hypoxia-triggered motility enhancement: From subcellular dynamics to macroscopic PDEs with multiple taxis,1,0,1,0,1,0,1,0,1,1,0,0,0,0,0,0,1,1,0,0,1,1,1,1,1,1,1,1,0,0,0,0,0,0,0,0,0,0,0,1,0,1,0,0,1,1,1,1,0,ARTICLE,https://arxiv.org/abs/2006.12322,0,0,0,0,1,0,32.51207,8.812495,5.6318417,3,3,2018–2021,0.4751945672597273,0.2793719881655288,0.6637876855710435
341,2021,"B Tunc, DA Hormuth II, G Biros, TE Yankeelov",Modeling of glioma growth with mass effect by longitudinal magnetic resonance imaging,1,0,1,0,0,0,1,1,0,0,0,0,1,0,0,0,1,1,0,1,1,1,0,1,0,1,1,0,0,0,0,0,0,0,0,0,1,0,1,0,0,0,0,0,0,0,1,1,0,ARTICLE,https://doi.org/10.1109/tbme.2021.3085523,0,0,0,0,1,0,34.316963,8.88941,6.2683835,1,3,2018–2021,0.31194780178604425,0.43898097655421636,0.5023618682038948
342,2021,"J de Montigny, A Iosif, L Breitwieser, M Manca, R Bauer, V Vavourakis","An in silico hybrid continuum-/agent-based procedure to modelling cancer development: Interrogating the interplay amongst glioma invasion, vascularity and",1,0,1,1,1,0,1,0,0,0,0,0,0,1,0,0,1,1,0,1,1,1,1,1,1,1,1,0,0,1,0,0,1,0,0,0,1,0,1,0,0,0,1,1,1,1,1,1,0,ARTICLE,https://doi.org/10.1016/j.ymeth.2020.01.006,0,0,0,0,1,0,32.075676,9.49517,6.257538,3,3,2018–2021,0.5918429041841196,0.02632398099298523,0.7412933110790008
343,2021,"J Kremheller, S Brandstaeter",Validation and parameter optimization of a hybrid embedded/homogenized solid tumor perfusion model,1,0,1,0,1,0,1,1,0,0,0,0,0,0,0,0,1,0,0,0,0,0,0,0,0,1,1,1,0,0,0,0,0,0,0,0,0,0,0,0,0,0,0,0,0,0,0,0,0,ARTICLE,https://doi.org/10.1002/cnm.3508,0,0,0,0,1,0,33.3013,8.130745,7.4386444,1,4,2018–2021,0.4751945672597273,0.3320495350452222,0.11405990032977237
344,2021,"J Liu, DA Hormuth, T Davis, J Yang",A time-resolved experimentalmathematical model for predicting the response of glioma cells to single-dose radiation therapy,1,1,0,0,1,0,1,1,0,0,0,1,0,0,0,1,1,1,1,0,1,0,0,0,0,1,1,1,0,0,0,0,0,0,0,0,1,0,1,0,0,0,0,0,0,0,0,0,0,ARTICLE,https://doi.org/10.1093/intbio/zyab010,0,0,0,0,1,0,32.4172,7.94851,8.175343,4,4,2018–2021,0.30963793890415703,0.5777494723094977,0.3558672630481672
345,2021,J Malinzi,A mathematical model for oncolytic virus spread using the telegraph equation,1,0,1,0,0,0,0,0,0,0,0,0,0,0,0,0,1,1,0,1,1,1,0,1,0,0,0,0,0,0,0,0,0,0,0,0,0,0,0,1,0,1,0,0,1,1,0,0,0,ARTICLE,https://doi.org/10.1016/j.cnsns.2021.105944,0,0,0,0,1,0,33.559475,9.439427,7.271757,1,1,2018–2021,0.31194780178604425,0.0,0.4702789880508427
346,2021,"KM Storey, TL Jackson",An agent-based model of combination oncolytic viral therapy and anti-PD-1 immunotherapy reveals the importance of spatial location when treating glioblastoma,1,0,1,1,0,0,1,1,0,0,0,0,0,0,0,0,1,1,1,1,1,1,1,0,1,1,0,1,0,0,0,0,0,0,0,0,0,0,0,1,0,1,0,0,1,1,0,0,0,ARTICLE,https://doi.org/10.3390/cancers13215314,0,0,0,0,1,0,32.333862,9.909817,6.4213696,3,3,2018–2021,0.42859613871043645,0.3320495350452222,0.594924469482422
347,2021,"L Cherfils, S Gatti, A Miranville",Analysis of a model for tumor growth and lactate exchanges in a glioma.,1,0,1,0,0,0,0,0,0,0,0,0,0,0,0,0,1,1,0,0,1,0,0,0,0,0,0,0,0,0,0,0,0,0,0,0,1,0,1,0,0,0,0,0,0,0,0,0,0,ARTICLE,https://doi.org/10.3934/dcdss.2020457,0,0,0,0,1,0,33.417393,8.519139,7.586935,1,1,2018–2021,0.31194780178604425,0.0,0.2027437341809386
348,2021,"L Wang, A Hawkins-Daarud",Knowledge-infused global-local data fusion for spatial predictive modeling in precision medicine,1,0,0,0,0,1,1,0,0,1,0,0,0,0,0,0,1,1,0,0,1,1,0,1,0,0,0,0,0,0,0,0,0,0,0,0,1,0,1,0,0,0,0,0,0,0,0,0,0,ARTICLE,https://doi.org/10.1109/TASE.2021.3076117,0,0,0,0,1,0,30.728395,-6.8637924,4.309244,2,2,2018–2021,0.2617659223854065,0.17260462347211739,0.30685074062417983
349,2021,"O León-Triana, J Pérez-Beteta, et al.",Brain Metastasis Response to Stereotactic Radio Surgery: A Mathematical Approach,1,1,0,0,0,0,1,1,0,0,0,0,0,0,0,0,1,1,0,0,1,0,0,0,0,0,0,0,0,0,0,0,0,0,0,0,0,0,0,0,0,0,0,0,0,0,0,0,0,ARTICLE,https://doi.org/10.3390/math9070716,0,0,0,0,1,0,32.520206,8.372327,8.619333,4,4,2018–2021,0.14639117343047398,0.3320495350452222,0.1550221635480459
350,2021,"LM da Silva, GB Alvarez, E da Silva Christo",Towards an image-informed mathematical model of in vivo response to fractionated radiation therapy,1,0,1,0,0,0,1,1,0,0,0,0,0,0,0,0,1,1,1,1,1,1,0,1,0,1,1,1,0,1,0,0,1,0,0,0,0,0,0,0,0,0,0,0,1,1,1,1,0,ARTICLE,https://doi.org/10.3390/cancers13081765,0,0,0,0,1,0,33.67522,9.058203,5.9533496,1,3,2018–2021,0.31194780178604425,0.3320495350452222,0.6293263791562009
351,2021,"M Amereh, R Edwards, M Akbari, B Nadler",In-Silico Modeling of Tumor Spheroid Formation and Growth,1,0,1,0,0,0,1,0,0,0,0,1,1,0,0,1,1,1,0,1,1,1,0,1,1,1,1,0,0,1,0,0,1,0,0,0,1,0,1,1,0,1,0,0,1,1,0,0,0,ARTICLE,https://doi.org/10.3390/mi12070749,0,0,0,0,1,0,33.18178,9.335197,5.866129,1,3,2018–2021,0.31194780178604425,0.3526313787732696,0.708318088718546
352,2021,"M Conte, C Surulescu",Mathematical modeling of glioma invasion: acid-and vasculature mediated go-or-grow dichotomy and the influence of tissue anisotropy,1,1,1,0,0,0,1,1,1,0,0,1,0,0,0,0,1,1,0,1,1,1,1,1,1,1,1,1,0,0,0,0,0,0,0,0,1,1,1,1,0,1,0,0,0,0,0,0,0,ARTICLE,https://doi.org/10.1016/j.amc.2021.126305,0,0,0,0,1,0,32.72935,8.996598,5.147883,3,3,2018–2021,0.45833897521651823,0.6119861653815786,0.7320322368866341
353,2021,"M Scott, K ychaluk, RN Bearon",A mathematical framework for modelling 3D cell motility: applications to glioblastoma cell migration,1,0,1,1,0,0,1,1,1,0,0,1,1,0,0,0,1,1,0,0,1,1,1,1,1,1,1,0,0,0,0,0,0,0,0,0,0,0,0,0,0,0,0,0,0,0,0,0,0,ARTICLE,https://doi.org/10.1093/imammb/dqab009,0,0,0,0,1,0,33.815548,8.874267,5.5187745,1,3,2018–2021,0.42859613871043645,0.7189176068905727,0.46533657209861695
354,2021,"M Yousefnezhad, CY Kao, SA Mohammadi",Partial differential model of lactate neuro-energetics: analytic results and numerical simulations,1,0,1,0,0,0,0,0,0,0,0,0,0,0,0,0,1,0,0,0,0,0,0,0,0,0,0,0,0,0,0,0,0,0,0,0,1,1,1,0,0,0,0,0,0,0,0,0,0,ARTICLE,https://doi.org/10.1093/imammb/dqaa016,0,0,0,0,1,0,33.466457,8.298526,7.820931,1,1,2018–2021,0.31194780178604425,0.0,0.06335492626822785
355,2021,"Martina Conte, Sergio Casas-Tintò, Juan Soler",Modeling invasion patterns in the glioblastoma battlefield,1,0,1,0,0,0,0,0,0,0,0,0,0,0,0,1,1,1,0,1,1,1,1,1,1,0,0,0,0,0,0,0,0,0,0,0,0,0,0,1,1,1,0,0,0,0,0,0,0,ARTICLE,https://doi.org/10.1371/journal.pcbi.1008632,0,0,0,0,1,0,32.87886,9.920866,6.0638804,3,3,2018–2021,0.31194780178604425,0.07253067162133041,0.5661412514314681
356,2021,"MU Saeed, G Ali, W Bin, SH Almotiri, MA AlGhamdi",Spatial mechanistic modeling for prediction of the growth of asymptomatic meningiomas,1,0,1,0,0,0,1,1,0,0,0,0,0,0,0,0,1,1,0,1,0,1,0,1,0,1,1,0,0,0,0,0,0,0,0,0,0,0,0,0,0,0,0,0,0,0,0,0,0,ARTICLE,https://doi.org/10.1016/j.cmpb.2020.105829,0,0,0,0,1,0,34.27176,9.2397375,6.6566916,1,3,2018–2021,0.31194780178604425,0.3320495350452222,0.2652418726915494
357,2021,"Randles A, Wirsching HG, Dean JA, Cheng YK, et al.",Computational modelling of perivascular-niche dynamics for the optimization of treatment schedules for glioblastoma,1,0,0,1,0,0,0,0,0,0,0,0,0,0,0,1,1,1,1,1,1,0,0,0,0,1,0,1,0,1,0,0,1,0,0,0,0,0,0,1,1,1,1,1,0,0,0,0,0,ARTICLE,https://doi.org/10.1038/s41551-021-00710-3,0,0,0,0,1,0,32.08465,9.822493,7.5320144,4,3,2018–2021,0.1166483369243922,0.07253067162133041,0.4503838757461005
358,2021,"S Khajanchi, JJ Nieto",The influence of methylation status on a stochastic model of MGMT dynamics in glioblastoma: Phenotypic selection can occur with and without a downshift in,1,1,0,0,0,0,1,0,0,1,0,0,0,0,0,0,1,1,0,0,1,0,0,0,0,0,0,0,0,0,0,0,0,0,0,0,0,0,0,0,0,0,0,0,0,0,0,0,0,ARTICLE,https://doi.org/10.1016/j.jtbi.2021.110662,0,0,0,0,1,0,32.511143,8.48533,8.589247,4,4,2018–2021,0.14639117343047398,0.17260462347211739,0.1550221635480459
359,2021,S Korkut,Optimal chemotherapy for brain tumor growth in a reaction-diffusion model,1,0,1,0,0,0,1,1,0,0,0,0,0,0,0,0,1,1,0,1,1,1,0,1,0,0,0,0,0,0,0,0,0,0,0,0,0,0,0,1,0,1,0,0,0,0,0,0,0,ARTICLE,https://doi.org/10.1137/20M135995X,0,0,0,0,1,0,33.861343,9.771035,6.946806,1,1,2018–2021,0.31194780178604425,0.3320495350452222,0.41369922973117285
360,2021,"S Suveges, K Hossain-Ibrahim, JD Steele, R Eftimie",Mathematical modelling of glioblastomas invasion within the brain: a 3D multi-scale moving-boundary approach,1,0,1,0,0,0,1,1,1,0,0,0,1,0,0,0,1,1,0,0,1,1,1,1,1,1,1,0,0,0,0,0,0,0,0,0,1,1,0,0,0,0,0,0,1,1,1,1,0,ARTICLE,https://doi.org/10.3390/math9182214,0,0,0,0,1,0,33.85136,8.868244,5.571306,1,3,2018–2021,0.31194780178604425,0.5457483412476277,0.5719259473850288
361,2021,"T Sun, Y He, W Li, G Liu, L Li",New alternative numerical approaches for solving the glioma model and their efficiencies,1,0,1,0,0,0,0,0,0,0,0,0,0,0,0,0,1,1,0,1,1,1,0,1,1,0,0,0,0,0,0,0,0,0,0,0,0,0,0,0,0,0,0,0,0,0,0,0,0,ARTICLE,https://doi.org/10.1007/s40096-021-00399-0,0,0,0,0,1,0,33.1643,10.118813,6.744274,1,1,2018–2021,0.31194780178604425,0.0,0.44973110722649834
362,2021,"TA Phan, HD Nguyen, JP Tian",Deterministic and stochastic modeling for PDGF-driven gliomas reveals a classification of gliomas,1,1,0,0,0,0,0,0,0,0,0,0,0,0,0,0,1,1,0,1,1,1,1,0,1,0,0,0,0,0,0,0,0,0,0,0,0,0,0,0,0,0,0,0,1,1,0,0,0,ARTICLE,https://doi.org/10.1007/s00285-021-01647-6,0,0,0,0,1,0,31.81406,8.982204,8.795447,4,4,2018–2021,0.14639117343047398,0.0,0.4483657471236158
363,2021,"VA Selivanov, OA Zagubnaya, YR Nartsissov",Unveiling a key role of oxaloacetate-glutamate interaction in regulation of respiration and ROS generation in nonsynaptic brain mitochondria using a kinetic model,1,1,1,0,0,0,1,0,0,0,0,1,0,0,0,0,1,0,0,0,0,1,0,0,1,1,0,0,1,0,0,0,0,0,0,0,1,1,1,0,0,0,0,0,0,0,0,0,0,ARTICLE,https://doi.org/10.1371/journal.pone.0255164,0,0,0,0,1,0,33.186325,8.216836,7.9935145,1,1,2018–2021,0.45833897521651823,0.17316926564294505,0.18336003574353743
364,2021,"Z Zhang, L Liu, C Ma, X Cui, RHW Lam",An in silico glioblastoma microenvironment model dissects the immunological mechanisms of resistance to PD1 checkpoint blockade immunotherapy,1,1,0,0,0,0,1,0,0,0,0,0,0,1,0,1,1,1,0,1,1,0,0,0,0,1,1,0,1,0,0,0,0,0,0,0,0,0,0,1,0,1,1,1,1,1,0,0,0,ARTICLE,https://doi.org/10.1002/smtd.202100197,0,0,0,0,1,0,31.744244,8.714113,9.096149,4,4,2018–2021,0.14639117343047398,0.09885465261431564,0.4678715081458137
365,2021,"A Alnemer, J Rasheed",An Efficient Transfer Learning-based Model for Classification of Brain Tumor,1,0,0,0,1,1,1,1,0,1,0,0,1,0,0,0,1,1,0,1,0,0,0,0,0,0,0,0,0,0,0,0,0,0,0,0,0,0,0,0,0,0,0,0,1,1,0,0,0,ARTICLE,https://doi.org/10.1109/ISMSIT52890.2021.9604677,0,0,0,0,1,0,30.661777,-7.906936,4.384617,2,2,2018–2021,0.42501268785908963,0.6115856000263338,0.15242540301810906
366,2021,"A Fernndez-Romero, F Guilln-Gonzlez",Time series forecasting using ARIMA for modeling of glioma growth in response to radiotherapy,1,0,0,0,0,1,1,0,0,0,0,1,0,0,0,0,1,1,1,1,1,1,0,1,0,0,0,0,0,1,0,0,1,0,0,0,0,0,0,0,0,0,0,0,1,1,0,0,0,ARTICLE,https://doi.org/10.5433/1679-0375.2021V42N1P3,0,0,0,0,1,0,31.36538,-6.6280217,4.6131344,2,2,2018–2021,0.2617659223854065,0.17316926564294505,0.48089021749502175
367,2021,"ANV Dehkordi, S Sina",A Comparison of Deep Learning and Pharmacokinetic Model Selection Methods in Segmentation of High-Grade Glioma,1,0,0,0,0,1,1,1,0,0,0,0,0,0,0,0,1,0,0,0,0,0,0,0,0,1,1,1,1,0,0,0,0,0,0,0,0,0,0,0,0,0,0,0,0,0,0,0,0,ARTICLE,https://doi.org/10.18502/fbt.v8i1.5858,0,0,0,0,1,0,30.985075,-8.283929,3.459007,2,2,2018–2021,0.2617659223854065,0.3320495350452222,0.13930871726830996
368,2021,"B Jehangir, SR Nayak",A Hybrid-Based Ensemble Learning Model and DNN for Automated Diagnosis of Brain Tumor from MRI Images,1,0,0,0,1,1,1,1,0,0,0,0,0,0,0,0,1,0,0,0,0,0,0,0,0,1,0,1,0,0,0,0,0,0,0,0,0,0,0,0,0,0,0,0,0,0,0,0,0,ARTICLE,https://doi.org/10.1007/978-981-16-7076-3_27,0,0,0,0,1,0,31.406343,-8.342954,3.3998196,2,2,2018–2021,0.42501268785908963,0.3320495350452222,0.04877067877990337
369,2021,"B Majc, M Novak, N Kopitar-Jerala, A Jewett, B Breznik",Immunotherapy of glioblastoma: current strategies and challenges in tumor model development,1,0,0,0,0,1,1,0,0,1,0,1,0,0,0,0,1,1,0,0,1,1,0,1,1,1,1,1,1,1,1,1,1,1,0,0,1,0,1,1,1,1,0,0,1,1,0,0,0,ARTICLE,https://doi.org/10.3390/cells10020265,0,0,0,0,1,0,30.868998,-6.4306045,4.9580555,2,2,2018–2021,0.2617659223854065,0.34577388911506246,0.7440760370708748
370,2021,"CW Lerche, T Radomski, P Lohmann",A linearized fit model for robust shape parameterization of FET-PET TACs,1,0,0,0,0,1,1,0,0,1,0,0,1,0,0,0,1,0,0,0,0,1,0,1,0,0,0,0,0,0,0,0,0,0,0,0,1,0,1,0,0,0,0,0,0,0,0,0,0,ARTICLE,https://doi.org/10.1109/tmi.2021.3067169,0,0,0,0,1,0,31.210373,-7.3599668,4.6454773,2,2,2018–2021,0.2617659223854065,0.2795360649811115,0.15182857707613392
371,2021,"F O'Sullivan, F Gu, Q Wu, LD O'Suilleabhain",A Generalized Linear modeling approach to bootstrapping multi-frame PET image data,1,0,0,0,0,1,0,0,0,0,0,0,0,0,0,0,1,0,0,0,0,0,0,0,0,0,0,0,0,0,0,0,0,0,0,0,1,0,1,0,0,0,0,0,0,0,0,0,0,ARTICLE,https://doi.org/10.1016/j.media.2021.102132,0,0,0,0,1,0,31.850756,-7.7574697,4.347266,2,2,2018–2021,0.2617659223854065,0.0,0.047721570632892715
372,2021,"H Awan, S Balasubramaniam",A voxel model to decipher the role of molecular communication in the growth of glioblastoma multiforme,1,1,0,0,0,1,1,1,0,0,0,0,0,0,0,0,1,1,0,1,1,1,0,1,1,1,1,1,1,1,0,0,1,0,0,0,1,0,1,0,0,0,0,0,1,1,1,1,0,ARTICLE,https://doi.org/10.1109/tnb.2021.3071922,0,0,0,0,1,0,33.551735,8.982677,5.772044,1,3,2018–2021,0.4081570958158805,0.3320495350452222,0.7579894307269471
373,2021,"I Shin, H Kim, SS Ahn, B Sohn, S Bae",Development and Validation of a Deep LearningBased Model to Distinguish Glioblastoma from Solitary Brain Metastasis Using Conventional MR Images,1,0,0,0,0,1,1,1,0,0,0,0,0,0,0,0,1,0,0,0,0,0,0,0,0,1,1,0,0,0,0,0,0,0,0,0,0,0,0,0,0,0,0,0,0,0,0,0,0,ARTICLE,https://doi.org/10.3174/ajnr.a7003,0,0,0,0,1,0,31.301832,-8.3622265,3.4668846,2,2,2018–2021,0.2617659223854065,0.3320495350452222,0.065289221549869
374,2021,"J Wang, X Dai, H Luo, C Yan, G Zhang, J Luo",MI_DenseNetCAM: a novel pan-cancer classification and prediction method based on mutual information and deep learning model,1,0,0,0,0,1,0,0,0,0,0,0,0,0,0,0,1,0,0,0,0,1,0,0,1,1,0,1,0,1,1,0,0,0,0,0,1,0,1,0,0,0,0,0,0,0,0,0,0,ARTICLE,https://doi.org/10.3389/fgene.2021.670232,0,0,0,0,1,0,31.882153,-7.7549443,4.311765,2,2,2018–2021,0.2617659223854065,0.0,0.20806868984886917
375,2021,"JH Byun, IH Jung",Radiogenomic modeling predicts survival-associated prognostic groups in glioblastoma,1,0,0,0,0,1,1,0,0,0,0,0,1,0,0,0,1,0,0,0,0,0,0,0,0,0,0,0,0,0,0,0,0,0,0,0,0,0,0,1,0,1,0,0,0,0,0,0,0,ARTICLE,https://doi.org/10.1093/noajnl/vdab004,0,0,0,0,1,0,31.36184,-7.7952523,4.134049,2,2,2018–2021,0.2617659223854065,0.10693144150899414,0.05872441504144651
376,2021,"JJ Wang, H Wang, BL Zhu, X Wang",Development of a prognostic model of glioma based on immunerelated genes,1,0,0,0,0,1,1,0,0,1,0,0,0,0,0,0,1,1,1,0,1,1,0,1,1,1,1,0,1,1,0,0,1,1,1,1,0,0,0,1,0,1,0,0,1,1,0,0,0,ARTICLE,https://doi.org/10.3892/ol.2020.12377,0,0,0,0,1,0,30.88705,-6.451398,4.9290113,2,2,2018–2021,0.2617659223854065,0.17260462347211739,0.6545022654106796
377,2021,"K Huang, X Yue, Y Zheng, Z Zhang, M Cheng",Development and validation of an mesenchymal-related long non-coding RNA prognostic model in glioma,1,0,0,0,0,1,1,0,0,0,0,1,0,0,0,0,1,1,1,0,1,1,0,1,1,1,1,0,0,1,1,0,1,1,0,0,0,0,0,1,0,1,0,0,1,1,0,0,0,ARTICLE,https://doi.org/10.3389/fonc.2021.726745,0,0,0,0,1,0,30.913652,-6.448712,4.918817,2,2,2018–2021,0.2617659223854065,0.17316926564294505,0.6414618175693377
378,2021,"KA Samara, Z Al Aghbari, A Abusafia","GLIMPSE: a glioblastoma prognostication model using ensemble learninga surveillance, epidemiology, and end results study",1,0,0,0,0,1,0,0,0,0,0,0,0,0,0,0,1,1,0,0,1,0,0,0,0,0,0,0,0,0,0,0,0,0,0,0,0,0,0,0,0,0,0,0,0,0,0,0,0,ARTICLE,https://doi.org/10.1007/s13755-020-00134-4,0,0,0,0,1,0,31.259678,-7.3636575,3.787046,2,2,2018–2021,0.2617659223854065,0.0,0.1550221635480459
379,2021,"KR Laukamp, L Pennig, F Thiele, R Reimer",Automated meningioma segmentation in multiparametric MRI: comparable effectiveness of a deep learning model and manual segmentation,1,0,0,0,0,1,1,0,0,0,0,0,1,0,0,0,1,1,0,1,0,1,0,1,0,0,0,0,0,0,0,0,0,0,0,0,0,0,0,0,0,0,0,0,0,0,0,0,0,ARTICLE,https://doi.org/10.1007/s00062-020-00884-4,0,0,0,0,1,0,31.208323,-7.9394445,4.5246515,2,2,2018–2021,0.2617659223854065,0.10693144150899414,0.19995265114168043
380,2021,"L Zhang, R Yao, J Gao, D Tan, X Yang, M Wen",An Integrated Radiomics Model Incorporating Diffusion-Weighted Imaging and 18F-FDG PET Imaging Improves the Performance of Differentiating Glioblastoma From Solitary Brain Metastases,1,0,0,0,0,1,1,1,0,1,0,0,1,0,0,0,1,0,0,0,0,1,0,1,0,1,1,0,0,0,0,0,0,0,0,0,1,0,1,0,0,0,0,0,0,0,0,0,0,ARTICLE,https://doi.org/10.3389/fonc.2021.732704,0,0,0,0,1,0,31.13755,-7.499184,4.5762916,2,2,2018–2021,0.2617659223854065,0.6115856000263338,0.21711779862600294
381,2021,"M Toaar, B Ergen, Z Cmert","Tumor type detection in brain MR images of the deep model developed using hypercolumn technique, attention modules, and residual blocks",1,0,0,0,1,1,1,0,0,1,0,0,0,0,0,0,1,1,0,0,1,1,0,1,0,0,0,0,0,0,0,0,0,0,0,0,0,0,0,0,0,0,0,0,0,0,0,0,0,ARTICLE,https://doi.org/10.1007/s11517-020-02290-x,0,0,0,0,1,0,30.748537,-6.9440727,4.3269377,2,2,2018–2021,0.42501268785908963,0.17260462347211739,0.2591291699912871
382,2021,"M Pérez-Aliacar, MH Doweidar, M Doblaré, J Ayensa-Jiménez",Predicting cell behaviour parameters from glioblastoma on a chip images. A deep learning approach,1,0,1,0,0,1,0,0,0,0,0,0,0,0,0,1,1,1,0,0,1,1,1,1,1,0,0,0,0,0,0,0,0,0,0,0,0,0,0,1,0,1,0,0,0,0,0,0,0,ARTICLE,https://doi.org/10.1016/j.compbiomed.2021.104547,0,0,0,0,1,0,32.86786,9.567164,6.0270643,3,3,2018–2021,0.5737137241714507,0.07253067162133041,0.45877176559019445
383,2021,"N Nuechterlein, B Li, A Feroze",RMU-net: a novel residual mobile U-net model for brain tumor segmentation from MR images,1,0,0,0,0,1,1,1,0,0,0,0,0,0,0,0,1,1,0,1,0,0,0,0,0,0,0,0,0,0,0,0,0,0,0,0,0,0,0,0,0,0,0,0,0,0,0,0,0,ARTICLE,https://doi.org/10.3390/electronics10161962,0,0,0,0,1,0,31.720032,-8.811231,3.5161364,2,2,2018–2021,0.2617659223854065,0.3320495350452222,0.09584564469843923
384,2021,"N Nuechterlein, LG Shapiro",Machine learning modeling of genome-wide copy number alteration signatures reliably predicts IDH mutational status in adult diffuse glioma,1,0,0,0,0,1,1,0,0,0,0,1,0,0,0,0,1,0,0,0,0,0,0,0,0,0,0,0,0,0,0,0,0,0,1,1,0,0,0,0,0,0,1,1,0,0,0,0,0,ARTICLE,https://doi.org/10.1186/s40478-021-01295-3,0,0,0,0,1,0,31.876558,-7.666073,3.4162843,2,2,2018–2021,0.2617659223854065,0.17316926564294505,0.015773266851911077
385,2021,"P Kumar, J Li, C Surulescu",neoDL: a novel neoantigen intrinsic feature-based deep learning model identifies IDH wild-type glioblastomas with the longest survival,1,0,0,0,0,1,1,0,0,0,0,1,0,0,0,0,1,0,0,0,0,0,0,0,0,0,0,0,0,1,0,1,0,0,0,0,0,0,0,0,0,0,0,0,1,1,1,0,1,ARTICLE,https://doi.org/10.1186/s12859-021-04301-6,0,0,0,0,1,0,31.656708,-7.7927566,3.6304061,2,2,2018–2021,0.2617659223854065,0.17316926564294505,0.07406261671838307
386,2021,"P Mascheroni, S Savvopoulos, JCL Alfonso",Improving personalized tumor growth predictions using a Bayesian combination of mechanistic modeling and machine learning,1,0,1,0,0,1,1,0,0,1,0,1,0,0,0,0,1,1,1,1,1,1,0,1,1,1,1,1,0,1,0,1,1,0,0,0,1,0,1,1,0,1,1,1,0,0,0,0,0,ARTICLE,https://doi.org/10.1038/s43856-021-00020-4,0,0,0,0,1,0,32.770313,8.71407,6.003446,3,3,2018–2021,0.5737137241714507,0.34577388911506246,0.7591470663108665
387,2021,"S Ammari, R Sall de Chou, T Assi, M Touat",Machine-Learning-Based Radiomics MRI Model for Survival Prediction of Recurrent Glioblastomas Treated with Bevacizumab,1,0,0,0,0,1,1,1,0,0,0,1,0,0,0,0,1,0,0,0,0,0,0,0,0,1,1,0,0,0,0,0,0,0,0,0,0,0,0,0,0,0,0,0,0,0,0,0,0,ARTICLE,https://doi.org/10.3390/diagnostics11071263,0,0,0,0,1,0,31.960972,-7.8883333,3.2098355,2,2,2018–2021,0.2617659223854065,0.5052188006881673,0.065289221549869
388,2021,"SY Jessica, N Bagheri",Multiscale computational modeling of cancer growth using features derived from microCT images,1,0,0,0,0,1,1,1,0,0,0,0,0,0,0,0,1,1,0,0,1,1,0,0,1,1,1,1,0,1,0,0,0,1,0,0,0,0,0,1,0,1,0,0,0,0,0,0,0,ARTICLE,https://doi.org/10.1038/s41598-021-97966-1,0,0,0,0,1,0,30.990528,-8.181231,3.3853002,2,2,2018–2021,0.2617659223854065,0.3320495350452222,0.4433899392014033
389,2021,"VV Kumar, P Balaiyah",Tumor Categorization Model (TCM) Using Soft Computing Techniques for Providing Efficient Medical Support in Brain Tumor Treatments.,1,0,0,0,0,1,0,0,0,0,0,0,0,0,0,0,1,0,0,0,0,0,0,0,0,0,0,0,0,0,0,0,0,0,0,0,1,0,1,0,0,0,0,0,0,0,0,0,0,ARTICLE,https://doi.org/10.1166/jmihi.2021.3872,0,0,0,0,1,0,31.808287,-7.679782,4.3058763,2,2,2018–2021,0.2617659223854065,0.0,0.047721570632892715
390,2021,"W Dai, W Yue, W Peng, X Fu, L Liu, L Liu",Identifying cancer subtypes using a residual graph convolution model on a sample similarity network,1,0,0,0,0,1,1,0,0,0,0,1,0,0,0,0,1,0,0,0,0,0,0,0,0,0,0,0,0,1,1,0,0,0,0,0,0,0,0,0,0,0,0,0,0,0,0,0,0,ARTICLE,https://doi.org/10.3390/genes13010065,0,0,0,0,1,0,31.88843,-7.7025776,3.4401824,2,2,2018–2021,0.2617659223854065,0.17316926564294505,0.016820147899301075
391,2021,"X Qiu, Y Tian, J Xu, X Jiang, Z Liu, X Qi, X Chang",Development and validation of an immune-related long non-coding RNA prognostic model in glioma,1,0,0,0,0,1,1,0,0,0,0,1,0,0,0,0,1,1,0,0,1,1,0,1,0,1,1,0,1,1,0,0,0,1,0,0,0,0,0,1,0,1,0,0,1,1,0,0,0,ARTICLE,https://doi.org/10.7150/jca.53831,0,0,0,0,1,0,30.876162,-6.6060266,4.78315,2,2,2018–2021,0.2617659223854065,0.17316926564294505,0.4857985495861765
392,2021,"Y Gu, K Li",A transfer model based on supervised multi-layer dictionary learning for brain tumor mri image recognition,1,0,0,0,0,1,0,0,0,0,0,0,0,0,0,0,1,1,0,1,0,0,0,0,0,0,0,0,0,0,0,0,0,0,0,0,0,0,0,0,0,0,0,0,0,0,0,0,0,ARTICLE,https://doi.org/10.3389/fnins.2021.687496,0,0,0,0,1,0,31.535873,-8.0061655,3.9623384,2,2,2018–2021,0.2617659223854065,0.0,0.09584564469843923
393,2021,"Y Jia, W Yang, B Tang, Q Feng, Z Dong",Hub gene identification and prognostic model construction for isocitrate dehydrogenase mutation in glioma,1,0,0,0,0,1,1,0,0,0,0,1,0,0,0,0,1,1,1,1,1,1,0,1,1,1,1,0,0,1,1,0,1,1,0,0,1,0,1,0,0,0,0,0,1,1,0,0,0,ARTICLE,https://doi.org/10.1016/j.tranon.2020.100979,0,0,0,0,1,0,30.974237,-6.4934964,4.8580813,2,2,2018–2021,0.2617659223854065,0.17316926564294505,0.7263046178592232
394,2021,"YW Park, D Choi, JE Park, SS Ahn, H Kim, JH Chang",Differentiation of recurrent glioblastoma from radiation necrosis using diffusion radiomics with machine learning model development and external validation,1,0,0,0,0,1,1,0,1,1,0,0,1,0,0,0,1,1,0,0,1,0,0,0,0,1,1,0,0,0,0,0,0,0,0,0,0,0,0,1,0,1,0,0,0,0,0,0,0,ARTICLE,https://doi.org/10.1038/s41598-021-82467-y,0,0,0,0,1,0,30.896564,-7.1343637,4.1182294,2,2,2018–2021,0.2617659223854065,0.3863034296745229,0.2790358001393614
395,2021,"Z Abou-Mrad, JB Gharios, MM Moubarak",Central nervous system tumors and three-dimensional cell biology: Current and future perspectives in modeling,1,0,0,0,0,1,1,1,0,0,0,0,0,0,0,0,1,1,0,0,1,1,0,1,1,1,1,1,1,1,0,0,1,1,0,0,0,0,0,1,1,1,0,0,1,1,0,0,0,ARTICLE,https://doi.org/10.4252/wjsc.v13.i8.1112,0,0,0,0,1,0,30.832302,-6.405519,4.9693213,2,2,2018–2021,0.2617659223854065,0.3320495350452222,0.6711213779938557
396,2021,"Z Du, S Cai, D Yan, H Li, X Zhang, W Yang",Development and validation of a radiosensitivity prediction model for lower grade glioma based on spike-and-slab lasso,1,0,0,0,0,1,1,0,0,0,0,1,0,0,0,0,1,1,0,0,1,0,0,0,0,0,0,0,0,0,0,0,0,0,0,0,1,0,1,1,0,1,0,0,1,1,0,0,0,ARTICLE,https://doi.org/10.3389/fonc.2021.701500,0,0,0,0,1,0,31.671547,-7.1237264,4.299661,2,2,2018–2021,0.2617659223854065,0.17316926564294505,0.3180479075420549
397,2021,"ZA Shboul, N Diawara, A Vossough, JY Chen",Joint modeling of RNAseq and radiomics data for glioma molecular characterization and prediction,1,0,0,0,0,1,1,0,0,0,0,1,0,0,0,0,1,0,0,0,0,0,0,0,0,0,0,0,0,0,0,0,0,0,0,0,1,1,0,0,0,0,0,0,0,0,0,0,0,ARTICLE,https://doi.org/10.3389/fmed.2021.705071,0,0,0,0,1,0,31.93398,-7.7214236,3.4301589,2,2,2018–2021,0.2617659223854065,0.17316926564294505,0.015633355635335137
398,2022,"A Abu-Rqayiqa, H Alayed",Optimal control of a basic model of oncolytic virotherapy,1,1,0,0,0,0,0,0,0,0,0,0,0,0,0,0,1,1,0,1,0,0,0,0,0,0,0,0,0,0,0,0,0,0,0,0,0,0,0,0,0,0,0,0,1,1,0,0,0,ARTICLE,https://dx.doi.org/10.22436/jmcs.024.02.03,0,0,0,0,0,1,32.109188,8.761077,9.093484,4,4,2022–2025,0.14639117343047398,0.0,0.15242540301810906
399,2022,"A Dietrich, N Kolbe, N Sfakianakis, C Surulescu",Multiscale modeling of glioma invasion: from receptor binding to flux-limited macroscopic pdes,1,1,1,0,1,0,1,1,1,0,0,1,0,0,0,0,1,1,1,0,1,1,1,1,1,1,1,1,0,1,0,0,1,0,0,0,0,0,0,1,0,1,0,0,0,0,0,0,0,ARTICLE,https://doi.org/10.1137/21M1412104,0,0,0,0,0,1,32.673313,8.953865,5.188649,3,3,2022–2025,0.6215857406902013,0.6119861653815786,0.6421673104055925
400,2022,"A Fernndez-Romero, F Guilln-Gonzlez",A Glioblastoma PDE-ODE model including chemotaxis and vasculature,1,1,1,0,0,0,1,1,0,0,0,0,0,0,0,0,1,1,0,0,1,1,1,0,0,1,0,1,0,0,0,0,0,0,0,0,0,0,0,0,0,0,0,0,0,0,0,0,0,ARTICLE,https://doi.org/10.48550/arXiv.2109.14322,0,0,0,0,0,1,33.416695,8.639208,7.737833,1,1,2022–2025,0.45833897521651823,0.3320495350452222,0.24995473034863816
401,2022,"AL Jenner, M Smalley, D Goldman, WF Goins",Agent-based computational modeling of glioblastoma predicts that stromal density is central to oncolytic virus efficacy,1,0,1,1,1,0,1,1,0,1,0,1,0,0,0,0,1,1,0,1,0,1,0,0,1,0,0,0,0,0,0,0,0,0,0,0,0,0,0,1,0,1,0,0,1,1,0,0,0,ARTICLE,https://doi.org/10.1016/j.isci.2022.104395,0,0,0,0,0,1,31.9838,8.550096,7.4040875,4,4,2022–2025,0.5918429041841196,0.6778234241602847,0.30590611059632755
402,2022,"AN Navaz, H T El-Kassabi, MA Serhani",A novel patient similarity network (PSN) framework based on multi-model deep learning for precision medicine,1,0,0,0,0,1,0,0,0,0,0,0,0,0,0,0,1,0,0,0,0,0,0,0,0,0,0,0,0,0,0,0,0,0,0,0,1,0,1,0,0,0,0,0,0,0,0,0,0,ARTICLE,https://doi.org/10.3390/jpm12050768,0,0,0,0,0,1,31.834082,-7.7034636,4.342279,2,2,2022–2025,0.2617659223854065,0.0,0.047721570632892715
403,2022,"C Erdem, A Mutsuddy, EM Bensman, WB Dodd","A scalable, open-source implementation of a large-scale mechanistic model for single cell proliferation and death signaling",1,1,0,0,1,0,1,0,0,0,0,1,0,0,0,1,1,1,0,0,1,0,0,0,0,0,0,0,0,0,0,0,0,0,0,0,1,0,1,0,0,0,0,0,0,0,0,0,0,ARTICLE,https://doi.org/10.1038/s41467-022-31138-1,0,0,0,0,0,1,32.50266,7.935524,8.005057,4,4,2022–2025,0.30963793890415703,0.24569993726427547,0.2027437341809386
404,2022,"C Harkos, SF Svensson, KE Emblem, T Stylianopoulos","Inducing biomechanical heterogeneity in brain tumor modeling by MR elastography: effects on tumor growth, vascular density and delivery of therapeutics",1,0,1,0,0,0,1,1,1,0,0,0,0,0,0,0,1,1,0,1,1,1,0,1,1,1,1,1,0,1,0,0,1,0,0,0,1,0,1,1,0,1,0,0,0,0,1,1,0,ARTICLE,https://doi.org/10.3390/cancers14040884,0,0,0,0,0,1,33.408226,8.981578,5.501187,1,3,2022–2025,0.31194780178604425,0.4388168997386336,0.7348852705101863
405,2022,"CM Gorick, JJ Saucerman, RJ Price",Computational model of brain endothelial cell signaling pathways predicts therapeutic targets for cerebral pathologies,1,1,0,0,0,0,1,0,0,0,0,1,0,0,0,0,1,1,0,0,1,0,0,0,0,1,1,1,1,1,0,0,1,0,0,0,0,0,0,0,0,0,0,0,1,1,0,0,0,ARTICLE,https://doi.org/10.1016/j.yjmcc.2021.11.005,0,0,0,0,0,1,32.00557,8.212845,8.742376,4,4,2022–2025,0.14639117343047398,0.17316926564294505,0.38118265508419513
406,2022,"DS Santurio, LRC Barros",A Mathematical Model for On-Target Off-Tumor Effect of CAR-T Cells on Gliomas,1,1,0,0,0,0,1,0,0,1,0,0,0,0,0,0,1,1,0,1,1,0,0,0,0,0,0,0,0,0,0,0,0,0,0,0,0,0,0,1,0,1,0,0,1,1,0,0,0,ARTICLE,https://doi.org/10.3389/fsysb.2022.923085,0,0,0,0,0,1,31.747845,8.6083145,9.026117,4,4,2022–2025,0.14639117343047398,0.17260462347211739,0.36617198160760145
407,2022,"FM Kashkooli, MA Abazari, M Soltani, MA Ghazani",A spatiotemporal multi-scale computational model for FDG PET imaging at different stages of tumor growth and angiogenesis,1,0,1,0,0,0,1,1,0,0,0,0,1,0,0,0,1,0,0,0,0,1,1,1,1,1,1,1,0,0,0,0,0,0,0,0,1,0,1,1,0,1,0,0,0,0,1,1,0,ARTICLE,https://doi.org/10.1038/s41598-022-13345-4,0,0,0,0,0,1,33.297,8.835046,5.5575824,1,3,2022–2025,0.31194780178604425,0.43898097655421636,0.4999073343362205
408,2022,"G Lucci, A Agosti, P Ciarletta, C Giverso",Coupling solid and fluid stresses with brain tumour growth and white matter tract deformations in a neuroimaging-informed model,1,0,1,0,0,0,1,1,1,0,0,0,0,0,0,0,1,1,0,1,1,1,0,1,0,0,0,0,0,0,0,0,0,0,0,0,0,0,0,0,0,0,0,0,0,0,1,1,0,ARTICLE,https://doi.org/10.1007/s10237-022-01602-4,0,0,0,0,0,1,34.49894,8.759947,6.029379,1,3,2022–2025,0.31194780178604425,0.4388168997386336,0.38935107602113317
409,2022,"J Gomez, N Holmes, A Hansen",Mathematical modeling of therapeutic neural stem cell migration in mouse brain with and without brain tumors,1,0,0,1,0,0,1,1,1,0,0,0,0,0,0,1,1,0,0,0,0,1,1,0,1,0,0,0,0,1,0,0,1,0,0,0,0,0,0,1,0,1,0,0,0,0,0,0,0,ARTICLE,https://doi.org/10.3934/mbe.2022119,0,0,0,0,0,1,32.462574,9.501874,7.277493,3,4,2022–2025,0.1166483369243922,0.511347571359964,0.2299146115470768
410,2022,"J Liu, DA Hormuth, J Yang, TE Yankeelov",A Multi-Compartment Model of Glioma Response to Fractionated Radiation Therapy Parameterized via Time-Resolved Microscopy Data,1,1,0,0,1,0,1,1,0,0,0,0,1,0,0,1,1,1,1,0,1,0,0,0,0,1,1,1,0,0,0,0,0,0,0,0,0,0,0,0,0,0,0,0,0,0,0,0,0,ARTICLE,https://doi.org/10.3389/fonc.2022.811415,0,0,0,0,0,1,32.41161,7.9537487,8.272495,4,4,2022–2025,0.30963793890415703,0.5115116481755467,0.30814569241527445
411,2022,"JJ Bosque, GF Calvo, MC Navarro",Modelling the effect of vascular status on tumour evolution and outcome after thermal therapy,1,0,1,0,0,0,1,0,0,0,0,0,0,1,0,0,1,0,0,0,0,0,0,0,0,1,0,1,0,0,0,0,0,0,0,0,1,0,1,0,0,0,0,0,0,0,0,0,0,ARTICLE,https://doi.org/10.1016/j.apm.2022.05.029,0,0,0,0,0,1,33.494125,8.267807,7.745804,1,1,2022–2025,0.31194780178604425,0.02632398099298523,0.09649224941279608
412,2022,"JM Bentez, L Garca-Mozos, A Santos",A simple agent-based model to simulate 3D tumor-induced angiogenesis considering the evolution of the hypoxic conditions of the cells,1,0,1,1,1,0,0,0,0,0,0,0,0,0,0,0,1,1,0,1,1,1,1,1,1,1,1,1,1,1,1,0,1,1,0,0,0,0,0,0,0,0,0,0,0,0,0,0,0,ARTICLE,https://doi.org/10.1007/s00366-022-01625-6,0,0,0,0,0,1,31.800724,9.3939,6.0697207,3,3,2022–2025,0.5918429041841196,0.0,0.7031210441083342
413,2022,"M Conte, N Loy",Multi-Cue Kinetic Model with Non-Local Sensing for Cell Migration on a Fiber Network with Chemotaxis,1,0,1,0,0,0,1,0,1,0,0,0,0,0,0,0,1,1,0,0,1,1,1,1,1,1,1,0,0,0,0,0,0,0,0,0,0,0,0,1,0,1,0,0,0,0,0,0,0,ARTICLE,https://doi.org/10.1007/s11538-021-00978-1,0,0,0,0,0,1,32.892117,8.981761,5.631292,3,3,2022–2025,0.31194780178604425,0.10676736469341137,0.5240609871400634
414,2022,"M Conte, Y Dzierma, S Knobe, C Surulescu",Mathematical modeling of glioma invasion and therapy approaches,1,1,1,0,0,0,1,1,1,0,0,1,0,0,0,0,1,1,0,1,1,1,1,0,1,1,1,1,0,0,0,0,0,0,0,0,0,0,0,1,0,1,0,0,0,0,0,0,0,ARTICLE,https://doi.org/10.48550/arXiv.2203.11578,0,0,0,0,0,1,32.795834,8.937968,5.207159,3,3,2022–2025,0.45833897521651823,0.6119861653815786,0.5645703041751648
415,2022,"M Demetriades, M Zivanovic, M Hadjicharalambous, et al.",Interrogating and quantifying in vitro cancer drug pharmacodynamics via agent-based and Bayesian Monte Carlo modelling,1,0,0,1,0,0,0,0,0,0,0,0,0,0,0,1,1,0,0,0,0,1,0,1,0,0,0,0,0,0,0,0,0,0,0,0,0,0,0,0,0,0,0,0,0,0,0,0,0,ARTICLE,https://doi.org/10.3390/pharmaceutics14040749,0,0,0,0,0,1,32.47207,9.62622,7.275612,3,3,2022–2025,0.1166483369243922,0.07253067162133041,0.10410700644324121
416,2022,"M Hirasawa, MAA Saleh, ECM de Lange","The extension of the LeiCNS-PK3. 0 model in combination with the ""Handshake"" approach to understand brain tumor pathophysiology",1,1,0,0,0,0,1,0,0,1,0,1,1,0,0,0,1,0,0,0,0,0,0,0,0,1,0,1,1,0,0,0,0,0,0,0,0,0,0,0,0,0,0,0,0,0,0,0,0,ARTICLE,https://doi.org/10.1007/s11095-021-03154-1,0,0,0,0,0,1,30.83956,-8.088485,3.683687,2,2,2022–2025,0.14639117343047398,0.4527053306240566,0.07401949571844094
417,2022,"ME Rhodes, T Hillen, V Putkaradze",Comparing the effects of linear and one-term Ogden elasticity in a model of glioblastoma invasion.,1,0,1,0,0,0,1,0,1,0,0,0,0,0,0,0,1,0,0,0,0,1,0,1,1,1,1,0,0,0,0,0,0,0,0,0,0,0,0,0,0,0,0,0,1,1,1,1,0,ARTICLE,https://doi.org/10.1016/j.brain.2022.100050,0,0,0,0,0,1,33.834343,8.758489,5.692795,1,3,2022–2025,0.31194780178604425,0.10676736469341137,0.35510854018095883
418,2022,O Nave,A mathematical model for treatment using chemo-immunotherapy,1,1,0,0,0,0,0,0,0,0,0,0,0,0,0,0,1,1,1,1,0,0,0,0,0,0,0,0,0,0,0,0,0,0,0,0,0,0,0,0,0,0,0,0,1,1,0,0,0,ARTICLE,https://doi.org/10.1016/j.heliyon.2022.e09288,0,0,0,0,0,1,32.169746,8.7426195,9.013368,4,4,2022–2025,0.14639117343047398,0.0,0.19148903155556524
419,2022,"S Chabbar, A Rajae, H Abderrahmane",Simulating tumor growth using mathematical and agent-based modeling,1,0,1,1,1,0,0,0,0,0,0,0,0,0,0,0,1,1,0,0,1,1,1,1,0,1,1,1,0,0,0,0,0,0,0,0,0,0,0,0,0,0,0,0,0,0,1,1,0,ARTICLE,https://doi.org/10.1142/S1793962322500271,0,0,0,0,0,1,32.399677,9.063686,6.267508,3,3,2022–2025,0.5918429041841196,0.0,0.45372721967315516
420,2022,"S Hervas-Raluy, B Wirthl, PE Guerrero, GR Rei",Tumour growth: Bayesian parameter calibration of a multiphase porous media model based on in vitro observations of Neuroblastoma spheroid growth in a hydrogel,1,0,1,0,0,0,1,0,0,1,0,0,0,0,0,1,1,1,0,0,1,1,0,0,1,1,1,1,0,0,0,0,0,0,0,0,1,0,1,1,0,1,0,0,0,0,1,1,1,ARTICLE,https://doi.org/10.1101/2022.09.26.509452,0,0,0,0,0,1,33.093937,8.28005,6.785618,1,4,2022–2025,0.31194780178604425,0.24513529509344778,0.5137305212742242
421,2022,"S Jafari Nivlouei, M Soltani, E Shirani",A multiscale cellbased model of tumor growth for chemotherapy assessment and tumortargeted therapy through a 3D computational approach,1,0,1,1,1,0,1,0,0,0,0,1,0,0,0,0,1,1,1,1,1,1,1,1,1,1,1,1,0,1,1,0,0,0,0,0,1,1,0,1,0,1,0,0,1,1,0,0,0,ARTICLE,https://doi.org/10.1111/cpr.13187,0,0,0,0,0,1,31.868956,9.338908,6.1011553,3,3,2022–2025,0.5918429041841196,0.17316926564294505,0.7967742010101685
422,2022,"B Segura-Collar, J Jiménez-Sánchez, R Gargini, M Dragoj, et al.",On optimal temozolomide scheduling for slowly growing glioblastomas,1,0,0,1,0,0,0,0,0,0,0,0,0,0,0,1,1,1,1,1,1,1,0,1,1,0,0,0,0,0,0,0,0,0,0,0,0,0,0,0,0,0,1,1,0,0,0,0,0,ARTICLE,https://doi.org/10.1093/noajnl/vdac155,0,0,0,0,0,1,32.11842,10.099314,7.128549,3,3,2022–2025,0.1166483369243922,0.07253067162133041,0.49995622381376015
423,2022,"T Bortfeld, G Buti",Modeling the propagation of tumor fronts with shortest path and diffusion modelsimplications for the definition of the clinical target volume,1,0,1,0,0,0,1,1,0,0,0,0,0,0,0,0,1,1,0,0,1,1,0,1,0,0,0,0,0,0,0,0,0,0,0,0,0,0,0,0,0,0,0,0,0,0,0,0,0,ARTICLE,https://doi.org/10.1088/1361-6560/ac8043,0,0,0,0,0,1,33.9913,9.113774,6.8220797,1,1,2022–2025,0.31194780178604425,0.3320495350452222,0.2591291699912871
424,2022,"T Lorenzi, B Perthame, X Ruan",Invasion fronts and adaptive dynamics in a model for the growth of cell populations with heterogeneous mobility,1,0,1,0,0,0,0,0,0,0,0,0,0,0,0,0,1,1,0,0,1,1,0,1,0,0,0,0,0,0,0,0,0,0,0,0,0,0,0,0,0,0,0,0,0,0,0,0,0,ARTICLE,https://doi.org/10.48550/arXiv.2007.13084,0,0,0,0,0,1,33.848717,9.046316,7.1193614,1,1,2022–2025,0.31194780178604425,0.0,0.2591291699912871
425,2022,"X Lai, C Keller, G Santos, N Schaft, J Drrie",Multi-level computational Modeling of anti-Cancer dendritic cell vaccination utilized to select molecular targets for therapy optimization,1,1,0,0,0,0,1,0,0,0,0,1,0,0,0,0,1,1,0,0,1,1,0,0,1,0,0,0,0,0,0,0,0,0,0,0,0,0,0,1,0,1,0,0,1,1,0,0,0,ARTICLE,https://doi.org/10.3389/fcell.2021.746359,0,0,0,0,0,1,31.83416,8.652531,8.655221,4,4,2022–2025,0.14639117343047398,0.17316926564294505,0.3650826294459342
426,2022,"Y Zhang, PX Liu, W Hou",Modeling of glioma growth using modified reaction-diffusion equation on brain MR images,1,0,1,0,0,0,1,1,0,1,0,0,0,0,0,0,1,1,0,1,1,1,0,1,1,1,0,1,0,0,0,0,0,0,0,0,0,0,0,0,0,0,0,0,0,0,1,1,0,ARTICLE,https://doi.org/10.1016/j.cmpb.2022.107233,0,0,0,0,0,1,33.69484,10.21439,6.196945,1,1,2022–2025,0.31194780178604425,0.5046541585173396,0.5328780473378085
427,2022,"A Lakshmi, MP Rajasekaran, S Jeevitha",An adaptive MRI-PET image fusion model based on deep residual learning and self-adaptive total variation,1,0,0,0,0,1,1,0,0,0,0,0,1,0,0,0,1,0,0,0,0,1,0,1,0,0,0,0,0,0,0,0,0,0,0,0,1,0,1,0,0,0,0,0,0,0,0,0,0,ARTICLE,https://doi.org/10.1007/s13369-020-05201-2,0,0,0,0,0,1,31.449718,-7.6338677,4.547799,2,2,2022–2025,0.2617659223854065,0.10693144150899414,0.15182857707613392
428,2022,"A Sui, Y Deng, Y Wang, J Yu",A deep learning model designed for Raman spectroscopy with a novel hyperparameter optimization method,1,0,0,0,0,1,1,0,0,0,1,0,0,0,0,0,1,0,0,0,0,0,0,0,0,0,0,0,0,0,0,0,0,0,0,0,1,1,1,0,0,0,0,0,0,0,0,0,0,ARTICLE,https://doi.org/10.1016/j.saa.2022.121560,0,0,0,0,0,1,31.909105,-7.7307305,4.340029,2,2,2022–2025,0.2617659223854065,0.00772287211054944,0.06335492626822785
429,2022,"B Bakirarar, E Egemen, A Dere",Machine learning model to identify prognostic factors in glioblastoma: a SEER-based analysis,1,0,0,0,0,1,0,0,0,0,0,0,0,0,0,0,0,0,0,0,0,0,0,0,0,0,0,0,0,0,0,0,0,0,0,0,0,0,0,0,0,0,0,0,0,0,0,0,0,ARTICLE,https://doi.org/10.21203/rs.3.rs-1327181/v1,0,0,0,0,0,1,31.581491,-7.69859,3.8738503,2,2,2022–2025,0.2617659223854065,0.0,0.0
430,2022,"C Martens, A Rovai, D Bonatto, T Metens, O Debeir",Deep Learning for Reaction-Diffusion Glioma Growth Modeling: Towards a Fully Personalized Model?,1,0,1,0,0,1,1,1,1,1,0,0,1,0,0,0,1,1,0,0,1,1,0,1,1,1,1,0,1,0,0,0,0,0,0,0,0,0,0,0,0,0,0,0,0,0,1,1,0,ARTICLE,https://doi.org/10.3390/cancers14102530,0,0,0,0,0,1,34.114204,9.022979,5.649406,1,3,2022–2025,0.5737137241714507,0.7183529647197451,0.47879976234787247
431,2022,E Baaran,A new brain tumor diagnostic model: Selection of textural feature extraction algorithms and convolution neural network features with optimization algorithms,1,0,0,0,0,1,1,1,0,1,0,0,0,0,0,0,1,0,0,0,0,1,0,0,1,0,0,0,0,0,0,0,0,0,0,0,0,0,0,0,0,0,0,0,0,0,0,0,0,ARTICLE,https://doi.org/10.1016/j.compbiomed.2022.105857,0,0,0,0,0,1,31.332207,-8.500227,3.5801177,2,2,2022–2025,0.2617659223854065,0.5046541585173396,0.09475629253677198
432,2022,"I Ezhov, et al.",Geometry-aware neural solver for fast Bayesian calibration of brain tumor models,1,0,1,0,0,1,1,1,0,0,0,0,1,0,0,0,1,1,0,0,1,1,0,1,0,0,0,0,0,0,0,0,0,0,0,0,0,0,0,0,0,0,0,0,0,0,0,0,0,ARTICLE,https://doi.org/10.1109/TMI.2021.3136582,0,0,0,0,0,1,34.223083,9.316757,6.468669,1,3,2022–2025,0.5737137241714507,0.43898097655421636,0.2591291699912871
433,2022,"G Dhiman, S Juneja, W Viriyasitavat, H Mohafez",A novel machine-learning-based hybrid CNN model for tumor identification in medical image processing,1,0,0,0,0,1,1,1,0,0,0,0,0,0,0,0,1,0,0,0,0,1,0,0,1,0,0,0,0,0,0,0,0,0,0,0,0,0,0,0,0,0,0,0,0,0,0,0,0,ARTICLE,https://doi.org/10.3390/su14031447,0,0,0,0,0,1,31.502522,-8.524115,3.5629168,2,2,2022–2025,0.2617659223854065,0.3320495350452222,0.09475629253677198
434,2022,"G Kaynar, D Cakmakci, C Bund, J Todeschi, IJ Namer",Pathway-informed deep learning model for survival analysis and pathological classification of gliomas,1,0,0,0,0,1,1,0,0,1,0,1,0,0,0,0,1,0,0,0,0,0,0,0,0,0,0,0,0,0,0,0,0,0,0,0,1,1,1,0,0,0,0,0,0,0,0,0,0,ARTICLE,https://doi.org/10.1101/2022.10.21.513161,0,0,0,0,0,1,31.962496,-7.499248,3.9652202,2,2,2022–2025,0.2617659223854065,0.34577388911506246,0.06335492626822785
435,2022,"H Kibriya, R Amin, AH Alshehri, M Masood",A novel and effective brain tumor classification model using deep feature fusion and famous machine learning classifiers,1,0,0,0,0,1,1,1,0,1,0,0,0,0,0,0,1,0,0,0,0,0,0,0,0,0,0,0,0,0,0,0,0,0,0,0,1,0,1,0,0,0,0,0,0,0,0,0,0,ARTICLE,https://doi.org/10.1155/2022/7897669,0,0,0,0,0,1,31.87236,-7.894963,4.0727844,2,2,2022–2025,0.2617659223854065,0.5046541585173396,0.047721570632892715
436,2022,"IO Kommers, RS Eijgelaar, F Barkhof, D Bouget",P11. 37. B When to resect or biopsy for patients with supratentorial glioblastoma: a multivariable prediction model,1,0,0,0,0,1,1,0,0,1,0,0,0,0,0,0,1,0,0,0,0,1,0,1,0,0,0,0,0,0,0,0,0,0,0,0,0,0,0,0,0,0,0,0,0,0,0,0,0,ARTICLE,https://doi.org/10.1093/neuonc/noac174.226,0,0,0,0,0,1,30.811447,-7.086161,4.3928623,2,2,2022–2025,0.2617659223854065,0.17260462347211739,0.10410700644324121
437,2022,"J Amin, MA Anjum, N Gul, M Sharif",A secure two-qubit quantum model for segmentation and classification of brain tumor using MRI images based on blockchain,1,0,0,0,0,1,1,1,0,0,0,0,1,0,0,0,1,1,0,1,0,0,0,0,0,0,0,0,0,0,0,0,0,0,0,0,0,0,0,0,0,0,0,0,0,0,0,0,0,ARTICLE,https://doi.org/10.1007/s00521-022-07388-x,0,0,0,0,0,1,31.675013,-8.836655,3.6612086,2,2,2022–2025,0.2617659223854065,0.43898097655421636,0.09584564469843923
438,2022,"J Ding, R Zhao, Q Qiu, J Chen, J Duan",Developing and validating a deep learning and radiomic model for glioma grading using multiplanar reconstructed magnetic resonance contrast-enhanced T1,1,0,0,0,0,1,1,0,0,1,0,0,0,0,0,0,1,0,0,0,0,1,0,1,0,0,0,0,0,0,0,0,0,0,1,1,0,0,0,0,0,0,0,0,0,0,0,0,0,ARTICLE,https://doi.org/10.21037/qims-21-722,0,0,0,0,0,1,30.795692,-7.1153097,4.494857,2,2,2022–2025,0.2617659223854065,0.17260462347211739,0.10871878524534663
439,2022,"K Mulford, M McMahon, AM Gardeck, MA Hunt",Predicting Glioblastoma Cellular Motility from In Vivo MRI with a Radiomics Based Regression Model,1,0,0,0,0,1,1,1,0,0,0,0,1,0,0,0,1,1,0,1,1,1,0,1,1,0,0,0,0,0,0,0,0,0,0,0,0,0,0,1,0,1,0,0,1,1,0,0,0,ARTICLE,https://doi.org/10.3390/cancers14030578,0,0,0,0,0,1,34.130623,10.203968,6.439621,1,1,2022–2025,0.2617659223854065,0.43898097655421636,0.5650352805876148
440,2022,"K Sambath Kumar, A Rajendran",An automatic brain tumor segmentation using modified inception module based U-Net model,1,0,0,0,0,1,1,1,0,0,0,0,0,0,0,0,1,0,0,0,0,0,0,0,0,0,0,0,0,0,0,0,0,0,0,0,0,0,0,0,0,0,0,0,1,1,0,0,0,ARTICLE,https://doi.org/10.3233/JIFS-211879,0,0,0,0,0,1,31.644905,-8.34788,3.6587107,2,2,2022–2025,0.2617659223854065,0.3320495350452222,0.05657975831966983
441,2022,"KA Kumar, R Boda",A computer-aided brain tumor diagnosis by adaptive fuzzy active contour fusion model and deep fuzzy classifier,1,0,0,0,0,1,1,1,0,0,0,0,0,0,0,0,1,1,0,1,0,0,0,0,0,0,0,0,0,0,0,0,0,0,0,0,0,0,0,0,0,0,0,0,0,0,0,0,0,ARTICLE,https://doi.org/10.1007/s11042-022-12213-7,0,0,0,0,0,1,31.741951,-8.83131,3.5878167,2,2,2022–2025,0.2617659223854065,0.3320495350452222,0.09584564469843923
442,2022,"KH Kim, S Jung, HJ Lee, HJ Kwon, SW Choi, HS Koh",A Deep Neural Network-Based Model Predicting Peritumoral Edema After Radiosurgery for Meningioma,1,0,0,0,1,1,1,0,0,0,0,0,1,0,0,0,1,0,0,0,0,0,0,0,0,0,0,0,0,0,0,0,0,0,0,0,0,0,0,0,0,0,0,0,1,1,0,0,0,ARTICLE,https://doi.org/10.1016/j.wneu.2022.04.125,0,0,0,0,0,1,30.748281,-7.8846574,4.3967247,2,2,2022–2025,0.42501268785908963,0.10693144150899414,0.05657975831966983
443,2022,"LHT Lam, NT Chu, TO Tran, DT Do, NQK Le",A radiomics-based machine learning model for prediction of tumor mutational burden in lower-grade gliomas,1,0,0,0,0,1,1,0,0,1,0,0,1,0,0,0,1,0,0,0,0,0,0,0,0,0,0,0,0,0,0,0,0,0,0,0,1,1,0,1,0,1,0,0,1,1,0,0,0,ARTICLE,https://doi.org/10.3390/cancers14143492,0,0,0,0,0,1,30.70826,-7.71404,4.4960465,2,2,2022–2025,0.2617659223854065,0.2795360649811115,0.13093752899645147
444,2022,"M Ahmed Hamza, H Abdullah Mengash, SS Alotaibi",Optimal and efficient deep learning model for brain tumor magnetic resonance imaging classification and analysis,1,0,0,0,0,1,1,1,0,0,0,0,1,0,0,0,1,0,0,0,0,1,0,0,1,0,0,0,0,0,0,0,0,0,0,0,0,0,0,0,0,0,0,0,0,0,0,0,0,ARTICLE,https://doi.org/10.3390/app12157953,0,0,0,0,0,1,31.473879,-8.50716,3.566091,2,2,2022–2025,0.2617659223854065,0.43898097655421636,0.09475629253677198
445,2022,"MF Alanazi, MU Ali, SJ Hussain, A Zafar, M Mohatram",Brain tumor/mass classification framework using magnetic-resonance-imaging-based isolated and developed transfer deep-learning model,1,0,0,0,0,1,1,0,0,1,0,0,0,0,0,0,1,1,0,1,0,0,0,0,0,0,0,0,0,0,0,0,0,0,0,0,0,0,0,0,0,0,0,0,0,0,0,0,0,ARTICLE,https://doi.org/10.3390/s22010372,0,0,0,0,0,1,31.024061,-7.407412,4.277683,2,2,2022–2025,0.2617659223854065,0.17260462347211739,0.09584564469843923
446,2022,"MM Ershadi, ZR Rise, STA Niaki","A hierarchical machine learning model based on Glioblastoma patients' clinical, biomedical, and image data to analyze their treatment plans",1,0,0,0,0,1,1,1,0,0,0,0,0,0,0,0,1,1,0,1,0,0,0,0,0,0,0,0,0,0,0,0,0,0,0,0,0,0,0,0,0,0,0,0,0,0,0,0,0,ARTICLE,https://doi.org/10.1016/j.compbiomed.2022.106159,0,0,0,0,0,1,31.713713,-8.831058,3.486157,2,2,2022–2025,0.2617659223854065,0.3320495350452222,0.09584564469843923
447,2022,"RK Jain, A Gupta, WH Ali, PFJ Lermusiaux",GlioMod: Spatiotemporal-Aware Glioblastoma Multiforme Tumor Growth Modeling with Deep Encoder-Decoder Networks,1,0,1,0,0,1,1,1,0,0,0,0,1,0,0,0,1,1,0,1,1,0,0,0,0,0,0,0,0,0,0,0,0,0,0,0,0,0,0,0,0,0,0,0,0,0,1,1,0,ARTICLE,https://doi.org/10.1101/2022.11.06.22282010,0,0,0,0,0,1,34.47426,9.425487,6.4186172,1,3,2022–2025,0.5737137241714507,0.43898097655421636,0.28524406957789195
448,2022,"S Zhang, L Zhu, Y Gao",An efficient deep equilibrium model for medical image segmentation,1,0,0,0,0,1,1,0,0,1,0,0,0,0,0,0,1,0,0,0,0,0,0,0,0,0,0,0,0,1,0,0,1,0,0,0,0,0,0,0,0,0,0,0,0,0,0,0,0,ARTICLE,https://doi.org/10.1016/j.compbiomed.2022.105831,0,0,0,0,0,1,30.837067,-7.236241,4.3287263,2,2,2022–2025,0.2617659223854065,0.17260462347211739,0.030272015948169414
449,2022,"SA Qureshi, SEA Raza, L Hussain, AA Malibari",Intelligent ultra-light deep learning model for multi-class brain tumor detection,1,0,0,0,0,1,1,1,0,0,0,0,0,0,0,0,1,1,0,1,0,0,0,0,0,0,0,0,0,0,0,0,0,0,0,0,0,0,0,0,0,0,0,0,0,0,0,0,0,ARTICLE,https://doi.org/10.3390/app12083715,0,0,0,0,0,1,31.712355,-8.799253,3.5702555,2,2,2022–2025,0.2617659223854065,0.3320495350452222,0.09584564469843923
450,2022,"SR Sowrirajan, S Balasubramanian",MRI Brain Tumor Classification Using a Hybrid VGG16-NADE Model,1,0,0,0,0,1,1,0,1,0,0,0,1,0,0,0,1,0,0,0,0,0,0,0,0,1,0,1,0,0,0,0,0,0,0,0,0,0,0,0,0,0,0,0,0,0,0,0,0,ARTICLE,https://doi.org/10.1590/1678-4324-2023220071,0,0,0,0,0,1,31.278625,-7.622349,4.10185,2,2,2022–2025,0.2617659223854065,0.2136988062024055,0.04877067877990337
451,2022,"V Agalya, M Kandasamy, E Venugopal",CPRO: Competitive Poor and Rich Optimizer-Enabled Deep Learning Model and Holoentropy Weighted-Power K-Means Clustering for Brain Tumor Classification Using MRI,1,0,0,0,0,1,1,1,0,0,0,0,0,0,0,0,1,0,0,0,0,0,0,0,0,0,0,0,0,0,0,0,0,0,0,0,0,0,0,0,0,0,0,0,1,1,0,0,0,ARTICLE,https://doi.org/10.1142/S0218001422520085,0,0,0,0,0,1,31.636267,-8.369143,3.6684601,2,2,2022–2025,0.2617659223854065,0.3320495350452222,0.05657975831966983
452,2022,"V Singh, MK Gourisaria, H GM, SS Rautaray",Diagnosis of intracranial tumors via the selective CNN data modeling technique,1,0,0,0,0,1,1,0,0,1,0,0,1,0,0,0,1,0,0,0,0,0,0,0,0,0,0,0,0,0,0,0,0,0,0,0,0,0,0,0,0,0,0,0,1,1,0,0,0,ARTICLE,https://doi.org/10.3390/app12062900,0,0,0,0,0,1,30.653973,-7.7297845,4.522821,2,2,2022–2025,0.2617659223854065,0.2795360649811115,0.05657975831966983
453,2022,"VV Radhakrishnan, S Benny",Network analysis and ligand-based pharmacophore modeling for discovery of small molecule against glioblastoma multiforme,1,0,0,0,0,1,1,0,0,0,0,0,0,1,0,0,1,0,0,0,0,1,0,0,1,1,1,0,0,0,0,0,0,0,0,0,1,0,1,0,0,0,0,0,0,0,0,0,0,ARTICLE,https://doi.org/10.4155/fmc-2022-0100,0,0,0,0,0,1,31.83075,-7.767325,4.3699985,2,2,2022–2025,0.2617659223854065,0.02632398099298523,0.2077670847195337
454,2022,"W Guo, D She, Z Xing, X Lin, F Wang, Y Song",Multiparametric MRI-Based Radiomics Model for Predicting H3 K27M Mutant Status in Diffuse Midline Glioma: A Comparative Study Across Different Sequences and Machine Learning Techniques,1,0,0,0,0,1,1,0,0,1,0,0,1,0,0,0,1,0,0,0,0,0,0,0,0,0,0,0,0,0,0,0,0,0,0,0,0,0,0,0,0,0,0,0,1,1,0,0,0,ARTICLE,https://doi.org/10.3389/fonc.2022.796583,0,0,0,0,0,1,30.683435,-7.7146306,4.5065823,2,2,2022–2025,0.2617659223854065,0.2795360649811115,0.05657975831966983
455,2022,"X Pan, B Burgman, E Wu, JH Huang, N Sahni",i-Modern: Integrated multi-omics network model identifies potential therapeutic targets in glioma by deep learning with interpretability,1,0,0,0,0,1,1,0,0,1,0,1,1,0,0,0,1,1,0,0,1,1,0,1,1,0,0,0,0,1,0,0,1,1,0,0,1,0,1,0,0,0,0,0,1,1,0,0,0,ARTICLE,https://doi.org/10.1016/j.csbj.2022.06.058,0,0,0,0,0,1,31.026527,-6.76093,4.593661,2,2,2022–2025,0.2617659223854065,0.4527053306240566,0.5092859751741576
456,2022,"YW Park, SJ Shin, J Eom, H Lee, SC You, SS Ahn",Cycle-consistent adversarial networks improves generalizability of radiomics model in grading meningiomas on external validation,1,0,0,0,0,1,1,1,0,0,0,0,0,0,0,0,1,0,0,0,0,1,0,1,0,0,0,0,0,0,0,0,0,0,0,0,0,0,0,0,0,0,0,0,0,0,0,0,0,ARTICLE,https://doi.org/10.1038/s41598-022-10956-9,0,0,0,0,0,1,31.617424,-8.508994,3.7343447,2,2,2022–2025,0.2617659223854065,0.3320495350452222,0.10410700644324121
457,2023,"A Agosti, AG Lucifero, S Luzzi",An image-informed CahnHilliard KellerSegel multiphase field model for tumor growth with angiogenesis,1,0,1,0,0,0,1,1,1,0,0,0,0,0,0,0,1,1,0,0,1,1,1,0,1,1,1,1,1,1,0,0,1,0,0,0,0,0,0,1,0,1,0,0,0,0,0,0,0,ARTICLE,https://doi.org/10.1016/j.amc.2023.127834,0,0,0,0,0,1,32.962704,8.897128,5.404308,3,3,2022–2025,0.31194780178604425,0.4388168997386336,0.5242454923634327
458,2023,"A Carrasco-Mantis, T Randelovic, H Castro-Abril",A mechanobiological model for tumor spheroid evolution with application to glioblastoma: A continuum multiphysics approach,1,0,1,0,0,0,1,0,0,1,0,0,0,0,0,1,1,1,1,1,1,1,1,1,1,1,1,0,0,0,0,0,0,0,0,0,1,1,0,0,0,0,0,0,0,0,1,1,1,ARTICLE,https://doi.org/10.1016/j.compbiomed.2023.106897,0,0,0,0,0,1,32.702263,9.696243,5.80947,3,3,2022–2025,0.31194780178604425,0.24513529509344778,0.6593253801551424
459,2023,"A Meddah, M Conte, E Buckwar",A stochastic hierarchical model for low grade glioma evolution,1,1,1,0,0,0,1,1,1,0,0,1,0,0,0,0,1,1,0,1,1,1,1,1,1,1,1,1,0,0,0,0,0,0,0,0,0,0,0,1,0,1,0,0,0,0,1,1,0,ARTICLE,https://doi.org/10.1007/s00285-023-01909-5,0,0,0,0,0,1,32.79812,8.953327,5.199542,3,3,2022–2025,0.45833897521651823,0.6119861653815786,0.703053571949813
460,2023,"A Tursynkozha, A Kashkynbayev, B Shupeyeva",Traveling wave speed and profile of a go or grow glioblastoma multiforme model,1,0,1,0,0,0,1,1,0,0,0,0,0,0,0,1,1,1,0,1,1,1,0,1,1,1,1,1,0,0,0,0,0,0,0,0,0,0,0,0,0,0,0,0,0,0,0,0,0,ARTICLE,https://doi.org/10.1016/j.cnsns.2022.107008,0,0,0,0,0,1,33.49807,10.363478,6.3499494,1,1,2022–2025,0.31194780178604425,0.40458020666655264,0.5637910075562708
461,2023,"AB Brummer, A Xella, R Woodall, V Adhikarla",Data driven model discovery and interpretation for CAR T-cell killing using sparse identification and latent variables,1,1,0,0,0,0,1,1,0,0,0,0,0,0,0,1,1,1,0,1,0,1,0,0,1,0,0,0,0,0,0,0,0,0,0,0,1,0,1,0,0,0,0,0,1,1,0,0,0,ARTICLE,https://doi.org/10.3389/fimmu.2023.1115536,0,0,0,0,0,1,32.03312,8.789827,9.138274,4,4,2022–2025,0.14639117343047398,0.40458020666655264,0.29490326618777374
462,2023,"B Liang, L Lozenski, U Villa, D Faghihi",PDE-constrained Optimization Formulation for Tumor Growth Model Calibration,1,0,1,0,0,0,0,0,0,0,0,0,0,0,0,0,1,1,0,0,1,1,0,0,1,0,0,0,0,0,0,0,0,0,0,0,0,0,0,0,0,0,0,0,0,0,0,0,0,ARTICLE,https://doi.org/10.48550/arXiv.2302.06445,0,0,0,0,0,1,33.457977,9.317219,6.921822,1,1,2022–2025,0.31194780178604425,0.0,0.24977845608481788
463,2023,"D Lachinov, A Chakravarty, C Grechenig",Learning Spatio-Temporal Model of Disease Progression with NeuralODEs from Longitudinal Volumetric Data,1,1,0,0,0,1,1,1,0,0,0,0,0,0,0,0,1,1,0,1,0,0,0,0,0,0,0,0,0,0,0,0,0,0,0,0,0,0,0,0,0,0,0,0,0,0,0,0,0,ARTICLE,https://doi.org/10.1109/TMI.2023.3330576,0,0,0,0,0,1,31.675482,-8.869895,3.546889,2,2,2022–2025,0.4081570958158805,0.3320495350452222,0.09584564469843923
464,2023,"G Baravdish, BT Johansson, O Svensson",Identifying a response parameter in a model of brain tumour evolution under therapy,1,0,1,0,0,0,0,0,0,0,0,0,0,0,0,0,1,1,0,0,1,1,0,1,0,0,0,0,0,0,0,0,0,0,0,0,0,0,0,0,0,0,0,0,0,0,0,0,0,ARTICLE,https://doi.org/10.1093/imamat/hxad013,0,0,0,0,0,1,33.779747,9.015224,7.0189786,1,1,2022–2025,0.31194780178604425,0.0,0.2591291699912871
465,2023,"I Ezhov, K Scibilia, K Franitza, F Steinbauer, S Shit",Learn-Morph-Infer: a new way of solving the inverse problem for brain tumor modeling,1,0,1,0,0,1,1,1,0,0,0,0,0,0,0,0,1,1,0,0,1,1,0,1,0,1,1,0,0,0,0,0,0,0,0,0,0,0,0,0,0,0,0,0,0,0,1,1,0,ARTICLE,https://doi.org/10.1016/j.media.2022.102672,0,0,0,0,0,1,34.28139,8.830579,6.2661996,1,3,2022–2025,0.5737137241714507,0.3320495350452222,0.3587946528725629
466,2023,"JL Lpez-Agredo, DA Rueda-Gomez",Numerical analysis of a mathematical model describing the evolution of hypoxic glioma cells,1,0,1,0,0,0,1,1,0,0,0,0,0,0,0,0,1,1,0,1,1,1,0,1,1,1,0,1,0,0,0,0,0,0,0,0,0,0,0,0,0,0,0,0,0,0,0,0,0,ARTICLE,https://doi.org/10.1016/j.camwa.2022.12.010,0,0,0,0,0,1,33.552948,10.503174,6.412361,1,1,2022–2025,0.31194780178604425,0.3320495350452222,0.4985017860064017
467,2023,"KJ Painter, T Hillen, JR Potts",Biological modelling with nonlocal advection diffusion equations,1,0,1,0,0,0,0,0,0,0,0,0,0,0,0,0,1,0,0,0,0,1,0,1,0,0,0,0,0,0,0,0,0,0,0,0,0,0,0,0,0,0,0,0,0,0,0,0,0,ARTICLE,https://doi.org/10.48550/arXiv.2307.14396,0,0,0,0,0,1,33.972866,8.999653,7.265954,1,1,2022–2025,0.31194780178604425,0.0,0.10410700644324121
468,2023,"L Hanum, N Susyanto, D Ertiningsih",Mathematical model of the impact of chemotherapy and anti-angiogenic therapy on drug resistance in glioma growth,1,1,0,0,0,0,0,0,0,0,0,0,0,0,0,0,1,1,0,0,1,1,0,0,1,1,1,0,0,0,0,0,0,0,0,0,0,0,0,1,0,1,0,0,0,0,0,0,0,ARTICLE,https://doi.org/10.1515/cmb-2025-0022?urlappend=%3Futm_source%3Dresearchgate.net%26utm_medium%3Darticle,0,0,0,0,0,1,32.18809,8.647175,8.411527,4,4,2022–2025,0.14639117343047398,0.0,0.3737920926761334
469,2023,"M Amereh, H Struchtrup, B Nadler",Mathematical modeling of spherical shell-type pattern of tumor invasion,1,0,1,0,0,0,1,0,0,0,0,1,0,0,0,0,1,1,0,0,1,1,1,1,1,0,0,0,0,1,0,0,0,1,0,0,1,0,1,1,0,1,0,0,0,0,0,0,0,ARTICLE,https://doi.org/10.3390/sym15020283,0,0,0,0,0,1,32.831123,9.367325,5.982505,3,3,2022–2025,0.31194780178604425,0.17316926564294505,0.5273205039684538
470,2023,"M Conte, Y Dzierma, S Knobe",Mathematical modeling of glioma invasion and therapy approaches via kinetic theory of active particles,1,1,1,0,1,0,1,1,1,0,0,1,0,0,0,0,1,1,0,1,1,1,1,0,1,1,1,1,0,0,0,0,0,0,0,0,0,0,0,1,0,1,0,0,0,0,0,0,0,ARTICLE,https://doi.org/10.48550/arXiv.2203.11578,0,0,0,0,0,1,32.733448,8.950965,5.1857433,3,3,2022–2025,0.6215857406902013,0.6119861653815786,0.5645703041751648
471,2023,"R Li, P Sahoo, D Wang, Q Wang, CE Brown",Modeling interaction of Glioma cells and CAR T-cells considering multiple CAR T-cells bindings,1,1,0,0,0,0,0,0,0,0,0,0,0,0,0,0,1,1,0,1,1,1,0,0,1,0,0,0,0,0,0,0,0,0,0,0,0,0,0,1,0,1,0,0,1,1,0,0,0,ARTICLE,https://doi.org/10.1016/j.immuno.2023.100022,0,0,0,0,0,1,31.715221,8.746566,8.979572,4,4,2022–2025,0.14639117343047398,0.0,0.46092827414437343
472,2023,"S Ghazanfar, N Ahmed, SM Ali, MS Iqbal, A Akgl",Exact and solitary wave structure of the tumor cell proliferation with LQ model of three dimensional PDE by newly extended direct algebraic method,1,0,1,0,0,0,1,1,0,0,0,0,0,0,0,0,1,1,0,0,1,0,0,0,0,0,0,0,0,1,1,0,0,0,0,0,0,0,0,0,0,0,0,0,1,1,0,0,0,ARTICLE,https://doi.org/10.1063/5.0153529,0,0,0,0,0,1,33.973557,9.221833,6.8589845,1,1,2022–2025,0.31194780178604425,0.3320495350452222,0.22842206976701682
473,2023,"S Khajanchi, J Mondal, PK Tiwari",Optimal treatment strategies using dendritic cell vaccination for a tumor model with parameter identifiability,1,1,0,0,0,0,0,0,0,0,0,0,0,0,0,0,1,1,0,1,1,0,0,0,0,0,0,0,0,0,0,0,0,0,0,0,0,0,0,1,0,1,0,0,1,1,0,0,0,ARTICLE,https://doi.org/10.1142/S0218339023500171,0,0,0,0,0,1,31.682444,8.768459,9.020855,4,4,2022–2025,0.14639117343047398,0.0,0.36617198160760145
474,2023,"S Urcun, D Baroli, PY Rohan, W Skalli, V Lubrano",Non-operable glioblastoma: proposition of patient-specific forecasting by image-informed poromechanical model,1,0,1,0,1,0,1,1,0,0,0,0,1,0,0,0,1,1,0,1,1,1,0,1,1,1,1,1,0,1,0,0,1,0,0,0,1,0,1,0,0,0,0,0,1,1,0,0,0,ARTICLE,https://doi.org/10.1016/j.brain.2023.100067,0,0,0,0,0,1,33.445446,9.215472,5.8736463,1,3,2022–2025,0.4751945672597273,0.43898097655421636,0.6983643524570028
475,2023,"Y Kim, J Lee, C Lee, S Lawler",Role of senescent tumor cells in building a cytokine shield in the tumor microenvironment: mathematical modeling,1,0,1,1,1,0,0,0,0,0,0,0,0,0,0,0,1,1,1,1,1,1,1,1,1,1,1,1,1,1,1,0,1,1,0,0,0,0,0,1,0,1,0,0,1,1,1,1,0,ARTICLE,https://doi.org/10.1007/s00285-022-01850-z,0,0,0,0,0,1,31.848928,9.373846,6.0342064,3,3,2022–2025,0.5918429041841196,0.0,0.8918651073383136
476,2023,"A Hussain, MS Muthuvalu, I Faye, M Zafar, M Inc",Numerical investigation of treated brain glioma model using a two-stage successive over-relaxation method,1,0,0,0,0,1,1,1,1,1,0,0,0,0,0,0,1,1,0,1,1,1,0,1,0,1,1,1,0,0,0,0,0,0,0,0,0,0,0,0,0,0,0,0,1,1,0,0,0,ARTICLE,https://doi.org/10.1016/j.compbiomed.2022.106429,0,0,0,0,0,1,30.416216,-7.5636015,4.0742,2,2,2022–2025,0.2617659223854065,0.6114215232107509,0.5256144733391686
477,2023,"A Karac, K Akyol",YoDenBi-NET: YOLO+ DenseNet+ Bi-LSTM-based hybrid deep learning model for brain tumor classification,1,0,0,0,0,1,1,0,0,1,0,0,0,0,0,0,1,0,0,0,0,0,0,0,0,0,0,0,0,0,0,0,0,0,0,0,0,0,0,0,0,0,0,0,1,1,0,0,0,ARTICLE,https://doi.org/10.1007/s00521-023-08395-2,0,0,0,0,0,1,30.712282,-7.4892645,4.3539963,2,2,2022–2025,0.2617659223854065,0.17260462347211739,0.05657975831966983
478,2023,"AA Asiri, A Shaf, T Ali, M Aamir, M Irfan, S Alqahtani",Brain tumor detection and classification using fine-tuned CNN with ResNet50 and U-Net model: A study on TCGA-LGG and TCIA dataset for MRI applications,1,0,0,0,0,1,1,1,0,1,0,0,0,0,0,0,1,1,0,1,1,0,0,0,0,0,0,0,0,0,0,0,0,0,0,0,0,0,0,0,0,0,0,0,1,1,0,0,0,ARTICLE,https://doi.org/10.3390/life13071449,0,0,0,0,0,1,30.507729,-7.6453085,4.024922,2,2,2022–2025,0.2617659223854065,0.5046541585173396,0.30744756656615496
479,2023,"AK Sharma, A Nandal, A Dhaka, L Zhou",Brain tumor classification using the modified ResNet50 model based on transfer learning,1,0,0,0,0,1,0,0,0,0,0,0,0,0,0,0,1,1,0,0,1,0,0,0,0,0,0,0,0,0,0,0,0,0,0,0,0,0,0,0,0,0,0,0,0,0,0,0,0,ARTICLE,https://doi.org/10.1016/j.bspc.2023.105299,0,0,0,0,0,1,31.286777,-7.243333,3.8864937,2,2,2022–2025,0.2617659223854065,0.0,0.1550221635480459
480,2023,"B Ragupathy, B Subramani",A novel approach for MR brain tumor classification and detection using optimal CNNSVM model,1,0,0,0,0,1,0,0,0,0,0,0,0,0,0,0,1,0,0,0,0,0,0,0,0,0,0,0,0,0,0,0,0,0,0,0,0,0,0,0,0,0,0,0,1,1,0,0,0,ARTICLE,https://doi.org/10.1002/ima.22826,0,0,0,0,0,1,31.1812,-7.852685,3.9457483,2,2,2022–2025,0.2617659223854065,0.0,0.05657975831966983
481,2023,"A Chaudhuri, G Pash, DA Hormuth II, G Lorenzo, et al.",Predictive digital twin for optimizing patient-specific radiotherapy regimens under uncertainty in high-grade gliomas,1,1,0,0,0,1,1,1,0,0,0,0,0,0,0,0,1,1,0,0,1,0,0,0,0,0,0,0,0,0,0,0,0,0,0,0,0,0,0,0,0,0,0,0,0,0,0,0,0,ARTICLE,https://doi.org/10.3389/frai.2023.1222612,0,0,0,0,0,1,31.25464,-7.933123,3.1760724,2,2,2022–2025,0.4081570958158805,0.3320495350452222,0.1550221635480459
482,2023,"F Demir, Y Akbulut, B Tac, K Demir",Improving brain tumor classification performance with an effective approach based on new deep learning model named 3ACL from 3D MRI data,1,0,0,0,0,1,1,1,0,0,0,0,0,0,0,0,1,1,0,0,1,0,0,0,0,0,0,0,0,0,0,0,0,0,0,0,0,0,0,0,0,0,0,0,0,0,0,0,0,ARTICLE,https://doi.org/10.1016/j.bspc.2022.104424,0,0,0,0,0,1,31.292992,-7.9873033,3.316568,2,2,2022–2025,0.2617659223854065,0.3320495350452222,0.1550221635480459
483,2023,"H Bagher-Ebadian, SL Brown, MM Ghassemi",Radiomics characterization of tissues in an animal brain tumor model imaged using dynamic contrast enhanced (DCE) MRI,1,0,0,0,0,1,1,1,0,1,0,0,0,0,0,0,1,0,0,0,0,0,0,0,0,1,1,1,0,0,0,0,0,0,0,0,0,0,0,1,0,1,0,0,1,1,0,0,0,ARTICLE,https://doi.org/10.1038/s41598-023-37723-8,0,0,0,0,0,1,30.637777,-7.9508986,3.753601,2,2,2022–2025,0.2617659223854065,0.5046541585173396,0.2293640736908887
484,2023,"H Mo, W Liang, Z Huang, X Li, X Xiao, H Liu, J He",Machine learningbased multiparametric magnetic resonance imaging radiomics model for distinguishing central neurocytoma from glioma of lateral ventricle,1,0,0,0,0,1,1,1,0,0,0,0,0,0,0,0,1,0,0,0,0,1,0,1,0,0,0,0,0,0,0,0,0,0,0,0,0,0,0,0,0,0,0,0,0,0,0,0,0,ARTICLE,https://doi.org/10.1007/s00330-022-09319-9,0,0,0,0,0,1,31.642696,-8.468815,3.7266428,2,2,2022–2025,0.2617659223854065,0.3320495350452222,0.10410700644324121
485,2023,"HA Hafeez, MA Elmagzoub, NAB Abdullah",A CNN-Model to Classify Low-grade and High-grade Glioma from MRI Images,1,0,0,0,0,1,1,1,0,1,1,0,0,0,0,0,1,1,0,0,1,0,0,0,0,0,0,0,0,0,0,0,0,0,0,0,0,0,0,0,0,0,0,0,0,0,0,0,0,ARTICLE,https://doi.org/10.1109/ACCESS.2023.3273487,0,0,0,0,0,1,30.751945,-7.425736,3.769633,2,2,2022–2025,0.2617659223854065,0.5123770306278891,0.1550221635480459
486,2023,"HMT Khushi, T Masood, A Jaffar, M Rashid",Improved Multiclass Brain Tumor Detection via Customized Pretrained EfficientNetB7 Model,1,0,0,0,0,1,1,1,0,0,0,0,0,0,0,0,1,0,0,0,0,0,0,0,0,0,0,0,0,0,0,0,0,0,0,0,0,0,0,0,0,0,0,0,1,1,0,0,0,ARTICLE,https://doi.org/10.1109/ACCESS.2023.3325883,0,0,0,0,0,1,31.541735,-8.383884,3.6660273,2,2,2022–2025,0.2617659223854065,0.3320495350452222,0.05657975831966983
487,2023,"JN Anita, S Kumaran",Detection and Segmentation of Meningioma Tumors Using the Proposed MENCNN Model,1,0,0,0,0,1,1,0,0,0,0,0,1,0,0,0,1,1,0,1,0,0,0,0,0,0,0,0,0,0,0,0,0,0,0,0,0,0,0,0,0,0,0,0,0,0,0,0,0,ARTICLE,https://doi.org/10.37934/araset.32.2.113,0,0,0,0,0,1,31.337975,-7.993963,4.314983,2,2,2022–2025,0.2617659223854065,0.10693144150899414,0.09584564469843923
488,2023,"KM Bond, L Curtin, S Ranjbar, AE Afshari",An image-based modeling framework for predicting spatiotemporal brain cancer biology within individual patients,1,0,0,0,1,1,1,1,0,1,0,1,1,0,0,0,1,1,0,0,1,1,0,1,0,1,1,1,0,1,0,0,0,1,0,0,0,0,0,0,0,0,0,0,1,1,0,0,0,ARTICLE,https://doi.org/10.3389/fonc.2023.1185738,0,0,0,0,0,1,30.349758,-7.4508595,4.250855,2,2,2022–2025,0.42501268785908963,0.7847548656692789,0.4505959963860958
489,2023,"KP Slavkova, SH Patel, Z Cacini, AS Kazerouni",Mathematical modelling of the dynamics of image-informed tumor habitats in a murine model of glioma,1,1,0,0,0,1,1,1,0,1,0,0,0,0,0,1,1,1,0,1,1,0,0,0,0,1,1,1,1,0,0,0,0,0,0,0,0,0,0,0,0,0,0,0,0,0,0,0,0,ARTICLE,https://doi.org/10.1038/s41598-023-30010-6,0,0,0,0,0,1,31.852499,7.8608603,8.719701,4,4,2022–2025,0.4081570958158805,0.5771848301386701,0.3901765255147951
490,2023,"L Fang, X Wang",Multi-input Unet model based on the integrated block and the aggregation connection for MRI brain tumor segmentation,1,0,0,0,0,1,1,0,0,0,0,0,1,0,0,0,1,1,0,1,1,0,0,0,0,0,0,0,0,0,0,0,0,0,0,0,1,0,1,0,0,0,0,0,1,1,0,0,0,ARTICLE,https://doi.org/10.1016/j.bspc.2022.104027,0,0,0,0,0,1,31.362425,-7.9469643,4.3610864,2,2,2022–2025,0.2617659223854065,0.10693144150899414,0.3551691371990477
491,2023,"L Li, C Zhang, Z Wang, Y Wang, Y Guo, C Qi, G You",Development of an integrated predictive model for postoperative glioma-related epilepsy using gene-signature and clinical data,1,0,0,0,0,1,1,0,0,1,0,1,0,0,0,0,1,1,0,0,1,1,0,1,0,0,0,0,0,0,0,0,0,0,0,0,0,0,0,1,0,1,0,0,1,1,0,0,0,ARTICLE,https://doi.org/10.1186/s12885-022-10385-x,0,0,0,0,0,1,30.885756,-6.831858,4.575124,2,2,2022–2025,0.2617659223854065,0.34577388911506246,0.3744333433524034
492,2023,"L Zhang, H Pan, Z Liu, J Gao, X Xu, L Wang, J Wang",Multicenter clinical radiomicsintegrated model based on [18F]FDG PET and multi-modal MRI predict ATRX mutation status in IDH-mutant lower-grade gliomas,1,0,0,0,0,1,1,0,1,1,0,1,1,0,0,0,1,1,0,1,0,0,0,0,0,0,0,0,0,1,0,0,1,0,0,0,1,0,1,1,0,1,0,0,0,0,0,0,0,ARTICLE,https://doi.org/10.1007/s00330-022-09043-4,0,0,0,0,0,1,31.602413,-7.4605665,4.494871,2,2,2022–2025,0.2617659223854065,0.559472695317468,0.23256364632094786
493,2023,"LL de Godoy, S Chawla, S Brem, S Wang",Assessment of treatment response to dendritic cell vaccine in patients with glioblastoma using a multiparametric MRI-based prediction model,1,0,0,0,0,1,1,0,1,1,0,0,0,0,0,0,1,1,0,0,1,0,0,0,0,1,0,0,1,0,0,0,0,0,0,0,0,0,0,1,0,1,0,0,1,1,0,0,0,ARTICLE,https://doi.org/10.1007/s11060-023-04324-4,0,0,0,0,0,1,30.787579,-7.3916397,4.2348666,2,2,2022–2025,0.2617659223854065,0.2793719881655288,0.29557515384769983
494,2023,"M Hammad, M ElAffendi, AA Ateya, AA Abd El-Latif",Efficient Brain Tumor Detection with Lightweight End-to-End Deep Learning Model,1,0,0,0,0,1,1,0,0,1,0,0,0,0,0,0,1,0,0,0,0,0,0,0,0,0,0,0,0,1,1,0,0,0,0,0,0,0,0,1,0,1,0,0,0,0,0,0,0,ARTICLE,https://doi.org/10.3390/cancers15102837,0,0,0,0,0,1,30.867426,-7.312766,4.3443956,2,2,2022–2025,0.2617659223854065,0.17260462347211739,0.07554456294074759
495,2023,"M Rahimpour, R Boellaard, S Jentjens",A multi-label CNN model for the automatic detection and segmentation of gliomas using [18F]FET PET imaging,1,0,0,0,0,1,1,0,0,1,0,0,1,0,0,0,1,0,0,0,0,0,0,0,0,0,0,0,0,0,0,0,0,0,0,0,1,0,1,0,0,0,0,0,0,0,0,0,0,ARTICLE,https://doi.org/10.1007/s00259-023-06193-5,0,0,0,0,0,1,31.519588,-7.5007377,4.587773,2,2,2022–2025,0.2617659223854065,0.2795360649811115,0.047721570632892715
496,2023,"MA Talukder, MM Islam, MA Uddin, A Akhter",An efficient deep learning model to categorize brain tumor using reconstruction and fine-tuning,1,0,0,0,0,1,1,1,0,0,0,0,1,0,0,0,1,1,0,0,1,0,0,0,0,1,0,0,1,0,0,0,0,0,0,0,1,0,1,0,0,0,0,0,0,0,0,0,0,ARTICLE,https://doi.org/10.1016/j.eswa.2023.120534,0,0,0,0,0,1,31.111465,-7.874389,3.509338,2,2,2022–2025,0.2617659223854065,0.43898097655421636,0.2279925511194762
497,2023,"N Ullah, A Javed, A Alhazmi, SM Hasnain, A Tahir",TumorDetNet: A unified deep learning model for brain tumor detection and classification,1,0,0,0,0,1,1,1,0,1,0,0,0,0,0,0,1,1,0,0,1,0,0,0,0,0,0,0,0,0,0,0,0,0,0,0,0,0,0,0,0,0,0,0,0,0,0,0,0,ARTICLE,https://doi.org/10.1371/journal.pone.0291200,0,0,0,0,0,1,30.67666,-7.405805,3.7779195,2,2,2022–2025,0.2617659223854065,0.5046541585173396,0.1550221635480459
498,2023,"P Du, X Liu, X Wu, J Chen, A Cao, D Geng",Predicting Histopathological Grading of Adult Gliomas Based On Preoperative Conventional Multimodal MRI Radiomics: A Machine Learning Model,1,0,0,0,0,1,1,0,1,0,0,0,0,0,0,0,1,0,0,0,0,1,0,1,0,1,0,0,1,0,0,0,0,0,0,0,0,0,0,1,0,1,0,0,0,0,0,0,0,ARTICLE,https://doi.org/10.3390/brainsci13060912,0,0,0,0,0,1,31.43984,-8.057981,3.954223,2,2,2022–2025,0.2617659223854065,0.10676736469341137,0.1880802384232253
499,2023,"Q Chen, Q Ye, W Zhang, H Li, X Zheng",TGM-Nets: A deep learning framework for enhanced forecasting of tumor growth by integrating imaging and modeling,1,0,0,0,0,1,0,0,0,0,0,0,0,0,0,0,1,1,0,1,1,1,0,1,0,1,1,0,0,0,0,0,0,0,0,0,1,0,1,0,0,0,0,0,0,0,1,1,0,ARTICLE,https://doi.org/10.1016/j.engappai.2023.106867,0,0,0,0,0,1,34.24895,8.791442,6.280821,1,3,2022–2025,0.2617659223854065,0.0,0.5023618682038948
500,2023,"S Asif, M Zhao, X Chen, Y Zhu",BMRI-NET: A Deep Stacked Ensemble Model for Multi-class Brain Tumor Classification from MRI Images,1,0,0,0,0,1,0,0,0,0,0,0,0,0,0,0,1,1,0,0,1,0,0,0,0,0,0,0,0,0,0,0,0,0,0,0,0,0,0,0,0,0,0,0,0,0,0,0,0,ARTICLE,https://doi.org/10.1007/s12539-023-00571-1,0,0,0,0,0,1,31.315708,-7.269782,3.826351,2,2,2022–2025,0.2617659223854065,0.0,0.1550221635480459
501,2023,"S Hussain, S Haider, S Maqsood, R Damaeviius",ETISTP: an enhanced model for brain tumor identification and survival time prediction,1,0,0,0,0,1,1,1,0,0,0,0,0,0,0,0,1,1,0,1,0,0,0,0,0,1,0,1,1,0,0,0,0,0,0,0,0,0,0,0,0,0,0,0,0,0,0,0,0,ARTICLE,https://doi.org/10.3390/diagnostics13081456,0,0,0,0,0,1,31.62896,-8.980162,3.5254462,2,2,2022–2025,0.2617659223854065,0.3320495350452222,0.16986514041688017
502,2023,"S Li, J Liu, Z Zhang, W Wang, H Lu, L Lin",Added-value of 3D amide proton transfer MRI in assessing prognostic factors of cervical cancer: a comparative study with multiple model diffusion-weighted imaging,1,0,0,0,0,1,1,0,0,1,0,0,0,0,0,0,1,1,0,0,1,1,0,1,0,0,0,0,0,0,0,0,0,0,0,0,0,0,0,1,0,1,0,0,0,0,0,0,0,ARTICLE,https://doi.org/10.21037/qims-23-324,0,0,0,0,0,1,30.760584,-6.9370403,4.338836,2,2,2022–2025,0.2617659223854065,0.17260462347211739,0.3178535850327336
503,2023,"T Vaiyapuri, M Jaiganesh, S Ahmad",Ensemble Learning Driven Computer-Aided Diagnosis Model for Brain Tumor Classification on Magnetic Resonance Imaging,1,0,0,0,0,1,1,0,0,0,0,0,1,0,0,0,1,1,0,1,0,0,0,0,0,0,0,0,0,0,0,0,0,0,0,0,0,0,0,0,0,0,0,0,0,0,0,0,0,ARTICLE,https://doi.org/10.1109/ACCESS.2023.3306961,0,0,0,0,0,1,31.336233,-7.9909306,4.3394027,2,2,2022–2025,0.2617659223854065,0.10693144150899414,0.09584564469843923
504,2023,"X Chen, Q Yu, J Peng, Z He, Q Li, Y Ning, J Gu, F Lv",A combined model integrating radiomics and deep learning based on contrast-Enhanced CT for preoperative staging of laryngeal carcinoma,1,0,0,0,0,1,1,1,0,0,0,0,0,0,0,0,1,0,0,0,0,1,0,1,0,0,0,0,0,0,0,0,0,0,0,0,0,0,0,0,0,0,0,0,0,0,0,0,0,ARTICLE,https://doi.org/10.1016/j.acra.2023.06.029,0,0,0,0,0,1,31.62839,-8.534989,3.7536027,2,2,2022–2025,0.2617659223854065,0.3320495350452222,0.10410700644324121
505,2023,"Y Kim, KH Kim, J Park, HI Yoon, W Sung",Prognosis prediction for glioblastoma multiforme patients using machine learning approaches: Development of the clinically applicable model,1,0,0,0,0,1,1,0,0,1,0,0,0,0,0,0,1,0,0,0,0,1,0,1,0,0,0,0,0,0,0,0,0,0,0,0,0,0,0,0,0,0,0,0,0,0,0,0,0,ARTICLE,https://doi.org/10.1016/j.radonc.2023.109617,0,0,0,0,0,1,30.815762,-7.1311774,4.4210596,2,2,2022–2025,0.2617659223854065,0.17260462347211739,0.10410700644324121
506,2023,"Y Li, W Xu, Y Fei, M Wu, J Yuan, L Qiu, Y Zhang",A MRI-based radiomics model for predicting the response to anlotinb combined with temozolomide in recurrent malignant glioma patients,1,0,0,0,0,1,1,0,0,0,0,0,1,0,0,0,1,1,0,0,1,0,0,0,0,1,1,0,0,1,1,0,0,0,0,0,0,0,0,1,0,1,0,0,0,0,0,0,0,ARTICLE,https://doi.org/10.1007/s12672-023-00751-x,0,0,0,0,0,1,31.020096,-7.188273,4.0393205,2,2,2022–2025,0.2617659223854065,0.10693144150899414,0.2958559480386625
507,2023,"Y Luo, L Hao, C Liu, Y Xiang, X Han",Prognostic model for predicting overall survival in patients with glioblastoma: an analysis based on the SEER database,1,0,0,0,0,1,1,0,0,1,0,0,0,0,0,0,1,0,0,0,0,0,0,0,0,0,0,0,0,0,0,0,0,0,0,0,0,0,0,0,0,0,0,0,1,1,0,0,0,ARTICLE,https://doi.org/10.1177/10815589221147153,0,0,0,0,0,1,30.717674,-7.4693246,4.3794765,2,2,2022–2025,0.2617659223854065,0.17260462347211739,0.05657975831966983
508,2023,"Y Wang, J Chen, X Bai",Gradient-assisted deep model for brain tumor segmentation by multi-modality MRI volumes,1,0,0,0,0,1,1,1,0,0,0,0,0,0,0,0,1,0,0,0,0,1,0,1,0,0,0,0,0,0,0,0,0,0,0,0,0,0,0,0,0,0,0,0,0,0,0,0,0,ARTICLE,https://doi.org/10.1016/j.bspc.2023.105066,0,0,0,0,0,1,31.643824,-8.46397,3.7204008,2,2,2022–2025,0.2617659223854065,0.3320495350452222,0.10410700644324121
509,2023,"Z Yang, Z Hu, H Ji, K Lafata, E Vaios, S Floyd",A neural ordinary differential equation model for visualizing deep neural network behaviors in multiparametric MRIbased glioma segmentation,1,1,0,0,0,1,1,1,0,0,0,0,1,0,0,0,1,0,0,0,0,0,0,0,0,1,0,0,1,0,0,0,0,0,0,0,0,0,0,0,0,0,0,0,0,0,0,0,0,ARTICLE,https://doi.org/10.1002/mp.16286,0,0,0,0,0,1,31.573832,-8.437161,3.45061,2,2,2022–2025,0.4081570958158805,0.43898097655421636,0.025248816938537574
510,2023,"F Galarce, KTabelow, J Polzehl, CP Papanikas, et al",Displacement and Pressure Reconstruction from Magnetic Resonance Elastography Images: Application to an In Silico Brain Model,1,0,1,0,1,0,1,1,0,0,0,0,0,0,0,0,0,0,0,0,0,0,0,0,0,0,0,0,0,0,0,0,0,0,0,0,0,0,0,0,0,0,0,0,0,0,1,1,1,ARTICLE,https://doi.org/10.48550/arXiv.2204.12445,0,0,0,0,0,1,33.8837,8.434519,7.4223604,1,1,2022–2025,0.4751945672597273,0.3320495350452222,0.04344617918529478
511,2024,"L Saucedo-Mora, M Sanz, FJ Montns",A simple agent-based hybrid model to simulate the biophysics of glioblastoma multiforme cells and the concomitant evolution of the oxygen field,1,0,1,1,1,0,1,0,0,0,0,1,0,0,0,0,1,1,1,0,1,1,1,1,1,1,1,1,0,1,0,0,1,1,0,0,0,0,0,0,0,0,1,1,0,0,0,0,0,ARTICLE,https://doi.org/10.1016/j.cmpb.2024.108046,0,0,0,0,0,1,31.741982,9.4770775,6.1148043,3,3,2022–2025,0.5918429041841196,0.17316926564294505,0.6154315511593181
512,2024,"M Sardar, S Khajanchi, S Biswas, S Ghosh",A mathematical model for tumor-immune competitive system with multiple time delays,1,1,0,0,0,0,0,0,0,0,0,0,0,0,0,0,1,1,0,1,1,0,0,0,0,0,0,0,0,0,0,0,0,0,0,0,0,0,0,0,0,0,0,0,1,1,0,0,0,ARTICLE,https://doi.org/10.1016/j.chaos.2023.114397,0,0,0,0,0,1,31.88801,8.712341,9.020982,4,4,2022–2025,0.14639117343047398,0.0,0.30744756656615496
513,2024,"MR Ghahramani, O Bavi",Heterogeneous biomechanical/mathematical modeling of spatial prediction of glioblastoma progression using magnetic resonance imaging-based finite element method,1,0,1,0,0,0,1,1,0,0,0,0,0,0,0,0,1,0,0,1,1,1,1,0,0,0,0,0,0,0,0,0,0,0,0,0,0,0,0,1,0,1,0,0,0,0,1,1,1,ARTICLE,https://doi.org/10.1016/j.cmpb.2024.108441,0,0,0,0,0,1,34.034172,9.660588,6.95806,1,1,2022–2025,0.31194780178604425,0.3320495350452222,0.3992002904939153
514,2024,R Jain,A revised mathematical model of pre-diagnostic glioma growth incorporating vascularization and tumor mutational burden,1,1,0,0,0,0,0,0,0,0,0,0,0,0,0,0,1,1,0,1,0,0,0,0,0,1,1,1,0,0,0,0,0,0,0,0,1,0,1,0,0,0,0,0,1,1,0,0,0,ARTICLE,https://doi.org/10.1101/2024.01.08.24300708,0,0,0,0,0,1,32.23177,8.731204,9.148984,4,4,2022–2025,0.14639117343047398,0.0,0.3142068739807742
515,2024,"T Hillen, N Loy, KJ Painter, R Thiessen",Modelling microtube driven invasion of glioma,1,1,1,0,0,0,0,0,0,0,0,0,0,0,0,1,1,1,0,1,1,1,1,1,1,0,0,0,0,0,0,0,0,0,0,0,0,0,0,1,1,0,0,0,0,0,0,0,0,ARTICLE,https://doi.org/10.1007/s00285-023-02025-0,0,0,0,0,0,1,32.92968,10.044072,6.152592,3,3,2022–2025,0.45833897521651823,0.07253067162133041,0.5074168363900216
516,2024,"AP Browning, TD Lewin, RE Baker, PK Maini",Predicting Radiotherapy Patient Outcomes with Real-Time Clinical Data Using Mathematical Modelling,1,0,0,0,0,1,1,0,1,0,0,0,1,0,0,0,1,1,0,0,1,0,0,0,0,0,0,0,0,0,0,0,0,0,0,0,0,0,0,0,0,0,0,0,0,0,0,0,0,ARTICLE,https://doi.org/10.1007/s11538-023-01246-0,0,0,0,0,0,1,31.0439,-7.2393465,3.9960163,2,2,2022–2025,0.2617659223854065,0.2136988062024055,0.1550221635480459
517,2024,"DR Bergman, KA Norton, HV Jain",Connecting Agent-Based Models with High-Dimensional Parameter Spaces to Multidimensional Data Using SMoRe ParS: A Surrogate Modeling Approach,1,0,0,0,0,1,1,0,0,0,0,1,0,0,0,0,1,0,0,0,0,1,0,0,1,0,0,0,0,0,0,0,0,0,0,0,0,0,0,0,0,0,0,0,0,0,0,0,0,ARTICLE,https://doi.org/10.1007/s11538-023-01240-6,0,0,0,0,0,1,31.892588,-7.662522,3.4012353,2,2,2022–2025,0.2617659223854065,0.17316926564294505,0.09475629253677198
518,2024,"GV Sivanarayana, KN Kumar",MRI based Brain Tumor Classification using Modified Convolutional Neural Network Model,1,0,0,0,0,1,1,1,0,0,0,0,0,0,0,0,1,1,0,0,1,0,0,0,0,0,0,0,0,0,0,0,0,0,0,0,0,0,0,0,0,0,0,0,0,0,0,0,0,ARTICLE,https://ijisae.org/index.php/IJISAE/article/view/4145/2978,0,0,0,0,0,1,31.200777,-7.879792,3.3040566,2,2,2022–2025,0.2617659223854065,0.3320495350452222,0.1550221635480459
519,2024,"HN Matin, S Setayeshi",A computational tumor growth model experience based on molecular dynamics point of view using deep cellular automata,1,0,0,0,0,1,0,0,0,0,0,0,0,0,0,0,1,1,0,1,1,1,0,0,1,0,0,0,0,1,0,0,1,0,0,0,1,0,1,0,0,0,0,0,1,1,0,0,0,ARTICLE,https://doi.org/10.1016/j.artmed.2023.102752,0,0,0,0,0,1,31.338858,-6.834858,4.5599937,2,2,2022–2025,0.2617659223854065,0.0,0.4801974456839891
520,2024,"K Mahmoudi, DH Kim, E Tavakkol, S Kihira, A Bauer",Multiparametric Radiogenomic Model to Predict Survival in Patients with Glioblastoma,1,0,0,0,0,1,1,0,0,1,0,1,1,0,0,0,1,1,0,0,1,0,0,0,0,0,0,0,0,0,0,0,0,0,0,0,0,0,0,0,0,0,0,0,0,0,0,0,0,ARTICLE,https://doi.org/10.3390/cancers16030589,0,0,0,0,0,1,30.841682,-7.0177507,4.18533,2,2,2022–2025,0.2617659223854065,0.4527053306240566,0.1550221635480459
521,2024,"L Fang, Y Jiang",Dual-path parallel hierarchical diagnostic model of glioma based on pathomorphological feature,1,0,0,0,0,1,1,0,0,0,0,0,1,0,0,0,1,1,0,1,1,1,0,1,1,0,0,0,0,0,0,0,0,0,0,0,0,0,0,0,0,0,0,0,0,0,0,0,0,ARTICLE,https://doi.org/10.1016/j.bspc.2023.105559,0,0,0,0,0,1,30.98254,-7.9596624,4.699445,2,2,2022–2025,0.2617659223854065,0.10693144150899414,0.44973110722649834
522,2024,"M Friedrich, CP Filss, P Lohmann",Structural connectome-based predictive modeling of cognitive deficits in treated glioma patients,1,0,0,0,0,1,1,0,1,1,0,0,1,0,0,0,1,1,0,1,0,1,0,1,0,1,0,0,1,0,0,0,0,0,0,0,0,0,0,0,0,0,0,0,0,0,0,0,0,ARTICLE,https://doi.org/10.1093/noajnl/vdad151,0,0,0,0,0,1,31.122435,-7.7407484,4.500867,2,2,2022–2025,0.2617659223854065,0.3863034296745229,0.22520146808021801
523,2024,"S Luzzi, A Agosti",Radiomics Multifactorial in Silico Model for Spatial Prediction of Glioblastoma Progression and Recurrence: A Proof-of-Concept,1,0,0,0,1,1,1,0,0,1,0,0,0,0,0,0,1,1,0,0,1,1,1,1,1,1,1,1,0,0,0,0,0,0,0,0,0,0,0,1,0,1,0,0,1,1,0,0,0,ARTICLE,https://doi.org/10.1016/j.wneu.2024.01.002,0,0,0,0,0,1,32.370056,8.868626,5.7266235,3,3,2022–2025,0.42501268785908963,0.17260462347211739,0.6294114242396367
524,2024,"S Shargunam, G Rajakumar",An efficient glioma classification and grade detection using hybrid convolutional neural network-based SVM model,1,0,0,0,0,1,1,0,1,1,0,0,1,0,0,0,1,1,0,0,1,0,0,0,0,0,0,0,0,0,0,0,0,0,0,0,0,0,0,0,0,0,0,0,0,0,0,0,0,ARTICLE,https://doi.org/10.1080/13682199.2023.2215031,0,0,0,0,0,1,30.897493,-7.1474524,4.087403,2,2,2022–2025,0.2617659223854065,0.3863034296745229,0.1550221635480459
525,2024,"Y Huang, X Yang, L Liu, H Zhou, A Chang, X Zhou",Segment anything model for medical images?,1,0,0,0,0,1,1,1,0,1,0,0,0,0,0,0,1,0,0,0,0,0,0,0,0,1,0,1,0,0,0,0,0,0,0,0,0,0,0,0,0,0,0,0,0,0,0,0,0,ARTICLE,https://doi.org/10.1016/j.media.2023.103061,0,0,0,0,0,1,31.015223,-8.217967,3.605181,2,2,2022–2025,0.2617659223854065,0.5046541585173396,0.04877067877990337
526,2024,"MR Ghahramani, O Bavi",Heterogeneous biomechanical/mathematical modeling of spatial prediction of glioblastoma progression using magnetic resonance imaging-based finite element method,1,0,1,0,0,0,1,1,0,0,0,0,0,0,0,0,1,1,0,1,1,1,1,1,1,0,0,0,0,0,0,0,0,0,0,0,0,0,0,1,1,1,0,0,0,0,1,1,1,ARTICLE,https://doi.org/10.1016/j.cmpb.2024.108441,0,0,0,0,0,1,33.458736,10.241666,6.2204947,1,1,2022–2025,0.31194780178604425,0.3320495350452222,0.6095874306167629
527,2024," M Karabacak, S Patil, et al.",Radiomics-Based Machine Learning with Natural Gradient Boosting for Continuous Survival Prediction in Glioblastoma,1,0,0,0,0,1,1,1,0,0,0,1,0,0,0,0,1,0,0,0,0,0,0,0,0,0,0,0,0,0,0,0,0,0,0,0,1,0,0,1,0,0,0,0,0,0,0,0,0,ARTICLE,https://doi.org/10.3390/cancers16213614,0,0,0,0,0,1,31.88752,-7.9210696,3.2623324,2,2,2022–2025,0.2617659223854065,0.5052188006881673,0.0
528,2024,"A Duman, X Sun, et al.",Reproducible and Interpretable Machine Learning-Based Radiomic Analysis for Overall Survival Prediction in Glioblastoma Multiforme,1,0,0,0,0,1,1,1,0,0,0,1,0,0,0,0,1,0,0,0,0,0,0,0,0,0,0,0,0,0,0,0,0,0,0,0,1,0,0,1,0,0,0,0,0,0,0,0,0,ARTICLE,https://doi.org/10.3390/cancers16193351,0,0,0,0,0,1,31.952541,-7.8971634,3.2373657,2,2,2022–2025,0.2617659223854065,0.5052188006881673,0.0
529,2024,"M Karabacak, P Jagtiani, et al.",Advancing precision prognostication in neuro-oncology: Machine learning models for data-driven personalized survival predictions in IDH-wildtype glioblastoma,1,0,0,0,0,1,1,1,0,0,0,1,0,0,0,0,0,0,0,0,0,0,0,0,0,0,0,0,0,0,0,0,0,0,1,0,0,0,0,1,0,1,0,0,0,0,0,0,0,ARTICLE,https://doi.org/10.1093/noajnl/vdae096,0,0,0,0,0,1,31.985668,-7.7873607,3.145831,2,2,2022–2025,0.2617659223854065,0.5052188006881673,0.05872441504144651
530,2024,"J Sun, Y Peng",The cross-modality survival prediction method of glioblastoma based on dual-graph neural networks,1,0,0,0,0,1,1,1,0,0,0,1,0,0,0,0,0,0,0,0,0,0,0,0,0,0,0,0,0,0,0,0,0,0,0,0,0,0,0,1,0,1,0,0,0,0,0,0,0,ARTICLE,https://doi.org/10.1016/j.eswa.2024.124394,0,0,0,0,0,1,31.95243,-7.7442775,3.0475664,2,2,2022–2025,0.2617659223854065,0.5052188006881673,0.05872441504144651
531,2024,"Z Zhao, Y Shi, et al.","Development of a web-based tool for estimating individualized survival curves in glioblastoma using clinical, mRNA, and tumor microenvironment features with fusion techniques",1,0,0,0,0,1,1,0,0,1,1,1,0,0,0,0,0,0,0,0,0,0,0,0,0,0,0,0,0,0,0,0,0,0,1,1,1,0,1,1,1,1,1,1,1,1,0,0,0,ARTICLE,https://doi.org/10.1007/s12094-024-03739-3,0,0,0,0,0,1,31.90307,-7.362627,3.9379551,2,2,2022–2025,0.2617659223854065,0.3534967612256119,0.19032285198875443
532,2024,"A Chelliah, DA Wood, et al.",Glioblastoma and radiotherapy: A multicenter AI study for Survival Predictions from MRI (GRASP study),1,0,0,0,0,1,1,1,0,0,0,1,0,0,0,0,0,0,0,0,0,0,0,0,0,0,0,0,0,0,0,0,0,0,1,1,0,0,0,1,0,1,0,0,0,0,0,0,0,ARTICLE,https://doi.org/10.1093/neuonc/noae017,0,0,0,0,0,1,31.9343,-7.7850146,3.1161187,2,2,2022–2025,0.2617659223854065,0.5052188006881673,0.06333619384355194
533,2024,"Q Lyu, M Parreno-Centeno, et al.",SurvNet: A low-complexity convolutional neural network for survival time classification of patients with glioblastoma,1,0,0,0,0,1,1,1,0,0,0,0,0,0,0,0,0,0,0,0,0,0,0,0,0,0,0,0,0,0,0,0,0,0,0,0,0,0,0,1,0,1,0,0,0,0,0,0,0,ARTICLE,https://doi.org/10.1016/j.heliyon.2024.e32870,0,0,0,0,0,1,31.671808,-8.268273,3.5012307,2,2,2022–2025,0.2617659223854065,0.3320495350452222,0.05872441504144651
534,2024,"L Saucedo-Mora, MA Sanz, et al.",A simple agent-based hybrid model to simulate the biophysics of glioblastoma multiforme cells and the concomitant evolution of the oxygen field,1,0,1,1,1,0,1,0,0,0,0,0,0,0,0,0,1,1,1,0,1,1,1,0,1,0,0,0,0,1,1,0,0,1,0,0,1,0,1,0,0,0,1,1,0,0,0,0,0,ARTICLE,https://doi.org/10.1016/j.cmpb.2024.108046,0,0,0,0,0,1,31.80878,9.636885,6.28091,3,3,2022–2025,0.5918429041841196,0.0,0.43153434697032894
535,2024,"S Yarlagadda, Y Zhang, et al.",Assessment of outcomes and machine Learning-based models to predict local failure risk following stereotactic radiosurgery for small brain metastases,1,0,0,0,0,1,1,1,0,0,0,1,0,0,0,0,0,0,0,0,0,0,0,0,0,0,0,0,0,0,0,0,0,0,0,0,0,0,0,0,0,0,0,0,0,0,0,0,0,ARTICLE,https://doi.org/10.1007/s11060-025-05092-z,0,0,0,0,0,1,31.949434,-7.9588113,3.2110693,2,2,2022–2025,0.2617659223854065,0.5052188006881673,0.0
536,2024,"K Najafian, B Rehany, et al.",Machine learning prediction of brain metastasis invasion pattern on brain magnetic resonance imaging scans,1,0,0,0,0,1,1,1,0,0,0,1,0,0,0,0,1,0,0,0,0,0,0,0,0,0,0,0,0,0,0,0,0,0,0,0,0,0,0,1,1,1,0,0,0,0,0,0,0,ARTICLE,https://doi.org/10.1093/noajnl/vdae200,0,0,0,0,0,1,32.03578,-7.721187,3.1150172,2,2,2022–2025,0.2617659223854065,0.5052188006881673,0.07024825618428081
537,2024,"SJ Cho, W Cho, et al.",Prediction of treatment response after stereotactic radiosurgery of brain metastasis using deep learning and radiomics on longitudinal MRI data,1,0,0,0,0,1,1,1,0,0,0,0,0,0,0,0,0,0,0,0,0,0,0,0,0,0,0,0,0,0,0,0,0,0,0,0,0,0,0,0,0,0,0,0,0,0,0,0,0,ARTICLE,https://doi.org/10.1038/s41598-024-60781-5,0,0,0,0,0,1,31.687168,-8.3934,3.5250797,2,2,2022–2025,0.2617659223854065,0.3320495350452222,0.0
538,2024,"JA Buchner, F Kofler, et al.",Radiomics-based prediction of local control in patients with brain metastases following postoperative stereotactic radiotherapy,1,0,0,0,0,1,1,1,0,0,0,0,0,0,0,0,0,0,0,0,0,0,0,0,0,0,0,0,0,0,0,0,0,0,0,0,0,0,0,0,0,0,0,0,0,0,0,0,0,ARTICLE,https://doi.org/10.1093/neuonc/noae098,0,0,0,0,0,1,31.810438,-8.398163,3.526685,2,2,2022–2025,0.2617659223854065,0.3320495350452222,0.0
539,2024,"H Kanakarajan, W De Baene, et al.","Predicting local control of brain metastases after stereotactic radiotherapy with clinical, radiomics and deep learning features",1,0,0,0,0,1,1,1,0,0,0,0,0,0,0,0,0,0,0,0,0,0,0,0,0,0,0,0,0,0,0,0,0,0,0,0,0,0,0,0,0,0,0,0,0,0,0,0,0,ARTICLE,https://doi.org/10.1186/s13014-024-02573-9,0,0,0,0,0,1,31.641724,-8.406301,3.431212,2,2,2022–2025,0.2617659223854065,0.3320495350452222,0.0
540,2024,"J Zhao, E Vaios, Y Wang, et al.",Dose-Incorporated Deep Ensemble Learning for Improving Brain Metastasis Stereotactic Radiosurgery Outcome Prediction,1,0,0,0,0,1,1,1,0,0,0,0,0,0,0,0,0,0,0,0,0,0,0,0,0,0,0,0,0,0,0,0,0,0,0,0,0,0,0,0,0,0,0,0,0,0,0,0,0,ARTICLE,https://doi.org/10.1016/j.ijrobp.2024.04.006,0,0,0,0,0,1,31.862959,-8.274553,3.4211175,2,2,2022–2025,0.2617659223854065,0.3320495350452222,0.0
541,2024,"J Weidner, I Ezhov,et al.",A Learnable Prior Improves Inverse Tumor Growth Modeling,1,0,1,0,1,1,1,1,0,0,0,0,0,0,0,0,0,0,0,1,0,0,0,0,0,0,0,0,0,0,0,0,0,0,0,0,0,0,0,0,0,0,0,0,0,0,0,0,0,ARTICLE,https://arxiv.org/abs/2403.04500,0,0,0,0,0,1,31.83211,-8.747517,3.347712,2,2,2022–2025,0.7369604896451338,0.3320495350452222,0.09584564469843923
542,2025,"EJ Kostelich, Y Xu, et al.",Mathematical modeling for glioblastoma treatment: scenario generation and validation for clinical patient counseling,1,0,1,0,0,0,1,1,0,0,0,0,0,0,0,0,1,1,0,1,1,1,0,1,1,0,0,0,0,0,0,0,0,0,0,0,0,0,0,1,0,1,0,0,0,0,0,0,0,ARTICLE,https://doi.org/10.3389/fonc.2025.1647144,0,0,0,0,0,1,33.687305,10.323476,6.5088134,1,1,2022–2025,0.31194780178604425,0.3320495350452222,0.5084555222679449
543,2025,"D Laslo, E Georgiou, et al.",Mechanistic Learning with Guided Diffusion Models to Predict Spatio-Temporal Brain Tumor Growth,1,1,0,0,1,1,1,1,0,0,0,1,0,0,0,0,1,1,0,1,1,0,0,0,0,0,0,0,0,0,0,0,0,0,0,0,0,0,0,1,0,1,0,0,0,0,0,0,0,ARTICLE,https://doi.org/10.48550/arXiv.2509.09610,0,0,0,0,0,1,31.86596,-7.987466,2.8843474,2,2,2022–2025,0.5714038612895636,0.5052188006881673,0.3095922232879316
544,2025,"OP Barabash, IP Polovinkin",A discrete model of glioma growth and spread,1,0,1,0,0,0,0,0,0,0,0,0,0,0,0,0,1,1,0,0,1,1,0,1,1,0,0,0,0,0,0,0,0,0,0,0,0,0,0,0,0,0,0,0,0,0,0,0,0,ARTICLE,https://doi.org/10.1007/s10598-025-09643-x,0,0,0,0,0,1,33.45282,9.399982,6.644183,1,3,2022–2025,0.31194780178604425,0.0,0.3538854625280591
545,2025,"C López-Mateu, M Gómez-Mahiques, et al.",Biomechanical Mapping of Tumor Growth: A Novel Method to Quantify Glioma Infiltration and Mass Effect,1,0,1,0,0,0,1,1,0,0,0,0,0,0,0,0,1,0,0,1,0,1,0,1,0,0,0,0,0,0,0,0,0,0,0,0,0,0,0,1,0,1,0,0,0,0,1,1,1,ARTICLE,https://doi.org/10.48550/arXiv.2505.17715,0,0,0,0,0,1,34.158474,9.600046,6.934691,1,1,2022–2025,0.31194780178604425,0.3320495350452222,0.3021232453684217
546,2025,"M Soleimani, HF Hounchonou, et al.",A diffusion-driven phase-field model for simulation of glioma growth,1,1,1,0,0,0,1,1,0,0,0,0,0,0,0,0,1,0,0,1,0,1,0,1,0,0,0,0,0,0,0,0,0,0,0,0,0,0,0,0,0,0,0,0,0,0,1,1,0,ARTICLE,https://doi.org/10.1080/10255842.2025.2544792,0,0,0,0,0,1,34.45734,8.924949,6.578362,1,3,2022–2025,0.45833897521651823,0.3320495350452222,0.2343289124730872
547,2025,"D Cerrone, D Riccobelli, et al.",Patient-specific prediction of glioblastoma growth via reduced order modeling and neural networks,1,0,1,0,1,1,1,1,0,0,0,0,0,0,0,0,0,0,0,1,1,1,0,1,1,0,0,0,0,0,0,0,0,0,0,0,0,0,0,1,0,1,0,0,0,0,1,0,1,ARTICLE,https://doi.org/10.1016/j.mbs.2025.109468,0,0,0,0,0,1,33.59222,10.462615,6.492018,1,1,2022–2025,0.7369604896451338,0.3320495350452222,0.5175254401218329
548,2025,"Z Zhao, NQK Le, et al.",AI-driven multi-modal framework for prognostic modeling in glioblastoma: Enhancing clinical decision support,1,0,0,0,0,1,1,1,0,1,0,1,0,0,0,0,0,0,0,0,0,0,0,0,0,0,0,0,0,0,0,0,0,0,0,0,1,1,1,1,1,1,0,0,0,0,0,0,0,ARTICLE,https://doi.org/10.1016/j.compmedimag.2025.102628,0,0,0,0,0,1,32.126217,-7.6141815,3.4442022,2,2,2022–2025,0.2617659223854065,0.6778234241602847,0.13360318245250866
549,2025,"R Onciul, F-M Brehar, et al.",Predicting overall survival in glioblastoma patients using machine learning: an analysis of treatment efficacy and patient prognosis,1,0,0,0,0,1,0,0,0,0,0,0,0,0,0,0,0,0,0,0,0,0,0,0,0,0,0,0,0,0,0,0,0,0,1,0,0,0,0,0,0,0,0,0,0,0,0,0,0,ARTICLE,https://doi.org/10.3389/fonc.2025.1539845,0,0,0,0,0,1,31.50691,-7.7738056,3.8824885,2,2,2022–2025,0.2617659223854065,0.0,0.0
550,2025,"J Liu, S Jiang, et al.",Deep learning-based radiomics and machine learning for prognostic assessment in IDH-wildtype glioblastoma after maximal safe surgical resection: a multicenter study,1,0,0,0,0,1,1,1,1,0,0,1,0,0,0,0,1,0,0,0,0,0,0,0,0,0,0,0,0,0,0,0,0,0,0,0,1,0,0,1,0,0,0,0,0,0,0,0,0,ARTICLE,https://doi.org/10.1097/js9.0000000000002488,0,0,0,0,0,1,31.964994,-7.926749,3.1846423,2,2,2022–2025,0.2617659223854065,0.6119861653815786,0.0
551,2025,"S Saxena, NK Dubey, et al.",IMG-15. A Synergistic AI Framework using Graph and Texture for Non-Invasive Survival Prediction in IDH-Wild-Type Glioblastoma Multiforme,1,0,0,0,0,1,1,1,0,0,0,1,0,0,0,0,1,0,0,0,0,0,0,0,0,0,0,0,0,0,0,0,0,0,0,0,1,0,0,1,0,0,0,0,0,0,0,0,0,ARTICLE,https://doi.org/10.1093/neuonc/noaf201.1094,0,0,0,0,0,1,31.970486,-7.899626,3.1623344,2,2,2022–2025,0.2617659223854065,0.5052188006881673,0.0
552,2025,"F Yu, J Guo, et al.",IMG-66. Self-supervised multimodal learning for survival prediction in glioblastoma: a multicenter study from the ReSPOND consortium,1,0,0,0,0,1,1,1,0,0,0,1,0,0,0,0,1,0,0,0,0,0,0,0,0,0,0,0,0,0,0,0,0,0,0,0,1,0,0,1,0,0,0,0,0,0,0,0,0,ARTICLE,https://doi.org/10.1093/neuonc/noaf201.1145,0,0,0,0,0,1,31.943449,-7.880944,3.2452705,2,2,2022–2025,0.2617659223854065,0.5052188006881673,0.0
553,2025,"P Xu, W Liu, H Su, et al.",Deep learning-based survival prediction model for adult diffuse low-grade glioma: a multi-cohort validation study,1,0,0,0,0,1,1,1,0,1,0,1,0,0,0,0,1,0,0,0,0,0,0,0,0,0,0,0,0,0,0,0,0,0,0,0,1,0,0,1,0,0,0,0,0,0,0,0,0,ARTICLE,https://doi.org/10.1007/s12672-025-03613-w,0,0,0,0,0,1,32.02173,-7.94619,3.2210672,2,2,2022–2025,0.2617659223854065,0.6778234241602847,0.0
554,2025,"S Buzdugan, M Mazher, D Puig","Radiogenomics for Glioblastoma Survival Prediction: Integrating Radiomics, Clinical, and Genomic Features Using Artificial Intelligence",1,0,0,0,0,1,1,1,0,1,0,1,0,0,0,0,1,0,0,0,0,0,0,0,0,0,0,0,0,0,0,0,0,0,0,0,1,0,0,1,0,0,0,0,0,0,0,0,0,ARTICLE,https://doi.org/10.1007/s10278-025-01692-3,0,0,0,0,0,1,32.093445,-7.881743,3.2199314,2,2,2022–2025,0.2617659223854065,0.6778234241602847,0.0
555,2025,"Q Zhou, X Tian, et al.",Transformer-based deep learning for predicting brain tumor recurrence using magnetic resonance imaging,1,0,0,0,0,1,1,1,0,1,0,1,0,0,0,0,1,0,0,0,0,0,0,0,0,0,0,0,0,0,0,0,0,0,0,0,1,0,0,1,0,0,0,0,0,0,0,0,0,ARTICLE,https://doi.org/10.1002/mp.70016,0,0,0,0,0,1,32.030354,-7.884375,3.1868553,2,2,2022–2025,0.2617659223854065,0.6778234241602847,0.0
556,2025,"J Lee, J Jang, et al.","GlioSurv: interpretable transformer for multimodal, individualized survival prediction in diffuse glioma",1,0,0,0,0,1,1,1,0,0,0,1,0,0,0,0,1,0,0,0,0,0,0,0,0,0,0,0,0,0,0,0,0,0,0,0,0,0,0,0,0,0,0,0,0,0,0,0,0,ARTICLE,https://doi.org/10.1038/s41746-025-02018-x,0,0,0,0,0,1,32.079365,-7.8885264,3.2327945,2,2,2022–2025,0.2617659223854065,0.5052188006881673,0.0
557,2025,"M Renugadevi, V Gonuguntla, et al.",GlioSurvQNet: A DuelContextAttn DQN Framework for Brain Tumor Prognosis with Metaheuristic Optimization,1,0,0,0,0,1,1,1,0,0,0,1,0,0,0,0,1,0,0,0,0,0,0,0,0,0,0,0,0,0,0,0,0,0,0,0,0,0,0,0,0,0,0,0,0,0,0,0,0,ARTICLE,https://doi.org/10.3390/diagnostics15182304,0,0,0,0,0,1,32.056595,-7.890471,3.26756,2,2,2022–2025,0.2617659223854065,0.5052188006881673,0.0
558,2025,"CC Volova, CG Buzea, et al.",Hybrid Deep Learning for Survival Prediction in Brain Metastases Using Multimodal MRI and Clinical Data,1,0,0,0,0,1,1,1,0,0,0,1,0,0,0,0,1,0,0,0,0,0,0,0,0,0,0,0,0,0,0,0,0,0,0,0,0,0,0,0,0,0,0,0,0,0,0,0,0,ARTICLE,https://doi.org/10.3390/diagnostics15101242,0,0,0,0,0,1,32.109665,-7.9412827,3.3564382,2,2,2022–2025,0.2617659223854065,0.5052188006881673,0.0
559,2025,"T Öznacar, IP Aral, HY Zengin, et al.",Survival Prediction in Brain Metastasis Patients Treated with Stereotactic Radiosurgery: A Hybrid Machine Learning Approach,1,0,0,0,1,1,1,1,0,0,0,1,0,0,0,0,1,0,0,0,0,0,0,0,0,0,0,0,0,0,0,0,0,0,0,0,0,0,0,0,0,0,0,0,0,0,0,0,0,ARTICLE,https://doi.org/10.3390/brainsci15030266,0,0,0,0,0,1,32.012524,-7.979108,3.0390067,2,2,2022–2025,0.42501268785908963,0.5052188006881673,0.0
560,2025,"Y Cao, H-R Cherng, et al.",Interpretable AI-assisted clinical decision making for treatment selection for brain metastases in radiation therapy,1,0,0,0,0,1,1,1,0,1,0,1,0,0,0,0,1,0,0,0,0,1,0,0,0,0,0,0,0,0,0,0,0,0,0,0,0,0,0,0,0,0,0,0,0,0,0,0,0,ARTICLE,https://doi.org/10.1002/mp.17844,0,0,0,0,0,1,32.11346,-7.913611,3.1634974,2,2,2022–2025,0.2617659223854065,0.6778234241602847,0.0
561,2025,"R Li, Z Liu",Machine Learning-based Prognostic Model for Brain Metastasis Patients: Insights from Blood Test Analysis,1,0,0,0,0,1,1,0,0,0,1,1,0,0,0,0,0,0,0,0,0,0,0,0,0,0,0,0,0,0,0,0,0,0,0,0,0,0,0,0,0,0,0,0,0,0,0,0,0,ARTICLE,https://doi.org/10.7150/jca.103847,0,0,0,0,0,1,31.968098,-7.7657647,3.4843247,2,2,2022–2025,0.2617659223854065,0.1808921377534945,0.0
562,2025,"RZ Zhang, I Ezhov, et al.","Personalized predictions of Glioblastoma infiltration: Mathematical models, Physics-Informed Neural Networks and multimodal scans",1,0,1,0,1,1,1,1,0,0,0,0,1,0,0,0,1,1,0,0,1,1,0,0,1,0,0,0,0,0,0,0,0,0,0,0,0,0,0,0,0,0,0,0,0,0,0,0,0,ARTICLE,https://doi.org/10.1016/j.media.2024.103423,0,0,0,0,0,1,34.22784,9.615914,6.450334,1,1,2022–2025,0.7369604896451338,0.43898097655421636,0.24977845608481788
563,2025,"F Ballatore, X Ruan, et al.",A phenotype-structured reaction-diffusion model of avascular glioma growth,1,0,1,0,0,0,1,1,1,0,0,0,0,0,0,0,1,1,0,0,1,1,0,0,1,0,0,0,0,0,0,0,0,0,0,0,1,1,1,1,1,1,1,1,0,0,0,0,0,ARTICLE,https://arxiv.org/abs/2509.22519,0,0,0,0,0,1,33.84235,9.628967,6.6759295,1,1,2022–2025,0.31194780178604425,0.4388168997386336,0.3945431265871322
564,2025,"Z Liu, J Zhang, et al.",Multiscale mathematical model-informed reinforcement learning optimizes combination treatment scheduling in glioblastoma evolution,1,0,1,1,1,1,1,0,0,0,0,0,0,0,0,0,1,1,0,0,1,0,0,0,0,0,0,0,0,0,0,0,0,0,0,0,0,0,0,1,0,1,0,0,1,1,0,0,0,ARTICLE,https://doi.org/10.1126/sciadv.adv3316,0,0,0,0,0,1,32.243748,8.440946,7.382037,3,4,2022–2025,0.8536088265695261,0.0,0.27032633690916225
565,2025,"M Kapteyn, A Chaudhuri, et al.",TumorTwin: A python framework for patient-specific digital twins in oncology,1,0,0,0,1,1,1,1,0,0,0,0,0,0,0,0,0,0,0,0,0,0,0,0,0,0,0,0,0,0,0,0,0,0,0,0,0,0,0,0,0,0,0,0,0,0,0,0,0,ARTICLE,https://arxiv.org/abs/2505.00670,0,0,0,0,0,1,31.80219,-8.440904,3.4018033,2,2,2022–2025,0.42501268785908963,0.3320495350452222,0.0
566,2025,"M Bhattacharya, G Singh, P Prasanna",SoC-DT: Standard-of-Care Aligned Digital Twins for Patient-Specific Tumor Dynamics,1,0,1,0,1,1,1,1,0,0,0,1,0,0,0,0,1,1,0,1,0,0,0,0,0,0,0,0,0,0,0,0,0,0,0,0,0,0,0,0,0,0,0,0,0,0,0,0,0,ARTICLE,https://arxiv.org/abs/2510.03287,0,0,0,0,0,1,31.88665,-8.372249,3.0358002,2,2,2022–2025,0.7369604896451338,0.5052188006881673,0.09584564469843923
567,2025,"J Zhao, E Vaios, et al.",Radiogenomic explainable AI with neural ordinary differential equation for identifying post-SRS brain metastasis radionecrosis,1,1,0,0,0,1,1,1,0,0,0,1,0,0,0,0,0,0,0,0,0,0,0,0,0,0,0,0,0,0,0,0,0,0,0,0,0,0,0,0,0,0,0,0,0,0,0,0,0,ARTICLE,https://doi.org/10.1002/mp.17635,0,0,0,0,0,1,32.044502,-7.9617143,3.0731108,2,2,2022–2025,0.4081570958158805,0.5052188006881673,0.0
